protein_id,pdb_id,chain,position,wt_residue,mut_residue,experimental_ddg,mutation_id,pdb_residue_id,pdb_path
O74035,1IO2,A,6,I,A,2.92,I6A,6,/mnt/d/Proga/OpenFold_codex/OpenFold3_project/data/raw/fireprot_upload/pdbs/1IO2.pdb
O74035,1IO2,A,7,D,N,-1.085,D7N,7,/mnt/d/Proga/OpenFold_codex/OpenFold3_project/data/raw/fireprot_upload/pdbs/1IO2.pdb
O74035,1IO2,A,8,E,A,-2.35,E8A,8,/mnt/d/Proga/OpenFold_codex/OpenFold3_project/data/raw/fireprot_upload/pdbs/1IO2.pdb
O74035,1IO2,A,8,E,Q,-0.8999999999999999,E8Q,8,/mnt/d/Proga/OpenFold_codex/OpenFold3_project/data/raw/fireprot_upload/pdbs/1IO2.pdb
O74035,1IO2,A,15,I,A,2.13,I15A,15,/mnt/d/Proga/OpenFold_codex/OpenFold3_project/data/raw/fireprot_upload/pdbs/1IO2.pdb
O74035,1IO2,A,20,I,A,4.42,I20A,20,/mnt/d/Proga/OpenFold_codex/OpenFold3_project/data/raw/fireprot_upload/pdbs/1IO2.pdb
O74035,1IO2,A,33,L,A,4.54,L33A,33,/mnt/d/Proga/OpenFold_codex/OpenFold3_project/data/raw/fireprot_upload/pdbs/1IO2.pdb
O74035,1IO2,A,56,I,A,3.97,I56A,56,/mnt/d/Proga/OpenFold_codex/OpenFold3_project/data/raw/fireprot_upload/pdbs/1IO2.pdb
O74035,1IO2,A,92,L,A,2.87,L92A,92,/mnt/d/Proga/OpenFold_codex/OpenFold3_project/data/raw/fireprot_upload/pdbs/1IO2.pdb
O74035,1IO2,A,102,I,A,4.04,I102A,102,/mnt/d/Proga/OpenFold_codex/OpenFold3_project/data/raw/fireprot_upload/pdbs/1IO2.pdb
O74035,1IO2,A,105,D,A,-1.64,D105A,105,/mnt/d/Proga/OpenFold_codex/OpenFold3_project/data/raw/fireprot_upload/pdbs/1IO2.pdb
O74035,1IO2,A,118,L,A,5.26,L118A,118,/mnt/d/Proga/OpenFold_codex/OpenFold3_project/data/raw/fireprot_upload/pdbs/1IO2.pdb
O74035,1IO2,A,135,D,A,-2.18,D135A,135,/mnt/d/Proga/OpenFold_codex/OpenFold3_project/data/raw/fireprot_upload/pdbs/1IO2.pdb
O74035,1IO2,A,147,L,A,2.61,L147A,147,/mnt/d/Proga/OpenFold_codex/OpenFold3_project/data/raw/fireprot_upload/pdbs/1IO2.pdb
P00004,1HRC,A,27,H,V,3.8,H27V,26,/mnt/d/Proga/OpenFold_codex/OpenFold3_project/data/raw/fireprot_upload/pdbs/1HRC.pdb
P00004,1HRC,A,31,P,A,5.7,P31A,30,/mnt/d/Proga/OpenFold_codex/OpenFold3_project/data/raw/fireprot_upload/pdbs/1HRC.pdb
P00004,1HRC,A,31,P,V,5.0,P31V,30,/mnt/d/Proga/OpenFold_codex/OpenFold3_project/data/raw/fireprot_upload/pdbs/1HRC.pdb
P00004,1HRC,A,34,H,F,-0.7,H34F,33,/mnt/d/Proga/OpenFold_codex/OpenFold3_project/data/raw/fireprot_upload/pdbs/1HRC.pdb
P00004,1HRC,A,34,H,N,-0.6666666666666666,H34N,33,/mnt/d/Proga/OpenFold_codex/OpenFold3_project/data/raw/fireprot_upload/pdbs/1HRC.pdb
P00004,1HRC,A,53,N,I,3.1,N53I,52,/mnt/d/Proga/OpenFold_codex/OpenFold3_project/data/raw/fireprot_upload/pdbs/1HRC.pdb
P00004,1HRC,A,68,Y,F,2.3,Y68F,67,/mnt/d/Proga/OpenFold_codex/OpenFold3_project/data/raw/fireprot_upload/pdbs/1HRC.pdb
P00004,1HRC,A,95,L,A,3.5,L95A,94,/mnt/d/Proga/OpenFold_codex/OpenFold3_project/data/raw/fireprot_upload/pdbs/1HRC.pdb
P00004,1HRC,A,95,L,I,-0.2,L95I,94,/mnt/d/Proga/OpenFold_codex/OpenFold3_project/data/raw/fireprot_upload/pdbs/1HRC.pdb
P00004,1HRC,A,95,L,V,0.8,L95V,94,/mnt/d/Proga/OpenFold_codex/OpenFold3_project/data/raw/fireprot_upload/pdbs/1HRC.pdb
P00025,1CYC,A,74,K,F,1.15,K74F,73,/mnt/d/Proga/OpenFold_codex/OpenFold3_project/data/raw/fireprot_upload/pdbs/1CYC.pdb
P00025,1CYC,A,74,K,M,1.0,K74M,73,/mnt/d/Proga/OpenFold_codex/OpenFold3_project/data/raw/fireprot_upload/pdbs/1CYC.pdb
P00025,1CYC,A,74,K,W,1.43,K74W,73,/mnt/d/Proga/OpenFold_codex/OpenFold3_project/data/raw/fireprot_upload/pdbs/1CYC.pdb
P00025,1CYC,A,74,K,Y,1.05,K74Y,73,/mnt/d/Proga/OpenFold_codex/OpenFold3_project/data/raw/fireprot_upload/pdbs/1CYC.pdb
P00094,1C2R,A,33,K,D,1.2000000000000002,K33D,12,/mnt/d/Proga/OpenFold_codex/OpenFold3_project/data/raw/fireprot_upload/pdbs/1C2R.pdb
P00094,1C2R,A,35,K,E,1.1,K35E,14,/mnt/d/Proga/OpenFold_codex/OpenFold3_project/data/raw/fireprot_upload/pdbs/1C2R.pdb
P00094,1C2R,A,53,K,E,-0.3,K53E,32,/mnt/d/Proga/OpenFold_codex/OpenFold3_project/data/raw/fireprot_upload/pdbs/1C2R.pdb
P00094,1C2R,A,55,G,S,2.2,G55S,34,/mnt/d/Proga/OpenFold_codex/OpenFold3_project/data/raw/fireprot_upload/pdbs/1C2R.pdb
P00094,1C2R,A,56,P,A,2.0,P56A,35,/mnt/d/Proga/OpenFold_codex/OpenFold3_project/data/raw/fireprot_upload/pdbs/1C2R.pdb
P00094,1C2R,A,96,Y,C,1.5166666666666666,Y96C,75,/mnt/d/Proga/OpenFold_codex/OpenFold3_project/data/raw/fireprot_upload/pdbs/1C2R.pdb
P00094,1C2R,A,96,Y,F,0.33,Y96F,75,/mnt/d/Proga/OpenFold_codex/OpenFold3_project/data/raw/fireprot_upload/pdbs/1C2R.pdb
P00099,451C,A,29,F,A,-1.1,F29A,7,/mnt/d/Proga/OpenFold_codex/OpenFold3_project/data/raw/fireprot_upload/pdbs/451C.pdb
P00099,451C,A,35,V,M,-0.4,V35M,13,/mnt/d/Proga/OpenFold_codex/OpenFold3_project/data/raw/fireprot_upload/pdbs/451C.pdb
P00099,451C,A,56,F,Y,-1.615,F56Y,34,/mnt/d/Proga/OpenFold_codex/OpenFold3_project/data/raw/fireprot_upload/pdbs/451C.pdb
P00099,451C,A,59,Q,R,-0.5,Q59R,37,/mnt/d/Proga/OpenFold_codex/OpenFold3_project/data/raw/fireprot_upload/pdbs/451C.pdb
P00099,451C,A,65,E,Y,-0.865,E65Y,43,/mnt/d/Proga/OpenFold_codex/OpenFold3_project/data/raw/fireprot_upload/pdbs/451C.pdb
P00099,451C,A,78,W,F,1.9,W78F,56,/mnt/d/Proga/OpenFold_codex/OpenFold3_project/data/raw/fireprot_upload/pdbs/451C.pdb
P00099,451C,A,92,E,Q,0.1333333333333333,E92Q,70,/mnt/d/Proga/OpenFold_codex/OpenFold3_project/data/raw/fireprot_upload/pdbs/451C.pdb
P00099,451C,A,92,E,V,1.1333333333333333,E92V,70,/mnt/d/Proga/OpenFold_codex/OpenFold3_project/data/raw/fireprot_upload/pdbs/451C.pdb
P00099,451C,A,99,W,F,1.2,W99F,77,/mnt/d/Proga/OpenFold_codex/OpenFold3_project/data/raw/fireprot_upload/pdbs/451C.pdb
P00099,451C,A,100,V,I,-0.85,V100I,78,/mnt/d/Proga/OpenFold_codex/OpenFold3_project/data/raw/fireprot_upload/pdbs/451C.pdb
P00171,1CYO,A,40,F,H,3.11,F40H,35,/mnt/d/Proga/OpenFold_codex/OpenFold3_project/data/raw/fireprot_upload/pdbs/1CYO.pdb
P00171,1CYO,A,40,F,L,1.87,F40L,35,/mnt/d/Proga/OpenFold_codex/OpenFold3_project/data/raw/fireprot_upload/pdbs/1CYO.pdb
P00171,1CYO,A,40,F,Y,-0.64,F40Y,35,/mnt/d/Proga/OpenFold_codex/OpenFold3_project/data/raw/fireprot_upload/pdbs/1CYO.pdb
P00171,1CYO,A,50,V,E,2.3800000000000003,V50E,45,/mnt/d/Proga/OpenFold_codex/OpenFold3_project/data/raw/fireprot_upload/pdbs/1CYO.pdb
P00171,1CYO,A,50,V,G,1.9,V50G,45,/mnt/d/Proga/OpenFold_codex/OpenFold3_project/data/raw/fireprot_upload/pdbs/1CYO.pdb
P00171,1CYO,A,50,V,H,1.4575,V50H,45,/mnt/d/Proga/OpenFold_codex/OpenFold3_project/data/raw/fireprot_upload/pdbs/1CYO.pdb
P00171,1CYO,A,50,V,T,1.0,V50T,45,/mnt/d/Proga/OpenFold_codex/OpenFold3_project/data/raw/fireprot_upload/pdbs/1CYO.pdb
P00171,1CYO,A,50,V,Y,1.54,V50Y,45,/mnt/d/Proga/OpenFold_codex/OpenFold3_project/data/raw/fireprot_upload/pdbs/1CYO.pdb
P00171,1CYO,A,66,V,E,1.0750000000000002,V66E,61,/mnt/d/Proga/OpenFold_codex/OpenFold3_project/data/raw/fireprot_upload/pdbs/1CYO.pdb
P00171,1CYO,A,66,V,H,1.615,V66H,61,/mnt/d/Proga/OpenFold_codex/OpenFold3_project/data/raw/fireprot_upload/pdbs/1CYO.pdb
P00171,1CYO,A,66,V,K,2.365,V66K,61,/mnt/d/Proga/OpenFold_codex/OpenFold3_project/data/raw/fireprot_upload/pdbs/1CYO.pdb
P00171,1CYO,A,66,V,Y,1.315,V66Y,61,/mnt/d/Proga/OpenFold_codex/OpenFold3_project/data/raw/fireprot_upload/pdbs/1CYO.pdb
P00171,1CYO,A,76,S,L,-0.8,S76L,71,/mnt/d/Proga/OpenFold_codex/OpenFold3_project/data/raw/fireprot_upload/pdbs/1CYO.pdb
P00173,1IET,A,65,D,R,-0.1,D65R,60,/mnt/d/Proga/OpenFold_codex/OpenFold3_project/data/raw/fireprot_upload/pdbs/1IET.pdb
P00560,3PGK,A,49,Y,W,2.0716666666666668,Y49W,48,/mnt/d/Proga/OpenFold_codex/OpenFold3_project/data/raw/fireprot_upload/pdbs/3PGK.pdb
P00560,3PGK,A,123,Y,W,2.47,Y123W,122,/mnt/d/Proga/OpenFold_codex/OpenFold3_project/data/raw/fireprot_upload/pdbs/3PGK.pdb
P00560,3PGK,A,195,F,W,0.4399999999999999,F195W,194,/mnt/d/Proga/OpenFold_codex/OpenFold3_project/data/raw/fireprot_upload/pdbs/3PGK.pdb
P00560,3PGK,A,309,W,F,3.28,W309F,308,/mnt/d/Proga/OpenFold_codex/OpenFold3_project/data/raw/fireprot_upload/pdbs/3PGK.pdb
P00560,3PGK,A,309,W,Y,1.3075,W309Y,308,/mnt/d/Proga/OpenFold_codex/OpenFold3_project/data/raw/fireprot_upload/pdbs/3PGK.pdb
P00560,3PGK,A,334,W,F,0.9675,W334F,333,/mnt/d/Proga/OpenFold_codex/OpenFold3_project/data/raw/fireprot_upload/pdbs/3PGK.pdb
P00560,3PGK,A,334,W,Y,1.3066666666666664,W334Y,333,/mnt/d/Proga/OpenFold_codex/OpenFold3_project/data/raw/fireprot_upload/pdbs/3PGK.pdb
P00560,3PGK,A,389,H,Q,0.84,H389Q,388,/mnt/d/Proga/OpenFold_codex/OpenFold3_project/data/raw/fireprot_upload/pdbs/3PGK.pdb
P00560,3PGK,A,400,L,W,3.6475,L400W,399,/mnt/d/Proga/OpenFold_codex/OpenFold3_project/data/raw/fireprot_upload/pdbs/3PGK.pdb
P00593,1G4I,A,44,F,A,-0.35,F44A,22,/mnt/d/Proga/OpenFold_codex/OpenFold3_project/data/raw/fireprot_upload/pdbs/1G4I.pdb
P00593,1G4I,A,44,F,I,-2.05,F44I,22,/mnt/d/Proga/OpenFold_codex/OpenFold3_project/data/raw/fireprot_upload/pdbs/1G4I.pdb
P00593,1G4I,A,44,F,Y,-1.15,F44Y,22,/mnt/d/Proga/OpenFold_codex/OpenFold3_project/data/raw/fireprot_upload/pdbs/1G4I.pdb
P00593,1G4I,A,70,H,A,1.9,H70A,48,/mnt/d/Proga/OpenFold_codex/OpenFold3_project/data/raw/fireprot_upload/pdbs/1G4I.pdb
P00593,1G4I,A,70,H,N,2.4,H70N,48,/mnt/d/Proga/OpenFold_codex/OpenFold3_project/data/raw/fireprot_upload/pdbs/1G4I.pdb
P00593,1G4I,A,70,H,Q,0.5,H70Q,48,/mnt/d/Proga/OpenFold_codex/OpenFold3_project/data/raw/fireprot_upload/pdbs/1G4I.pdb
P00593,1G4I,A,128,F,A,1.05,F128A,106,/mnt/d/Proga/OpenFold_codex/OpenFold3_project/data/raw/fireprot_upload/pdbs/1G4I.pdb
P00593,1G4I,A,128,F,I,-1.4,F128I,106,/mnt/d/Proga/OpenFold_codex/OpenFold3_project/data/raw/fireprot_upload/pdbs/1G4I.pdb
P00593,1G4I,A,128,F,Y,-0.35,F128Y,106,/mnt/d/Proga/OpenFold_codex/OpenFold3_project/data/raw/fireprot_upload/pdbs/1G4I.pdb
P00644,1EY0,A,88,K,A,-0.25,K88A,6,/mnt/d/Proga/OpenFold_codex/OpenFold3_project/data/raw/fireprot_upload/pdbs/1EY0.pdb
P00644,1EY0,A,88,K,G,-0.25,K88G,6,/mnt/d/Proga/OpenFold_codex/OpenFold3_project/data/raw/fireprot_upload/pdbs/1EY0.pdb
P00644,1EY0,A,89,L,A,1.8666666666666665,L89A,7,/mnt/d/Proga/OpenFold_codex/OpenFold3_project/data/raw/fireprot_upload/pdbs/1EY0.pdb
P00644,1EY0,A,89,L,F,1.2,L89F,7,/mnt/d/Proga/OpenFold_codex/OpenFold3_project/data/raw/fireprot_upload/pdbs/1EY0.pdb
P00644,1EY0,A,89,L,G,2.0,L89G,7,/mnt/d/Proga/OpenFold_codex/OpenFold3_project/data/raw/fireprot_upload/pdbs/1EY0.pdb
P00644,1EY0,A,89,L,I,0.9,L89I,7,/mnt/d/Proga/OpenFold_codex/OpenFold3_project/data/raw/fireprot_upload/pdbs/1EY0.pdb
P00644,1EY0,A,89,L,V,1.25,L89V,7,/mnt/d/Proga/OpenFold_codex/OpenFold3_project/data/raw/fireprot_upload/pdbs/1EY0.pdb
P00644,1EY0,A,90,H,A,0.45,H90A,8,/mnt/d/Proga/OpenFold_codex/OpenFold3_project/data/raw/fireprot_upload/pdbs/1EY0.pdb
P00644,1EY0,A,90,H,G,0.8,H90G,8,/mnt/d/Proga/OpenFold_codex/OpenFold3_project/data/raw/fireprot_upload/pdbs/1EY0.pdb
P00644,1EY0,A,91,K,A,1.4,K91A,9,/mnt/d/Proga/OpenFold_codex/OpenFold3_project/data/raw/fireprot_upload/pdbs/1EY0.pdb
P00644,1EY0,A,91,K,F,1.1,K91F,9,/mnt/d/Proga/OpenFold_codex/OpenFold3_project/data/raw/fireprot_upload/pdbs/1EY0.pdb
P00644,1EY0,A,91,K,G,1.9,K91G,9,/mnt/d/Proga/OpenFold_codex/OpenFold3_project/data/raw/fireprot_upload/pdbs/1EY0.pdb
P00644,1EY0,A,92,E,A,1.3,E92A,10,/mnt/d/Proga/OpenFold_codex/OpenFold3_project/data/raw/fireprot_upload/pdbs/1EY0.pdb
P00644,1EY0,A,92,E,G,1.85,E92G,10,/mnt/d/Proga/OpenFold_codex/OpenFold3_project/data/raw/fireprot_upload/pdbs/1EY0.pdb
P00644,1EY0,A,92,E,K,2.1,E92K,10,/mnt/d/Proga/OpenFold_codex/OpenFold3_project/data/raw/fireprot_upload/pdbs/1EY0.pdb
P00644,1EY0,A,92,E,Q,1.15,E92Q,10,/mnt/d/Proga/OpenFold_codex/OpenFold3_project/data/raw/fireprot_upload/pdbs/1EY0.pdb
P00644,1EY0,A,93,P,A,0.4,P93A,11,/mnt/d/Proga/OpenFold_codex/OpenFold3_project/data/raw/fireprot_upload/pdbs/1EY0.pdb
P00644,1EY0,A,93,P,F,0.6,P93F,11,/mnt/d/Proga/OpenFold_codex/OpenFold3_project/data/raw/fireprot_upload/pdbs/1EY0.pdb
P00644,1EY0,A,93,P,G,1.0,P93G,11,/mnt/d/Proga/OpenFold_codex/OpenFold3_project/data/raw/fireprot_upload/pdbs/1EY0.pdb
P00644,1EY0,A,94,A,G,2.45,A94G,12,/mnt/d/Proga/OpenFold_codex/OpenFold3_project/data/raw/fireprot_upload/pdbs/1EY0.pdb
P00644,1EY0,A,94,A,V,1.0,A94V,12,/mnt/d/Proga/OpenFold_codex/OpenFold3_project/data/raw/fireprot_upload/pdbs/1EY0.pdb
P00644,1EY0,A,95,T,A,0.7,T95A,13,/mnt/d/Proga/OpenFold_codex/OpenFold3_project/data/raw/fireprot_upload/pdbs/1EY0.pdb
P00644,1EY0,A,95,T,C,1.2999999999999998,T95C,13,/mnt/d/Proga/OpenFold_codex/OpenFold3_project/data/raw/fireprot_upload/pdbs/1EY0.pdb
P00644,1EY0,A,95,T,G,1.15,T95G,13,/mnt/d/Proga/OpenFold_codex/OpenFold3_project/data/raw/fireprot_upload/pdbs/1EY0.pdb
P00644,1EY0,A,95,T,I,0.1,T95I,13,/mnt/d/Proga/OpenFold_codex/OpenFold3_project/data/raw/fireprot_upload/pdbs/1EY0.pdb
P00644,1EY0,A,95,T,S,0.3,T95S,13,/mnt/d/Proga/OpenFold_codex/OpenFold3_project/data/raw/fireprot_upload/pdbs/1EY0.pdb
P00644,1EY0,A,95,T,V,0.35,T95V,13,/mnt/d/Proga/OpenFold_codex/OpenFold3_project/data/raw/fireprot_upload/pdbs/1EY0.pdb
P00644,1EY0,A,96,L,A,2.35,L96A,14,/mnt/d/Proga/OpenFold_codex/OpenFold3_project/data/raw/fireprot_upload/pdbs/1EY0.pdb
P00644,1EY0,A,96,L,G,3.75,L96G,14,/mnt/d/Proga/OpenFold_codex/OpenFold3_project/data/raw/fireprot_upload/pdbs/1EY0.pdb
P00644,1EY0,A,96,L,I,1.55,L96I,14,/mnt/d/Proga/OpenFold_codex/OpenFold3_project/data/raw/fireprot_upload/pdbs/1EY0.pdb
P00644,1EY0,A,96,L,V,1.55,L96V,14,/mnt/d/Proga/OpenFold_codex/OpenFold3_project/data/raw/fireprot_upload/pdbs/1EY0.pdb
P00644,1EY0,A,97,I,A,2.6500000000000004,I97A,15,/mnt/d/Proga/OpenFold_codex/OpenFold3_project/data/raw/fireprot_upload/pdbs/1EY0.pdb
P00644,1EY0,A,97,I,G,3.35,I97G,15,/mnt/d/Proga/OpenFold_codex/OpenFold3_project/data/raw/fireprot_upload/pdbs/1EY0.pdb
P00644,1EY0,A,97,I,L,0.6,I97L,15,/mnt/d/Proga/OpenFold_codex/OpenFold3_project/data/raw/fireprot_upload/pdbs/1EY0.pdb
P00644,1EY0,A,97,I,M,0.2,I97M,15,/mnt/d/Proga/OpenFold_codex/OpenFold3_project/data/raw/fireprot_upload/pdbs/1EY0.pdb
P00644,1EY0,A,97,I,V,0.8500000000000001,I97V,15,/mnt/d/Proga/OpenFold_codex/OpenFold3_project/data/raw/fireprot_upload/pdbs/1EY0.pdb
P00644,1EY0,A,98,K,A,0.15,K98A,16,/mnt/d/Proga/OpenFold_codex/OpenFold3_project/data/raw/fireprot_upload/pdbs/1EY0.pdb
P00644,1EY0,A,98,K,F,0.45,K98F,16,/mnt/d/Proga/OpenFold_codex/OpenFold3_project/data/raw/fireprot_upload/pdbs/1EY0.pdb
P00644,1EY0,A,98,K,G,0.75,K98G,16,/mnt/d/Proga/OpenFold_codex/OpenFold3_project/data/raw/fireprot_upload/pdbs/1EY0.pdb
P00644,1EY0,A,99,A,G,0.25,A99G,17,/mnt/d/Proga/OpenFold_codex/OpenFold3_project/data/raw/fireprot_upload/pdbs/1EY0.pdb
P00644,1EY0,A,99,A,V,1.9,A99V,17,/mnt/d/Proga/OpenFold_codex/OpenFold3_project/data/raw/fireprot_upload/pdbs/1EY0.pdb
P00644,1EY0,A,100,I,A,2.55,I100A,18,/mnt/d/Proga/OpenFold_codex/OpenFold3_project/data/raw/fireprot_upload/pdbs/1EY0.pdb
P00644,1EY0,A,100,I,G,2.55,I100G,18,/mnt/d/Proga/OpenFold_codex/OpenFold3_project/data/raw/fireprot_upload/pdbs/1EY0.pdb
P00644,1EY0,A,100,I,L,0.15,I100L,18,/mnt/d/Proga/OpenFold_codex/OpenFold3_project/data/raw/fireprot_upload/pdbs/1EY0.pdb
P00644,1EY0,A,100,I,M,0.6,I100M,18,/mnt/d/Proga/OpenFold_codex/OpenFold3_project/data/raw/fireprot_upload/pdbs/1EY0.pdb
P00644,1EY0,A,100,I,V,1.05,I100V,18,/mnt/d/Proga/OpenFold_codex/OpenFold3_project/data/raw/fireprot_upload/pdbs/1EY0.pdb
P00644,1EY0,A,101,D,A,0.1,D101A,19,/mnt/d/Proga/OpenFold_codex/OpenFold3_project/data/raw/fireprot_upload/pdbs/1EY0.pdb
P00644,1EY0,A,101,D,F,1.4,D101F,19,/mnt/d/Proga/OpenFold_codex/OpenFold3_project/data/raw/fireprot_upload/pdbs/1EY0.pdb
P00644,1EY0,A,101,D,G,0.4000000000000001,D101G,19,/mnt/d/Proga/OpenFold_codex/OpenFold3_project/data/raw/fireprot_upload/pdbs/1EY0.pdb
P00644,1EY0,A,101,D,K,0.35,D101K,19,/mnt/d/Proga/OpenFold_codex/OpenFold3_project/data/raw/fireprot_upload/pdbs/1EY0.pdb
P00644,1EY0,A,101,D,N,0.15,D101N,19,/mnt/d/Proga/OpenFold_codex/OpenFold3_project/data/raw/fireprot_upload/pdbs/1EY0.pdb
P00644,1EY0,A,102,G,A,0.2,G102A,20,/mnt/d/Proga/OpenFold_codex/OpenFold3_project/data/raw/fireprot_upload/pdbs/1EY0.pdb
P00644,1EY0,A,102,G,E,4.1,G102E,20,/mnt/d/Proga/OpenFold_codex/OpenFold3_project/data/raw/fireprot_upload/pdbs/1EY0.pdb
P00644,1EY0,A,102,G,V,2.25,G102V,20,/mnt/d/Proga/OpenFold_codex/OpenFold3_project/data/raw/fireprot_upload/pdbs/1EY0.pdb
P00644,1EY0,A,103,D,A,-0.75,D103A,21,/mnt/d/Proga/OpenFold_codex/OpenFold3_project/data/raw/fireprot_upload/pdbs/1EY0.pdb
P00644,1EY0,A,103,D,G,-0.4,D103G,21,/mnt/d/Proga/OpenFold_codex/OpenFold3_project/data/raw/fireprot_upload/pdbs/1EY0.pdb
P00644,1EY0,A,103,D,K,-1.05,D103K,21,/mnt/d/Proga/OpenFold_codex/OpenFold3_project/data/raw/fireprot_upload/pdbs/1EY0.pdb
P00644,1EY0,A,103,D,N,-1.4,D103N,21,/mnt/d/Proga/OpenFold_codex/OpenFold3_project/data/raw/fireprot_upload/pdbs/1EY0.pdb
P00644,1EY0,A,104,T,A,1.65,T104A,22,/mnt/d/Proga/OpenFold_codex/OpenFold3_project/data/raw/fireprot_upload/pdbs/1EY0.pdb
P00644,1EY0,A,104,T,C,0.9,T104C,22,/mnt/d/Proga/OpenFold_codex/OpenFold3_project/data/raw/fireprot_upload/pdbs/1EY0.pdb
P00644,1EY0,A,104,T,G,2.45,T104G,22,/mnt/d/Proga/OpenFold_codex/OpenFold3_project/data/raw/fireprot_upload/pdbs/1EY0.pdb
P00644,1EY0,A,104,T,I,0.6499999999999999,T104I,22,/mnt/d/Proga/OpenFold_codex/OpenFold3_project/data/raw/fireprot_upload/pdbs/1EY0.pdb
P00644,1EY0,A,104,T,S,0.6499999999999999,T104S,22,/mnt/d/Proga/OpenFold_codex/OpenFold3_project/data/raw/fireprot_upload/pdbs/1EY0.pdb
P00644,1EY0,A,104,T,V,0.8500000000000001,T104V,22,/mnt/d/Proga/OpenFold_codex/OpenFold3_project/data/raw/fireprot_upload/pdbs/1EY0.pdb
P00644,1EY0,A,105,V,A,2.3,V105A,23,/mnt/d/Proga/OpenFold_codex/OpenFold3_project/data/raw/fireprot_upload/pdbs/1EY0.pdb
P00644,1EY0,A,105,V,E,7.5,V105E,23,/mnt/d/Proga/OpenFold_codex/OpenFold3_project/data/raw/fireprot_upload/pdbs/1EY0.pdb
P00644,1EY0,A,105,V,F,2.3,V105F,23,/mnt/d/Proga/OpenFold_codex/OpenFold3_project/data/raw/fireprot_upload/pdbs/1EY0.pdb
P00644,1EY0,A,105,V,G,5.6,V105G,23,/mnt/d/Proga/OpenFold_codex/OpenFold3_project/data/raw/fireprot_upload/pdbs/1EY0.pdb
P00644,1EY0,A,105,V,I,0.1,V105I,23,/mnt/d/Proga/OpenFold_codex/OpenFold3_project/data/raw/fireprot_upload/pdbs/1EY0.pdb
P00644,1EY0,A,105,V,L,0.05,V105L,23,/mnt/d/Proga/OpenFold_codex/OpenFold3_project/data/raw/fireprot_upload/pdbs/1EY0.pdb
P00644,1EY0,A,105,V,S,4.75,V105S,23,/mnt/d/Proga/OpenFold_codex/OpenFold3_project/data/raw/fireprot_upload/pdbs/1EY0.pdb
P00644,1EY0,A,105,V,T,3.25,V105T,23,/mnt/d/Proga/OpenFold_codex/OpenFold3_project/data/raw/fireprot_upload/pdbs/1EY0.pdb
P00644,1EY0,A,106,K,A,0.25,K106A,24,/mnt/d/Proga/OpenFold_codex/OpenFold3_project/data/raw/fireprot_upload/pdbs/1EY0.pdb
P00644,1EY0,A,106,K,F,0.5,K106F,24,/mnt/d/Proga/OpenFold_codex/OpenFold3_project/data/raw/fireprot_upload/pdbs/1EY0.pdb
P00644,1EY0,A,106,K,G,1.0666666666666669,K106G,24,/mnt/d/Proga/OpenFold_codex/OpenFold3_project/data/raw/fireprot_upload/pdbs/1EY0.pdb
P00644,1EY0,A,107,L,A,2.3666666666666667,L107A,25,/mnt/d/Proga/OpenFold_codex/OpenFold3_project/data/raw/fireprot_upload/pdbs/1EY0.pdb
P00644,1EY0,A,107,L,E,9.8,L107E,25,/mnt/d/Proga/OpenFold_codex/OpenFold3_project/data/raw/fireprot_upload/pdbs/1EY0.pdb
P00644,1EY0,A,107,L,G,4.55,L107G,25,/mnt/d/Proga/OpenFold_codex/OpenFold3_project/data/raw/fireprot_upload/pdbs/1EY0.pdb
P00644,1EY0,A,107,L,I,1.75,L107I,25,/mnt/d/Proga/OpenFold_codex/OpenFold3_project/data/raw/fireprot_upload/pdbs/1EY0.pdb
P00644,1EY0,A,107,L,V,1.85,L107V,25,/mnt/d/Proga/OpenFold_codex/OpenFold3_project/data/raw/fireprot_upload/pdbs/1EY0.pdb
P00644,1EY0,A,108,M,A,1.55,M108A,26,/mnt/d/Proga/OpenFold_codex/OpenFold3_project/data/raw/fireprot_upload/pdbs/1EY0.pdb
P00644,1EY0,A,108,M,G,2.2,M108G,26,/mnt/d/Proga/OpenFold_codex/OpenFold3_project/data/raw/fireprot_upload/pdbs/1EY0.pdb
P00644,1EY0,A,108,M,I,0.8500000000000001,M108I,26,/mnt/d/Proga/OpenFold_codex/OpenFold3_project/data/raw/fireprot_upload/pdbs/1EY0.pdb
P00644,1EY0,A,108,M,L,0.4,M108L,26,/mnt/d/Proga/OpenFold_codex/OpenFold3_project/data/raw/fireprot_upload/pdbs/1EY0.pdb
P00644,1EY0,A,109,Y,A,3.525,Y109A,27,/mnt/d/Proga/OpenFold_codex/OpenFold3_project/data/raw/fireprot_upload/pdbs/1EY0.pdb
P00644,1EY0,A,109,Y,C,2.8,Y109C,27,/mnt/d/Proga/OpenFold_codex/OpenFold3_project/data/raw/fireprot_upload/pdbs/1EY0.pdb
P00644,1EY0,A,109,Y,D,5.4,Y109D,27,/mnt/d/Proga/OpenFold_codex/OpenFold3_project/data/raw/fireprot_upload/pdbs/1EY0.pdb
P00644,1EY0,A,109,Y,E,5.0,Y109E,27,/mnt/d/Proga/OpenFold_codex/OpenFold3_project/data/raw/fireprot_upload/pdbs/1EY0.pdb
P00644,1EY0,A,109,Y,F,0.3333333333333333,Y109F,27,/mnt/d/Proga/OpenFold_codex/OpenFold3_project/data/raw/fireprot_upload/pdbs/1EY0.pdb
P00644,1EY0,A,109,Y,G,5.466666666666666,Y109G,27,/mnt/d/Proga/OpenFold_codex/OpenFold3_project/data/raw/fireprot_upload/pdbs/1EY0.pdb
P00644,1EY0,A,109,Y,H,1.75,Y109H,27,/mnt/d/Proga/OpenFold_codex/OpenFold3_project/data/raw/fireprot_upload/pdbs/1EY0.pdb
P00644,1EY0,A,109,Y,I,2.4,Y109I,27,/mnt/d/Proga/OpenFold_codex/OpenFold3_project/data/raw/fireprot_upload/pdbs/1EY0.pdb
P00644,1EY0,A,109,Y,K,3.85,Y109K,27,/mnt/d/Proga/OpenFold_codex/OpenFold3_project/data/raw/fireprot_upload/pdbs/1EY0.pdb
P00644,1EY0,A,109,Y,L,1.55,Y109L,27,/mnt/d/Proga/OpenFold_codex/OpenFold3_project/data/raw/fireprot_upload/pdbs/1EY0.pdb
P00644,1EY0,A,109,Y,M,1.95,Y109M,27,/mnt/d/Proga/OpenFold_codex/OpenFold3_project/data/raw/fireprot_upload/pdbs/1EY0.pdb
P00644,1EY0,A,109,Y,N,3.9,Y109N,27,/mnt/d/Proga/OpenFold_codex/OpenFold3_project/data/raw/fireprot_upload/pdbs/1EY0.pdb
P00644,1EY0,A,109,Y,P,6.1,Y109P,27,/mnt/d/Proga/OpenFold_codex/OpenFold3_project/data/raw/fireprot_upload/pdbs/1EY0.pdb
P00644,1EY0,A,109,Y,Q,3.25,Y109Q,27,/mnt/d/Proga/OpenFold_codex/OpenFold3_project/data/raw/fireprot_upload/pdbs/1EY0.pdb
P00644,1EY0,A,109,Y,R,2.95,Y109R,27,/mnt/d/Proga/OpenFold_codex/OpenFold3_project/data/raw/fireprot_upload/pdbs/1EY0.pdb
P00644,1EY0,A,109,Y,S,3.1,Y109S,27,/mnt/d/Proga/OpenFold_codex/OpenFold3_project/data/raw/fireprot_upload/pdbs/1EY0.pdb
P00644,1EY0,A,109,Y,T,3.25,Y109T,27,/mnt/d/Proga/OpenFold_codex/OpenFold3_project/data/raw/fireprot_upload/pdbs/1EY0.pdb
P00644,1EY0,A,109,Y,V,2.8,Y109V,27,/mnt/d/Proga/OpenFold_codex/OpenFold3_project/data/raw/fireprot_upload/pdbs/1EY0.pdb
P00644,1EY0,A,109,Y,W,0.6499999999999999,Y109W,27,/mnt/d/Proga/OpenFold_codex/OpenFold3_project/data/raw/fireprot_upload/pdbs/1EY0.pdb
P00644,1EY0,A,110,K,A,0.9,K110A,28,/mnt/d/Proga/OpenFold_codex/OpenFold3_project/data/raw/fireprot_upload/pdbs/1EY0.pdb
P00644,1EY0,A,110,K,E,0.8,K110E,28,/mnt/d/Proga/OpenFold_codex/OpenFold3_project/data/raw/fireprot_upload/pdbs/1EY0.pdb
P00644,1EY0,A,110,K,F,0.8500000000000001,K110F,28,/mnt/d/Proga/OpenFold_codex/OpenFold3_project/data/raw/fireprot_upload/pdbs/1EY0.pdb
P00644,1EY0,A,110,K,G,1.3666666666666665,K110G,28,/mnt/d/Proga/OpenFold_codex/OpenFold3_project/data/raw/fireprot_upload/pdbs/1EY0.pdb
P00644,1EY0,A,110,K,Q,0.3,K110Q,28,/mnt/d/Proga/OpenFold_codex/OpenFold3_project/data/raw/fireprot_upload/pdbs/1EY0.pdb
P00644,1EY0,A,111,G,A,1.3,G111A,29,/mnt/d/Proga/OpenFold_codex/OpenFold3_project/data/raw/fireprot_upload/pdbs/1EY0.pdb
P00644,1EY0,A,111,G,C,1.2000000000000002,G111C,29,/mnt/d/Proga/OpenFold_codex/OpenFold3_project/data/raw/fireprot_upload/pdbs/1EY0.pdb
P00644,1EY0,A,111,G,F,1.3,G111F,29,/mnt/d/Proga/OpenFold_codex/OpenFold3_project/data/raw/fireprot_upload/pdbs/1EY0.pdb
P00644,1EY0,A,111,G,V,3.05,G111V,29,/mnt/d/Proga/OpenFold_codex/OpenFold3_project/data/raw/fireprot_upload/pdbs/1EY0.pdb
P00644,1EY0,A,112,Q,A,0.25,Q112A,30,/mnt/d/Proga/OpenFold_codex/OpenFold3_project/data/raw/fireprot_upload/pdbs/1EY0.pdb
P00644,1EY0,A,112,Q,G,0.9,Q112G,30,/mnt/d/Proga/OpenFold_codex/OpenFold3_project/data/raw/fireprot_upload/pdbs/1EY0.pdb
P00644,1EY0,A,113,P,A,0.55,P113A,31,/mnt/d/Proga/OpenFold_codex/OpenFold3_project/data/raw/fireprot_upload/pdbs/1EY0.pdb
P00644,1EY0,A,113,P,G,1.6,P113G,31,/mnt/d/Proga/OpenFold_codex/OpenFold3_project/data/raw/fireprot_upload/pdbs/1EY0.pdb
P00644,1EY0,A,114,M,A,1.75,M114A,32,/mnt/d/Proga/OpenFold_codex/OpenFold3_project/data/raw/fireprot_upload/pdbs/1EY0.pdb
P00644,1EY0,A,114,M,G,2.45,M114G,32,/mnt/d/Proga/OpenFold_codex/OpenFold3_project/data/raw/fireprot_upload/pdbs/1EY0.pdb
P00644,1EY0,A,114,M,I,0.6,M114I,32,/mnt/d/Proga/OpenFold_codex/OpenFold3_project/data/raw/fireprot_upload/pdbs/1EY0.pdb
P00644,1EY0,A,114,M,L,0.8,M114L,32,/mnt/d/Proga/OpenFold_codex/OpenFold3_project/data/raw/fireprot_upload/pdbs/1EY0.pdb
P00644,1EY0,A,115,T,A,1.45,T115A,33,/mnt/d/Proga/OpenFold_codex/OpenFold3_project/data/raw/fireprot_upload/pdbs/1EY0.pdb
P00644,1EY0,A,115,T,C,1.1,T115C,33,/mnt/d/Proga/OpenFold_codex/OpenFold3_project/data/raw/fireprot_upload/pdbs/1EY0.pdb
P00644,1EY0,A,115,T,G,2.55,T115G,33,/mnt/d/Proga/OpenFold_codex/OpenFold3_project/data/raw/fireprot_upload/pdbs/1EY0.pdb
P00644,1EY0,A,115,T,I,-0.6499999999999999,T115I,33,/mnt/d/Proga/OpenFold_codex/OpenFold3_project/data/raw/fireprot_upload/pdbs/1EY0.pdb
P00644,1EY0,A,115,T,S,1.225,T115S,33,/mnt/d/Proga/OpenFold_codex/OpenFold3_project/data/raw/fireprot_upload/pdbs/1EY0.pdb
P00644,1EY0,A,115,T,V,-0.45,T115V,33,/mnt/d/Proga/OpenFold_codex/OpenFold3_project/data/raw/fireprot_upload/pdbs/1EY0.pdb
P00644,1EY0,A,116,F,A,3.75,F116A,34,/mnt/d/Proga/OpenFold_codex/OpenFold3_project/data/raw/fireprot_upload/pdbs/1EY0.pdb
P00644,1EY0,A,116,F,C,2.8,F116C,34,/mnt/d/Proga/OpenFold_codex/OpenFold3_project/data/raw/fireprot_upload/pdbs/1EY0.pdb
P00644,1EY0,A,116,F,E,8.1,F116E,34,/mnt/d/Proga/OpenFold_codex/OpenFold3_project/data/raw/fireprot_upload/pdbs/1EY0.pdb
P00644,1EY0,A,116,F,G,6.2,F116G,34,/mnt/d/Proga/OpenFold_codex/OpenFold3_project/data/raw/fireprot_upload/pdbs/1EY0.pdb
P00644,1EY0,A,117,R,A,1.4,R117A,35,/mnt/d/Proga/OpenFold_codex/OpenFold3_project/data/raw/fireprot_upload/pdbs/1EY0.pdb
P00644,1EY0,A,117,R,G,2.25,R117G,35,/mnt/d/Proga/OpenFold_codex/OpenFold3_project/data/raw/fireprot_upload/pdbs/1EY0.pdb
P00644,1EY0,A,118,L,A,3.6,L118A,36,/mnt/d/Proga/OpenFold_codex/OpenFold3_project/data/raw/fireprot_upload/pdbs/1EY0.pdb
P00644,1EY0,A,118,L,C,2.9,L118C,36,/mnt/d/Proga/OpenFold_codex/OpenFold3_project/data/raw/fireprot_upload/pdbs/1EY0.pdb
P00644,1EY0,A,118,L,E,7.5,L118E,36,/mnt/d/Proga/OpenFold_codex/OpenFold3_project/data/raw/fireprot_upload/pdbs/1EY0.pdb
P00644,1EY0,A,118,L,G,5.35,L118G,36,/mnt/d/Proga/OpenFold_codex/OpenFold3_project/data/raw/fireprot_upload/pdbs/1EY0.pdb
P00644,1EY0,A,118,L,I,3.1,L118I,36,/mnt/d/Proga/OpenFold_codex/OpenFold3_project/data/raw/fireprot_upload/pdbs/1EY0.pdb
P00644,1EY0,A,118,L,V,3.55,L118V,36,/mnt/d/Proga/OpenFold_codex/OpenFold3_project/data/raw/fireprot_upload/pdbs/1EY0.pdb
P00644,1EY0,A,119,L,A,1.6666666666666667,L119A,37,/mnt/d/Proga/OpenFold_codex/OpenFold3_project/data/raw/fireprot_upload/pdbs/1EY0.pdb
P00644,1EY0,A,119,L,E,3.1,L119E,37,/mnt/d/Proga/OpenFold_codex/OpenFold3_project/data/raw/fireprot_upload/pdbs/1EY0.pdb
P00644,1EY0,A,119,L,G,3.85,L119G,37,/mnt/d/Proga/OpenFold_codex/OpenFold3_project/data/raw/fireprot_upload/pdbs/1EY0.pdb
P00644,1EY0,A,119,L,I,1.9,L119I,37,/mnt/d/Proga/OpenFold_codex/OpenFold3_project/data/raw/fireprot_upload/pdbs/1EY0.pdb
P00644,1EY0,A,119,L,V,2.9,L119V,37,/mnt/d/Proga/OpenFold_codex/OpenFold3_project/data/raw/fireprot_upload/pdbs/1EY0.pdb
P00644,1EY0,A,120,L,A,1.6,L120A,38,/mnt/d/Proga/OpenFold_codex/OpenFold3_project/data/raw/fireprot_upload/pdbs/1EY0.pdb
P00644,1EY0,A,120,L,E,4.6,L120E,38,/mnt/d/Proga/OpenFold_codex/OpenFold3_project/data/raw/fireprot_upload/pdbs/1EY0.pdb
P00644,1EY0,A,120,L,G,0.4666666666666667,L120G,38,/mnt/d/Proga/OpenFold_codex/OpenFold3_project/data/raw/fireprot_upload/pdbs/1EY0.pdb
P00644,1EY0,A,120,L,I,2.1,L120I,38,/mnt/d/Proga/OpenFold_codex/OpenFold3_project/data/raw/fireprot_upload/pdbs/1EY0.pdb
P00644,1EY0,A,120,L,V,0.15,L120V,38,/mnt/d/Proga/OpenFold_codex/OpenFold3_project/data/raw/fireprot_upload/pdbs/1EY0.pdb
P00644,1EY0,A,121,V,A,2.2,V121A,39,/mnt/d/Proga/OpenFold_codex/OpenFold3_project/data/raw/fireprot_upload/pdbs/1EY0.pdb
P00644,1EY0,A,121,V,E,6.6,V121E,39,/mnt/d/Proga/OpenFold_codex/OpenFold3_project/data/raw/fireprot_upload/pdbs/1EY0.pdb
P00644,1EY0,A,121,V,G,4.65,V121G,39,/mnt/d/Proga/OpenFold_codex/OpenFold3_project/data/raw/fireprot_upload/pdbs/1EY0.pdb
P00644,1EY0,A,121,V,I,-0.1,V121I,39,/mnt/d/Proga/OpenFold_codex/OpenFold3_project/data/raw/fireprot_upload/pdbs/1EY0.pdb
P00644,1EY0,A,121,V,L,0.9,V121L,39,/mnt/d/Proga/OpenFold_codex/OpenFold3_project/data/raw/fireprot_upload/pdbs/1EY0.pdb
P00644,1EY0,A,121,V,S,2.4,V121S,39,/mnt/d/Proga/OpenFold_codex/OpenFold3_project/data/raw/fireprot_upload/pdbs/1EY0.pdb
P00644,1EY0,A,121,V,T,1.4500000000000002,V121T,39,/mnt/d/Proga/OpenFold_codex/OpenFold3_project/data/raw/fireprot_upload/pdbs/1EY0.pdb
P00644,1EY0,A,122,D,A,-0.3,D122A,40,/mnt/d/Proga/OpenFold_codex/OpenFold3_project/data/raw/fireprot_upload/pdbs/1EY0.pdb
P00644,1EY0,A,122,D,G,0.45,D122G,40,/mnt/d/Proga/OpenFold_codex/OpenFold3_project/data/raw/fireprot_upload/pdbs/1EY0.pdb
P00644,1EY0,A,123,T,A,-0.05,T123A,41,/mnt/d/Proga/OpenFold_codex/OpenFold3_project/data/raw/fireprot_upload/pdbs/1EY0.pdb
P00644,1EY0,A,123,T,C,-0.6499999999999999,T123C,41,/mnt/d/Proga/OpenFold_codex/OpenFold3_project/data/raw/fireprot_upload/pdbs/1EY0.pdb
P00644,1EY0,A,123,T,E,4.3,T123E,41,/mnt/d/Proga/OpenFold_codex/OpenFold3_project/data/raw/fireprot_upload/pdbs/1EY0.pdb
P00644,1EY0,A,123,T,G,1.9,T123G,41,/mnt/d/Proga/OpenFold_codex/OpenFold3_project/data/raw/fireprot_upload/pdbs/1EY0.pdb
P00644,1EY0,A,123,T,I,-0.8,T123I,41,/mnt/d/Proga/OpenFold_codex/OpenFold3_project/data/raw/fireprot_upload/pdbs/1EY0.pdb
P00644,1EY0,A,123,T,S,1.0,T123S,41,/mnt/d/Proga/OpenFold_codex/OpenFold3_project/data/raw/fireprot_upload/pdbs/1EY0.pdb
P00644,1EY0,A,123,T,V,-0.8500000000000001,T123V,41,/mnt/d/Proga/OpenFold_codex/OpenFold3_project/data/raw/fireprot_upload/pdbs/1EY0.pdb
P00644,1EY0,A,124,P,A,-0.1,P124A,42,/mnt/d/Proga/OpenFold_codex/OpenFold3_project/data/raw/fireprot_upload/pdbs/1EY0.pdb
P00644,1EY0,A,124,P,G,0.4,P124G,42,/mnt/d/Proga/OpenFold_codex/OpenFold3_project/data/raw/fireprot_upload/pdbs/1EY0.pdb
P00644,1EY0,A,125,E,A,-0.3,E125A,43,/mnt/d/Proga/OpenFold_codex/OpenFold3_project/data/raw/fireprot_upload/pdbs/1EY0.pdb
P00644,1EY0,A,125,E,D,-0.2,E125D,43,/mnt/d/Proga/OpenFold_codex/OpenFold3_project/data/raw/fireprot_upload/pdbs/1EY0.pdb
P00644,1EY0,A,125,E,G,-0.55,E125G,43,/mnt/d/Proga/OpenFold_codex/OpenFold3_project/data/raw/fireprot_upload/pdbs/1EY0.pdb
P00644,1EY0,A,126,T,A,0.3,T126A,44,/mnt/d/Proga/OpenFold_codex/OpenFold3_project/data/raw/fireprot_upload/pdbs/1EY0.pdb
P00644,1EY0,A,126,T,C,0.1,T126C,44,/mnt/d/Proga/OpenFold_codex/OpenFold3_project/data/raw/fireprot_upload/pdbs/1EY0.pdb
P00644,1EY0,A,126,T,G,0.5,T126G,44,/mnt/d/Proga/OpenFold_codex/OpenFold3_project/data/raw/fireprot_upload/pdbs/1EY0.pdb
P00644,1EY0,A,126,T,I,0.6,T126I,44,/mnt/d/Proga/OpenFold_codex/OpenFold3_project/data/raw/fireprot_upload/pdbs/1EY0.pdb
P00644,1EY0,A,126,T,S,0.0,T126S,44,/mnt/d/Proga/OpenFold_codex/OpenFold3_project/data/raw/fireprot_upload/pdbs/1EY0.pdb
P00644,1EY0,A,126,T,V,-0.1,T126V,44,/mnt/d/Proga/OpenFold_codex/OpenFold3_project/data/raw/fireprot_upload/pdbs/1EY0.pdb
P00644,1EY0,A,127,K,A,-0.25,K127A,45,/mnt/d/Proga/OpenFold_codex/OpenFold3_project/data/raw/fireprot_upload/pdbs/1EY0.pdb
P00644,1EY0,A,127,K,E,-0.05,K127E,45,/mnt/d/Proga/OpenFold_codex/OpenFold3_project/data/raw/fireprot_upload/pdbs/1EY0.pdb
P00644,1EY0,A,127,K,F,0.2,K127F,45,/mnt/d/Proga/OpenFold_codex/OpenFold3_project/data/raw/fireprot_upload/pdbs/1EY0.pdb
P00644,1EY0,A,127,K,G,-0.5,K127G,45,/mnt/d/Proga/OpenFold_codex/OpenFold3_project/data/raw/fireprot_upload/pdbs/1EY0.pdb
P00644,1EY0,A,127,K,Q,-0.05,K127Q,45,/mnt/d/Proga/OpenFold_codex/OpenFold3_project/data/raw/fireprot_upload/pdbs/1EY0.pdb
P00644,1EY0,A,128,H,A,0.5,H128A,46,/mnt/d/Proga/OpenFold_codex/OpenFold3_project/data/raw/fireprot_upload/pdbs/1EY0.pdb
P00644,1EY0,A,128,H,G,0.3,H128G,46,/mnt/d/Proga/OpenFold_codex/OpenFold3_project/data/raw/fireprot_upload/pdbs/1EY0.pdb
P00644,1EY0,A,128,H,Y,0.0,H128Y,46,/mnt/d/Proga/OpenFold_codex/OpenFold3_project/data/raw/fireprot_upload/pdbs/1EY0.pdb
P00644,1EY0,A,129,P,A,0.6,P129A,47,/mnt/d/Proga/OpenFold_codex/OpenFold3_project/data/raw/fireprot_upload/pdbs/1EY0.pdb
P00644,1EY0,A,129,P,F,0.3,P129F,47,/mnt/d/Proga/OpenFold_codex/OpenFold3_project/data/raw/fireprot_upload/pdbs/1EY0.pdb
P00644,1EY0,A,129,P,G,0.1,P129G,47,/mnt/d/Proga/OpenFold_codex/OpenFold3_project/data/raw/fireprot_upload/pdbs/1EY0.pdb
P00644,1EY0,A,130,K,A,-0.1,K130A,48,/mnt/d/Proga/OpenFold_codex/OpenFold3_project/data/raw/fireprot_upload/pdbs/1EY0.pdb
P00644,1EY0,A,130,K,E,-0.05,K130E,48,/mnt/d/Proga/OpenFold_codex/OpenFold3_project/data/raw/fireprot_upload/pdbs/1EY0.pdb
P00644,1EY0,A,130,K,F,0.35,K130F,48,/mnt/d/Proga/OpenFold_codex/OpenFold3_project/data/raw/fireprot_upload/pdbs/1EY0.pdb
P00644,1EY0,A,130,K,G,-0.2,K130G,48,/mnt/d/Proga/OpenFold_codex/OpenFold3_project/data/raw/fireprot_upload/pdbs/1EY0.pdb
P00644,1EY0,A,130,K,Q,0.05,K130Q,48,/mnt/d/Proga/OpenFold_codex/OpenFold3_project/data/raw/fireprot_upload/pdbs/1EY0.pdb
P00644,1EY0,A,131,K,A,0.25,K131A,49,/mnt/d/Proga/OpenFold_codex/OpenFold3_project/data/raw/fireprot_upload/pdbs/1EY0.pdb
P00644,1EY0,A,131,K,F,-0.1,K131F,49,/mnt/d/Proga/OpenFold_codex/OpenFold3_project/data/raw/fireprot_upload/pdbs/1EY0.pdb
P00644,1EY0,A,131,K,G,0.15,K131G,49,/mnt/d/Proga/OpenFold_codex/OpenFold3_project/data/raw/fireprot_upload/pdbs/1EY0.pdb
P00644,1EY0,A,132,G,A,-0.25,G132A,50,/mnt/d/Proga/OpenFold_codex/OpenFold3_project/data/raw/fireprot_upload/pdbs/1EY0.pdb
P00644,1EY0,A,132,G,C,0.8,G132C,50,/mnt/d/Proga/OpenFold_codex/OpenFold3_project/data/raw/fireprot_upload/pdbs/1EY0.pdb
P00644,1EY0,A,132,G,F,0.6000000000000001,G132F,50,/mnt/d/Proga/OpenFold_codex/OpenFold3_project/data/raw/fireprot_upload/pdbs/1EY0.pdb
P00644,1EY0,A,132,G,V,1.05,G132V,50,/mnt/d/Proga/OpenFold_codex/OpenFold3_project/data/raw/fireprot_upload/pdbs/1EY0.pdb
P00644,1EY0,A,133,V,A,0.1999999999999999,V133A,51,/mnt/d/Proga/OpenFold_codex/OpenFold3_project/data/raw/fireprot_upload/pdbs/1EY0.pdb
P00644,1EY0,A,133,V,G,0.3,V133G,51,/mnt/d/Proga/OpenFold_codex/OpenFold3_project/data/raw/fireprot_upload/pdbs/1EY0.pdb
P00644,1EY0,A,133,V,I,-0.1,V133I,51,/mnt/d/Proga/OpenFold_codex/OpenFold3_project/data/raw/fireprot_upload/pdbs/1EY0.pdb
P00644,1EY0,A,133,V,L,0.15,V133L,51,/mnt/d/Proga/OpenFold_codex/OpenFold3_project/data/raw/fireprot_upload/pdbs/1EY0.pdb
P00644,1EY0,A,133,V,S,0.05,V133S,51,/mnt/d/Proga/OpenFold_codex/OpenFold3_project/data/raw/fireprot_upload/pdbs/1EY0.pdb
P00644,1EY0,A,133,V,T,-0.2,V133T,51,/mnt/d/Proga/OpenFold_codex/OpenFold3_project/data/raw/fireprot_upload/pdbs/1EY0.pdb
P00644,1EY0,A,134,E,A,0.1,E134A,52,/mnt/d/Proga/OpenFold_codex/OpenFold3_project/data/raw/fireprot_upload/pdbs/1EY0.pdb
P00644,1EY0,A,134,E,F,0.6,E134F,52,/mnt/d/Proga/OpenFold_codex/OpenFold3_project/data/raw/fireprot_upload/pdbs/1EY0.pdb
P00644,1EY0,A,134,E,G,0.35,E134G,52,/mnt/d/Proga/OpenFold_codex/OpenFold3_project/data/raw/fireprot_upload/pdbs/1EY0.pdb
P00644,1EY0,A,135,K,A,0.2,K135A,53,/mnt/d/Proga/OpenFold_codex/OpenFold3_project/data/raw/fireprot_upload/pdbs/1EY0.pdb
P00644,1EY0,A,135,K,G,0.2,K135G,53,/mnt/d/Proga/OpenFold_codex/OpenFold3_project/data/raw/fireprot_upload/pdbs/1EY0.pdb
P00644,1EY0,A,136,Y,A,2.1,Y136A,54,/mnt/d/Proga/OpenFold_codex/OpenFold3_project/data/raw/fireprot_upload/pdbs/1EY0.pdb
P00644,1EY0,A,136,Y,F,0.45,Y136F,54,/mnt/d/Proga/OpenFold_codex/OpenFold3_project/data/raw/fireprot_upload/pdbs/1EY0.pdb
P00644,1EY0,A,136,Y,G,1.8,Y136G,54,/mnt/d/Proga/OpenFold_codex/OpenFold3_project/data/raw/fireprot_upload/pdbs/1EY0.pdb
P00644,1EY0,A,136,Y,L,3.35,Y136L,54,/mnt/d/Proga/OpenFold_codex/OpenFold3_project/data/raw/fireprot_upload/pdbs/1EY0.pdb
P00644,1EY0,A,137,G,A,0.5,G137A,55,/mnt/d/Proga/OpenFold_codex/OpenFold3_project/data/raw/fireprot_upload/pdbs/1EY0.pdb
P00644,1EY0,A,137,G,V,1.65,G137V,55,/mnt/d/Proga/OpenFold_codex/OpenFold3_project/data/raw/fireprot_upload/pdbs/1EY0.pdb
P00644,1EY0,A,138,P,A,0.0,P138A,56,/mnt/d/Proga/OpenFold_codex/OpenFold3_project/data/raw/fireprot_upload/pdbs/1EY0.pdb
P00644,1EY0,A,138,P,G,1.0,P138G,56,/mnt/d/Proga/OpenFold_codex/OpenFold3_project/data/raw/fireprot_upload/pdbs/1EY0.pdb
P00644,1EY0,A,139,E,A,0.15,E139A,57,/mnt/d/Proga/OpenFold_codex/OpenFold3_project/data/raw/fireprot_upload/pdbs/1EY0.pdb
P00644,1EY0,A,139,E,C,0.6499999999999999,E139C,57,/mnt/d/Proga/OpenFold_codex/OpenFold3_project/data/raw/fireprot_upload/pdbs/1EY0.pdb
P00644,1EY0,A,139,E,F,0.8000000000000002,E139F,57,/mnt/d/Proga/OpenFold_codex/OpenFold3_project/data/raw/fireprot_upload/pdbs/1EY0.pdb
P00644,1EY0,A,139,E,G,1.5,E139G,57,/mnt/d/Proga/OpenFold_codex/OpenFold3_project/data/raw/fireprot_upload/pdbs/1EY0.pdb
P00644,1EY0,A,139,E,K,0.05,E139K,57,/mnt/d/Proga/OpenFold_codex/OpenFold3_project/data/raw/fireprot_upload/pdbs/1EY0.pdb
P00644,1EY0,A,139,E,Q,0.15,E139Q,57,/mnt/d/Proga/OpenFold_codex/OpenFold3_project/data/raw/fireprot_upload/pdbs/1EY0.pdb
P00644,1EY0,A,140,A,E,5.6,A140E,58,/mnt/d/Proga/OpenFold_codex/OpenFold3_project/data/raw/fireprot_upload/pdbs/1EY0.pdb
P00644,1EY0,A,140,A,G,2.55,A140G,58,/mnt/d/Proga/OpenFold_codex/OpenFold3_project/data/raw/fireprot_upload/pdbs/1EY0.pdb
P00644,1EY0,A,140,A,V,2.7,A140V,58,/mnt/d/Proga/OpenFold_codex/OpenFold3_project/data/raw/fireprot_upload/pdbs/1EY0.pdb
P00644,1EY0,A,141,S,A,-0.4,S141A,59,/mnt/d/Proga/OpenFold_codex/OpenFold3_project/data/raw/fireprot_upload/pdbs/1EY0.pdb
P00644,1EY0,A,141,S,F,-0.3,S141F,59,/mnt/d/Proga/OpenFold_codex/OpenFold3_project/data/raw/fireprot_upload/pdbs/1EY0.pdb
P00644,1EY0,A,141,S,G,0.9666666666666668,S141G,59,/mnt/d/Proga/OpenFold_codex/OpenFold3_project/data/raw/fireprot_upload/pdbs/1EY0.pdb
P00644,1EY0,A,142,A,C,1.15,A142C,60,/mnt/d/Proga/OpenFold_codex/OpenFold3_project/data/raw/fireprot_upload/pdbs/1EY0.pdb
P00644,1EY0,A,142,A,F,0.8,A142F,60,/mnt/d/Proga/OpenFold_codex/OpenFold3_project/data/raw/fireprot_upload/pdbs/1EY0.pdb
P00644,1EY0,A,142,A,G,1.45,A142G,60,/mnt/d/Proga/OpenFold_codex/OpenFold3_project/data/raw/fireprot_upload/pdbs/1EY0.pdb
P00644,1EY0,A,142,A,V,2.7999999999999994,A142V,60,/mnt/d/Proga/OpenFold_codex/OpenFold3_project/data/raw/fireprot_upload/pdbs/1EY0.pdb
P00644,1EY0,A,143,F,A,2.35,F143A,61,/mnt/d/Proga/OpenFold_codex/OpenFold3_project/data/raw/fireprot_upload/pdbs/1EY0.pdb
P00644,1EY0,A,143,F,G,4.75,F143G,61,/mnt/d/Proga/OpenFold_codex/OpenFold3_project/data/raw/fireprot_upload/pdbs/1EY0.pdb
P00644,1EY0,A,144,T,A,2.3,T144A,62,/mnt/d/Proga/OpenFold_codex/OpenFold3_project/data/raw/fireprot_upload/pdbs/1EY0.pdb
P00644,1EY0,A,144,T,C,1.1,T144C,62,/mnt/d/Proga/OpenFold_codex/OpenFold3_project/data/raw/fireprot_upload/pdbs/1EY0.pdb
P00644,1EY0,A,144,T,E,5.0,T144E,62,/mnt/d/Proga/OpenFold_codex/OpenFold3_project/data/raw/fireprot_upload/pdbs/1EY0.pdb
P00644,1EY0,A,144,T,G,3.45,T144G,62,/mnt/d/Proga/OpenFold_codex/OpenFold3_project/data/raw/fireprot_upload/pdbs/1EY0.pdb
P00644,1EY0,A,144,T,I,1.45,T144I,62,/mnt/d/Proga/OpenFold_codex/OpenFold3_project/data/raw/fireprot_upload/pdbs/1EY0.pdb
P00644,1EY0,A,144,T,S,2.1,T144S,62,/mnt/d/Proga/OpenFold_codex/OpenFold3_project/data/raw/fireprot_upload/pdbs/1EY0.pdb
P00644,1EY0,A,144,T,V,0.15,T144V,62,/mnt/d/Proga/OpenFold_codex/OpenFold3_project/data/raw/fireprot_upload/pdbs/1EY0.pdb
P00644,1EY0,A,145,K,A,0.4,K145A,63,/mnt/d/Proga/OpenFold_codex/OpenFold3_project/data/raw/fireprot_upload/pdbs/1EY0.pdb
P00644,1EY0,A,145,K,E,1.5,K145E,63,/mnt/d/Proga/OpenFold_codex/OpenFold3_project/data/raw/fireprot_upload/pdbs/1EY0.pdb
P00644,1EY0,A,145,K,F,1.9,K145F,63,/mnt/d/Proga/OpenFold_codex/OpenFold3_project/data/raw/fireprot_upload/pdbs/1EY0.pdb
P00644,1EY0,A,145,K,G,1.55,K145G,63,/mnt/d/Proga/OpenFold_codex/OpenFold3_project/data/raw/fireprot_upload/pdbs/1EY0.pdb
P00644,1EY0,A,145,K,Q,0.95,K145Q,63,/mnt/d/Proga/OpenFold_codex/OpenFold3_project/data/raw/fireprot_upload/pdbs/1EY0.pdb
P00644,1EY0,A,146,K,A,-0.15,K146A,64,/mnt/d/Proga/OpenFold_codex/OpenFold3_project/data/raw/fireprot_upload/pdbs/1EY0.pdb
P00644,1EY0,A,146,K,E,1.65,K146E,64,/mnt/d/Proga/OpenFold_codex/OpenFold3_project/data/raw/fireprot_upload/pdbs/1EY0.pdb
P00644,1EY0,A,146,K,F,0.2,K146F,64,/mnt/d/Proga/OpenFold_codex/OpenFold3_project/data/raw/fireprot_upload/pdbs/1EY0.pdb
P00644,1EY0,A,146,K,G,0.45,K146G,64,/mnt/d/Proga/OpenFold_codex/OpenFold3_project/data/raw/fireprot_upload/pdbs/1EY0.pdb
P00644,1EY0,A,146,K,Q,0.0,K146Q,64,/mnt/d/Proga/OpenFold_codex/OpenFold3_project/data/raw/fireprot_upload/pdbs/1EY0.pdb
P00644,1EY0,A,147,M,A,2.05,M147A,65,/mnt/d/Proga/OpenFold_codex/OpenFold3_project/data/raw/fireprot_upload/pdbs/1EY0.pdb
P00644,1EY0,A,147,M,F,1.6,M147F,65,/mnt/d/Proga/OpenFold_codex/OpenFold3_project/data/raw/fireprot_upload/pdbs/1EY0.pdb
P00644,1EY0,A,147,M,G,4.65,M147G,65,/mnt/d/Proga/OpenFold_codex/OpenFold3_project/data/raw/fireprot_upload/pdbs/1EY0.pdb
P00644,1EY0,A,147,M,I,1.45,M147I,65,/mnt/d/Proga/OpenFold_codex/OpenFold3_project/data/raw/fireprot_upload/pdbs/1EY0.pdb
P00644,1EY0,A,147,M,L,0.75,M147L,65,/mnt/d/Proga/OpenFold_codex/OpenFold3_project/data/raw/fireprot_upload/pdbs/1EY0.pdb
P00644,1EY0,A,148,V,A,2.066666666666667,V148A,66,/mnt/d/Proga/OpenFold_codex/OpenFold3_project/data/raw/fireprot_upload/pdbs/1EY0.pdb
P00644,1EY0,A,148,V,G,4.45,V148G,66,/mnt/d/Proga/OpenFold_codex/OpenFold3_project/data/raw/fireprot_upload/pdbs/1EY0.pdb
P00644,1EY0,A,148,V,I,0.9,V148I,66,/mnt/d/Proga/OpenFold_codex/OpenFold3_project/data/raw/fireprot_upload/pdbs/1EY0.pdb
P00644,1EY0,A,148,V,K,5.2,V148K,66,/mnt/d/Proga/OpenFold_codex/OpenFold3_project/data/raw/fireprot_upload/pdbs/1EY0.pdb
P00644,1EY0,A,148,V,L,-0.0599999999999999,V148L,66,/mnt/d/Proga/OpenFold_codex/OpenFold3_project/data/raw/fireprot_upload/pdbs/1EY0.pdb
P00644,1EY0,A,148,V,M,0.2,V148M,66,/mnt/d/Proga/OpenFold_codex/OpenFold3_project/data/raw/fireprot_upload/pdbs/1EY0.pdb
P00644,1EY0,A,148,V,S,3.1,V148S,66,/mnt/d/Proga/OpenFold_codex/OpenFold3_project/data/raw/fireprot_upload/pdbs/1EY0.pdb
P00644,1EY0,A,148,V,T,1.2999999999999998,V148T,66,/mnt/d/Proga/OpenFold_codex/OpenFold3_project/data/raw/fireprot_upload/pdbs/1EY0.pdb
P00644,1EY0,A,148,V,W,2.965,V148W,66,/mnt/d/Proga/OpenFold_codex/OpenFold3_project/data/raw/fireprot_upload/pdbs/1EY0.pdb
P00644,1EY0,A,149,E,A,1.05,E149A,67,/mnt/d/Proga/OpenFold_codex/OpenFold3_project/data/raw/fireprot_upload/pdbs/1EY0.pdb
P00644,1EY0,A,149,E,F,1.35,E149F,67,/mnt/d/Proga/OpenFold_codex/OpenFold3_project/data/raw/fireprot_upload/pdbs/1EY0.pdb
P00644,1EY0,A,149,E,G,0.95,E149G,67,/mnt/d/Proga/OpenFold_codex/OpenFold3_project/data/raw/fireprot_upload/pdbs/1EY0.pdb
P00644,1EY0,A,149,E,Q,0.55,E149Q,67,/mnt/d/Proga/OpenFold_codex/OpenFold3_project/data/raw/fireprot_upload/pdbs/1EY0.pdb
P00644,1EY0,A,150,N,A,0.45,N150A,68,/mnt/d/Proga/OpenFold_codex/OpenFold3_project/data/raw/fireprot_upload/pdbs/1EY0.pdb
P00644,1EY0,A,150,N,G,0.4,N150G,68,/mnt/d/Proga/OpenFold_codex/OpenFold3_project/data/raw/fireprot_upload/pdbs/1EY0.pdb
P00644,1EY0,A,151,A,G,2.05,A151G,69,/mnt/d/Proga/OpenFold_codex/OpenFold3_project/data/raw/fireprot_upload/pdbs/1EY0.pdb
P00644,1EY0,A,151,A,T,2.866,A151T,69,/mnt/d/Proga/OpenFold_codex/OpenFold3_project/data/raw/fireprot_upload/pdbs/1EY0.pdb
P00644,1EY0,A,151,A,V,2.55,A151V,69,/mnt/d/Proga/OpenFold_codex/OpenFold3_project/data/raw/fireprot_upload/pdbs/1EY0.pdb
P00644,1EY0,A,152,K,A,0.15,K152A,70,/mnt/d/Proga/OpenFold_codex/OpenFold3_project/data/raw/fireprot_upload/pdbs/1EY0.pdb
P00644,1EY0,A,152,K,C,0.5,K152C,70,/mnt/d/Proga/OpenFold_codex/OpenFold3_project/data/raw/fireprot_upload/pdbs/1EY0.pdb
P00644,1EY0,A,152,K,E,0.35,K152E,70,/mnt/d/Proga/OpenFold_codex/OpenFold3_project/data/raw/fireprot_upload/pdbs/1EY0.pdb
P00644,1EY0,A,152,K,F,0.1,K152F,70,/mnt/d/Proga/OpenFold_codex/OpenFold3_project/data/raw/fireprot_upload/pdbs/1EY0.pdb
P00644,1EY0,A,152,K,G,0.55,K152G,70,/mnt/d/Proga/OpenFold_codex/OpenFold3_project/data/raw/fireprot_upload/pdbs/1EY0.pdb
P00644,1EY0,A,152,K,Q,0.25,K152Q,70,/mnt/d/Proga/OpenFold_codex/OpenFold3_project/data/raw/fireprot_upload/pdbs/1EY0.pdb
P00644,1EY0,A,152,K,W,0.4725,K152W,70,/mnt/d/Proga/OpenFold_codex/OpenFold3_project/data/raw/fireprot_upload/pdbs/1EY0.pdb
P00644,1EY0,A,153,K,A,0.5,K153A,71,/mnt/d/Proga/OpenFold_codex/OpenFold3_project/data/raw/fireprot_upload/pdbs/1EY0.pdb
P00644,1EY0,A,153,K,F,0.0,K153F,71,/mnt/d/Proga/OpenFold_codex/OpenFold3_project/data/raw/fireprot_upload/pdbs/1EY0.pdb
P00644,1EY0,A,153,K,G,1.2000000000000002,K153G,71,/mnt/d/Proga/OpenFold_codex/OpenFold3_project/data/raw/fireprot_upload/pdbs/1EY0.pdb
P00644,1EY0,A,154,I,A,5.1,I154A,72,/mnt/d/Proga/OpenFold_codex/OpenFold3_project/data/raw/fireprot_upload/pdbs/1EY0.pdb
P00644,1EY0,A,154,I,E,8.2,I154E,72,/mnt/d/Proga/OpenFold_codex/OpenFold3_project/data/raw/fireprot_upload/pdbs/1EY0.pdb
P00644,1EY0,A,154,I,G,6.5,I154G,72,/mnt/d/Proga/OpenFold_codex/OpenFold3_project/data/raw/fireprot_upload/pdbs/1EY0.pdb
P00644,1EY0,A,154,I,L,0.2,I154L,72,/mnt/d/Proga/OpenFold_codex/OpenFold3_project/data/raw/fireprot_upload/pdbs/1EY0.pdb
P00644,1EY0,A,154,I,M,1.85,I154M,72,/mnt/d/Proga/OpenFold_codex/OpenFold3_project/data/raw/fireprot_upload/pdbs/1EY0.pdb
P00644,1EY0,A,154,I,V,1.8,I154V,72,/mnt/d/Proga/OpenFold_codex/OpenFold3_project/data/raw/fireprot_upload/pdbs/1EY0.pdb
P00644,1EY0,A,155,E,A,1.4249999999999998,E155A,73,/mnt/d/Proga/OpenFold_codex/OpenFold3_project/data/raw/fireprot_upload/pdbs/1EY0.pdb
P00644,1EY0,A,155,E,F,1.0,E155F,73,/mnt/d/Proga/OpenFold_codex/OpenFold3_project/data/raw/fireprot_upload/pdbs/1EY0.pdb
P00644,1EY0,A,155,E,G,2.75,E155G,73,/mnt/d/Proga/OpenFold_codex/OpenFold3_project/data/raw/fireprot_upload/pdbs/1EY0.pdb
P00644,1EY0,A,155,E,K,2.1,E155K,73,/mnt/d/Proga/OpenFold_codex/OpenFold3_project/data/raw/fireprot_upload/pdbs/1EY0.pdb
P00644,1EY0,A,155,E,Q,0.6499999999999999,E155Q,73,/mnt/d/Proga/OpenFold_codex/OpenFold3_project/data/raw/fireprot_upload/pdbs/1EY0.pdb
P00644,1EY0,A,156,V,A,3.1500000000000004,V156A,74,/mnt/d/Proga/OpenFold_codex/OpenFold3_project/data/raw/fireprot_upload/pdbs/1EY0.pdb
P00644,1EY0,A,156,V,E,7.7,V156E,74,/mnt/d/Proga/OpenFold_codex/OpenFold3_project/data/raw/fireprot_upload/pdbs/1EY0.pdb
P00644,1EY0,A,156,V,G,6.6,V156G,74,/mnt/d/Proga/OpenFold_codex/OpenFold3_project/data/raw/fireprot_upload/pdbs/1EY0.pdb
P00644,1EY0,A,156,V,I,1.85,V156I,74,/mnt/d/Proga/OpenFold_codex/OpenFold3_project/data/raw/fireprot_upload/pdbs/1EY0.pdb
P00644,1EY0,A,156,V,L,1.15,V156L,74,/mnt/d/Proga/OpenFold_codex/OpenFold3_project/data/raw/fireprot_upload/pdbs/1EY0.pdb
P00644,1EY0,A,156,V,S,5.4,V156S,74,/mnt/d/Proga/OpenFold_codex/OpenFold3_project/data/raw/fireprot_upload/pdbs/1EY0.pdb
P00644,1EY0,A,156,V,T,3.85,V156T,74,/mnt/d/Proga/OpenFold_codex/OpenFold3_project/data/raw/fireprot_upload/pdbs/1EY0.pdb
P00644,1EY0,A,157,E,A,2.2,E157A,75,/mnt/d/Proga/OpenFold_codex/OpenFold3_project/data/raw/fireprot_upload/pdbs/1EY0.pdb
P00644,1EY0,A,157,E,G,3.45,E157G,75,/mnt/d/Proga/OpenFold_codex/OpenFold3_project/data/raw/fireprot_upload/pdbs/1EY0.pdb
P00644,1EY0,A,157,E,K,2.25,E157K,75,/mnt/d/Proga/OpenFold_codex/OpenFold3_project/data/raw/fireprot_upload/pdbs/1EY0.pdb
P00644,1EY0,A,157,E,Q,0.6499999999999999,E157Q,75,/mnt/d/Proga/OpenFold_codex/OpenFold3_project/data/raw/fireprot_upload/pdbs/1EY0.pdb
P00644,1EY0,A,157,E,V,2.305,E157V,75,/mnt/d/Proga/OpenFold_codex/OpenFold3_project/data/raw/fireprot_upload/pdbs/1EY0.pdb
P00644,1EY0,A,158,F,A,4.05,F158A,76,/mnt/d/Proga/OpenFold_codex/OpenFold3_project/data/raw/fireprot_upload/pdbs/1EY0.pdb
P00644,1EY0,A,158,F,G,4.7,F158G,76,/mnt/d/Proga/OpenFold_codex/OpenFold3_project/data/raw/fireprot_upload/pdbs/1EY0.pdb
P00644,1EY0,A,158,F,V,0.0,F158V,76,/mnt/d/Proga/OpenFold_codex/OpenFold3_project/data/raw/fireprot_upload/pdbs/1EY0.pdb
P00644,1EY0,A,158,F,W,1.0,F158W,76,/mnt/d/Proga/OpenFold_codex/OpenFold3_project/data/raw/fireprot_upload/pdbs/1EY0.pdb
P00644,1EY0,A,159,D,A,3.1500000000000004,D159A,77,/mnt/d/Proga/OpenFold_codex/OpenFold3_project/data/raw/fireprot_upload/pdbs/1EY0.pdb
P00644,1EY0,A,159,D,G,2.0,D159G,77,/mnt/d/Proga/OpenFold_codex/OpenFold3_project/data/raw/fireprot_upload/pdbs/1EY0.pdb
P00644,1EY0,A,159,D,K,3.4,D159K,77,/mnt/d/Proga/OpenFold_codex/OpenFold3_project/data/raw/fireprot_upload/pdbs/1EY0.pdb
P00644,1EY0,A,159,D,N,2.8,D159N,77,/mnt/d/Proga/OpenFold_codex/OpenFold3_project/data/raw/fireprot_upload/pdbs/1EY0.pdb
P00644,1EY0,A,160,K,A,0.55,K160A,78,/mnt/d/Proga/OpenFold_codex/OpenFold3_project/data/raw/fireprot_upload/pdbs/1EY0.pdb
P00644,1EY0,A,160,K,C,0.35,K160C,78,/mnt/d/Proga/OpenFold_codex/OpenFold3_project/data/raw/fireprot_upload/pdbs/1EY0.pdb
P00644,1EY0,A,160,K,E,0.75,K160E,78,/mnt/d/Proga/OpenFold_codex/OpenFold3_project/data/raw/fireprot_upload/pdbs/1EY0.pdb
P00644,1EY0,A,160,K,F,-0.1,K160F,78,/mnt/d/Proga/OpenFold_codex/OpenFold3_project/data/raw/fireprot_upload/pdbs/1EY0.pdb
P00644,1EY0,A,160,K,G,1.1,K160G,78,/mnt/d/Proga/OpenFold_codex/OpenFold3_project/data/raw/fireprot_upload/pdbs/1EY0.pdb
P00644,1EY0,A,160,K,Q,0.1,K160Q,78,/mnt/d/Proga/OpenFold_codex/OpenFold3_project/data/raw/fireprot_upload/pdbs/1EY0.pdb
P00644,1EY0,A,161,G,A,2.3,G161A,79,/mnt/d/Proga/OpenFold_codex/OpenFold3_project/data/raw/fireprot_upload/pdbs/1EY0.pdb
P00644,1EY0,A,161,G,D,2.29,G161D,79,/mnt/d/Proga/OpenFold_codex/OpenFold3_project/data/raw/fireprot_upload/pdbs/1EY0.pdb
P00644,1EY0,A,161,G,S,2.31,G161S,79,/mnt/d/Proga/OpenFold_codex/OpenFold3_project/data/raw/fireprot_upload/pdbs/1EY0.pdb
P00644,1EY0,A,161,G,V,2.3,G161V,79,/mnt/d/Proga/OpenFold_codex/OpenFold3_project/data/raw/fireprot_upload/pdbs/1EY0.pdb
P00644,1EY0,A,162,Q,A,0.05,Q162A,80,/mnt/d/Proga/OpenFold_codex/OpenFold3_project/data/raw/fireprot_upload/pdbs/1EY0.pdb
P00644,1EY0,A,162,Q,F,0.6499999999999999,Q162F,80,/mnt/d/Proga/OpenFold_codex/OpenFold3_project/data/raw/fireprot_upload/pdbs/1EY0.pdb
P00644,1EY0,A,162,Q,G,1.2999999999999998,Q162G,80,/mnt/d/Proga/OpenFold_codex/OpenFold3_project/data/raw/fireprot_upload/pdbs/1EY0.pdb
P00644,1EY0,A,163,R,A,1.1,R163A,81,/mnt/d/Proga/OpenFold_codex/OpenFold3_project/data/raw/fireprot_upload/pdbs/1EY0.pdb
P00644,1EY0,A,163,R,G,2.1500000000000004,R163G,81,/mnt/d/Proga/OpenFold_codex/OpenFold3_project/data/raw/fireprot_upload/pdbs/1EY0.pdb
P00644,1EY0,A,164,T,A,0.9,T164A,82,/mnt/d/Proga/OpenFold_codex/OpenFold3_project/data/raw/fireprot_upload/pdbs/1EY0.pdb
P00644,1EY0,A,164,T,C,0.15,T164C,82,/mnt/d/Proga/OpenFold_codex/OpenFold3_project/data/raw/fireprot_upload/pdbs/1EY0.pdb
P00644,1EY0,A,164,T,G,2.0,T164G,82,/mnt/d/Proga/OpenFold_codex/OpenFold3_project/data/raw/fireprot_upload/pdbs/1EY0.pdb
P00644,1EY0,A,164,T,I,-0.5,T164I,82,/mnt/d/Proga/OpenFold_codex/OpenFold3_project/data/raw/fireprot_upload/pdbs/1EY0.pdb
P00644,1EY0,A,164,T,S,0.75,T164S,82,/mnt/d/Proga/OpenFold_codex/OpenFold3_project/data/raw/fireprot_upload/pdbs/1EY0.pdb
P00644,1EY0,A,164,T,V,-0.2,T164V,82,/mnt/d/Proga/OpenFold_codex/OpenFold3_project/data/raw/fireprot_upload/pdbs/1EY0.pdb
P00644,1EY0,A,165,D,A,3.85,D165A,83,/mnt/d/Proga/OpenFold_codex/OpenFold3_project/data/raw/fireprot_upload/pdbs/1EY0.pdb
P00644,1EY0,A,165,D,F,5.2,D165F,83,/mnt/d/Proga/OpenFold_codex/OpenFold3_project/data/raw/fireprot_upload/pdbs/1EY0.pdb
P00644,1EY0,A,165,D,G,2.7,D165G,83,/mnt/d/Proga/OpenFold_codex/OpenFold3_project/data/raw/fireprot_upload/pdbs/1EY0.pdb
P00644,1EY0,A,166,K,A,-0.15,K166A,84,/mnt/d/Proga/OpenFold_codex/OpenFold3_project/data/raw/fireprot_upload/pdbs/1EY0.pdb
P00644,1EY0,A,166,K,E,0.0,K166E,84,/mnt/d/Proga/OpenFold_codex/OpenFold3_project/data/raw/fireprot_upload/pdbs/1EY0.pdb
P00644,1EY0,A,166,K,F,0.8500000000000001,K166F,84,/mnt/d/Proga/OpenFold_codex/OpenFold3_project/data/raw/fireprot_upload/pdbs/1EY0.pdb
P00644,1EY0,A,166,K,G,0.35,K166G,84,/mnt/d/Proga/OpenFold_codex/OpenFold3_project/data/raw/fireprot_upload/pdbs/1EY0.pdb
P00644,1EY0,A,166,K,Q,0.1,K166Q,84,/mnt/d/Proga/OpenFold_codex/OpenFold3_project/data/raw/fireprot_upload/pdbs/1EY0.pdb
P00644,1EY0,A,167,Y,A,0.4,Y167A,85,/mnt/d/Proga/OpenFold_codex/OpenFold3_project/data/raw/fireprot_upload/pdbs/1EY0.pdb
P00644,1EY0,A,167,Y,F,0.1,Y167F,85,/mnt/d/Proga/OpenFold_codex/OpenFold3_project/data/raw/fireprot_upload/pdbs/1EY0.pdb
P00644,1EY0,A,167,Y,G,1.05,Y167G,85,/mnt/d/Proga/OpenFold_codex/OpenFold3_project/data/raw/fireprot_upload/pdbs/1EY0.pdb
P00644,1EY0,A,167,Y,L,0.1,Y167L,85,/mnt/d/Proga/OpenFold_codex/OpenFold3_project/data/raw/fireprot_upload/pdbs/1EY0.pdb
P00644,1EY0,A,168,G,A,0.4666666666666667,G168A,86,/mnt/d/Proga/OpenFold_codex/OpenFold3_project/data/raw/fireprot_upload/pdbs/1EY0.pdb
P00644,1EY0,A,168,G,F,2.0,G168F,86,/mnt/d/Proga/OpenFold_codex/OpenFold3_project/data/raw/fireprot_upload/pdbs/1EY0.pdb
P00644,1EY0,A,168,G,V,3.7,G168V,86,/mnt/d/Proga/OpenFold_codex/OpenFold3_project/data/raw/fireprot_upload/pdbs/1EY0.pdb
P00644,1EY0,A,169,R,A,0.8500000000000001,R169A,87,/mnt/d/Proga/OpenFold_codex/OpenFold3_project/data/raw/fireprot_upload/pdbs/1EY0.pdb
P00644,1EY0,A,169,R,G,2.55,R169G,87,/mnt/d/Proga/OpenFold_codex/OpenFold3_project/data/raw/fireprot_upload/pdbs/1EY0.pdb
P00644,1EY0,A,170,G,A,0.15,G170A,88,/mnt/d/Proga/OpenFold_codex/OpenFold3_project/data/raw/fireprot_upload/pdbs/1EY0.pdb
P00644,1EY0,A,170,G,V,0.0499999999999999,G170V,88,/mnt/d/Proga/OpenFold_codex/OpenFold3_project/data/raw/fireprot_upload/pdbs/1EY0.pdb
P00644,1EY0,A,170,G,W,0.7525,G170W,88,/mnt/d/Proga/OpenFold_codex/OpenFold3_project/data/raw/fireprot_upload/pdbs/1EY0.pdb
P00644,1EY0,A,171,L,A,2.6,L171A,89,/mnt/d/Proga/OpenFold_codex/OpenFold3_project/data/raw/fireprot_upload/pdbs/1EY0.pdb
P00644,1EY0,A,171,L,F,1.2,L171F,89,/mnt/d/Proga/OpenFold_codex/OpenFold3_project/data/raw/fireprot_upload/pdbs/1EY0.pdb
P00644,1EY0,A,171,L,G,3.2,L171G,89,/mnt/d/Proga/OpenFold_codex/OpenFold3_project/data/raw/fireprot_upload/pdbs/1EY0.pdb
P00644,1EY0,A,171,L,I,1.1,L171I,89,/mnt/d/Proga/OpenFold_codex/OpenFold3_project/data/raw/fireprot_upload/pdbs/1EY0.pdb
P00644,1EY0,A,171,L,V,1.4,L171V,89,/mnt/d/Proga/OpenFold_codex/OpenFold3_project/data/raw/fireprot_upload/pdbs/1EY0.pdb
P00644,1EY0,A,172,A,E,8.6,A172E,90,/mnt/d/Proga/OpenFold_codex/OpenFold3_project/data/raw/fireprot_upload/pdbs/1EY0.pdb
P00644,1EY0,A,172,A,G,1.95,A172G,90,/mnt/d/Proga/OpenFold_codex/OpenFold3_project/data/raw/fireprot_upload/pdbs/1EY0.pdb
P00644,1EY0,A,172,A,S,2.0,A172S,90,/mnt/d/Proga/OpenFold_codex/OpenFold3_project/data/raw/fireprot_upload/pdbs/1EY0.pdb
P00644,1EY0,A,172,A,V,0.1,A172V,90,/mnt/d/Proga/OpenFold_codex/OpenFold3_project/data/raw/fireprot_upload/pdbs/1EY0.pdb
P00644,1EY0,A,173,Y,A,5.3,Y173A,91,/mnt/d/Proga/OpenFold_codex/OpenFold3_project/data/raw/fireprot_upload/pdbs/1EY0.pdb
P00644,1EY0,A,173,Y,E,8.7,Y173E,91,/mnt/d/Proga/OpenFold_codex/OpenFold3_project/data/raw/fireprot_upload/pdbs/1EY0.pdb
P00644,1EY0,A,173,Y,F,2.35,Y173F,91,/mnt/d/Proga/OpenFold_codex/OpenFold3_project/data/raw/fireprot_upload/pdbs/1EY0.pdb
P00644,1EY0,A,173,Y,G,6.7,Y173G,91,/mnt/d/Proga/OpenFold_codex/OpenFold3_project/data/raw/fireprot_upload/pdbs/1EY0.pdb
P00644,1EY0,A,173,Y,L,3.85,Y173L,91,/mnt/d/Proga/OpenFold_codex/OpenFold3_project/data/raw/fireprot_upload/pdbs/1EY0.pdb
P00644,1EY0,A,173,Y,S,5.3,Y173S,91,/mnt/d/Proga/OpenFold_codex/OpenFold3_project/data/raw/fireprot_upload/pdbs/1EY0.pdb
P00644,1EY0,A,174,I,A,4.05,I174A,92,/mnt/d/Proga/OpenFold_codex/OpenFold3_project/data/raw/fireprot_upload/pdbs/1EY0.pdb
P00644,1EY0,A,174,I,E,9.2,I174E,92,/mnt/d/Proga/OpenFold_codex/OpenFold3_project/data/raw/fireprot_upload/pdbs/1EY0.pdb
P00644,1EY0,A,174,I,G,6.6,I174G,92,/mnt/d/Proga/OpenFold_codex/OpenFold3_project/data/raw/fireprot_upload/pdbs/1EY0.pdb
P00644,1EY0,A,174,I,L,0.6,I174L,92,/mnt/d/Proga/OpenFold_codex/OpenFold3_project/data/raw/fireprot_upload/pdbs/1EY0.pdb
P00644,1EY0,A,174,I,M,1.7000000000000002,I174M,92,/mnt/d/Proga/OpenFold_codex/OpenFold3_project/data/raw/fireprot_upload/pdbs/1EY0.pdb
P00644,1EY0,A,174,I,V,0.45,I174V,92,/mnt/d/Proga/OpenFold_codex/OpenFold3_project/data/raw/fireprot_upload/pdbs/1EY0.pdb
P00644,1EY0,A,175,Y,A,6.5,Y175A,93,/mnt/d/Proga/OpenFold_codex/OpenFold3_project/data/raw/fireprot_upload/pdbs/1EY0.pdb
P00644,1EY0,A,175,Y,F,1.9,Y175F,93,/mnt/d/Proga/OpenFold_codex/OpenFold3_project/data/raw/fireprot_upload/pdbs/1EY0.pdb
P00644,1EY0,A,175,Y,G,7.5,Y175G,93,/mnt/d/Proga/OpenFold_codex/OpenFold3_project/data/raw/fireprot_upload/pdbs/1EY0.pdb
P00644,1EY0,A,175,Y,L,4.5,Y175L,93,/mnt/d/Proga/OpenFold_codex/OpenFold3_project/data/raw/fireprot_upload/pdbs/1EY0.pdb
P00644,1EY0,A,176,A,G,2.4,A176G,94,/mnt/d/Proga/OpenFold_codex/OpenFold3_project/data/raw/fireprot_upload/pdbs/1EY0.pdb
P00644,1EY0,A,176,A,V,1.3,A176V,94,/mnt/d/Proga/OpenFold_codex/OpenFold3_project/data/raw/fireprot_upload/pdbs/1EY0.pdb
P00644,1EY0,A,177,D,A,3.45,D177A,95,/mnt/d/Proga/OpenFold_codex/OpenFold3_project/data/raw/fireprot_upload/pdbs/1EY0.pdb
P00644,1EY0,A,177,D,F,5.3,D177F,95,/mnt/d/Proga/OpenFold_codex/OpenFold3_project/data/raw/fireprot_upload/pdbs/1EY0.pdb
P00644,1EY0,A,177,D,G,2.875,D177G,95,/mnt/d/Proga/OpenFold_codex/OpenFold3_project/data/raw/fireprot_upload/pdbs/1EY0.pdb
P00644,1EY0,A,178,G,A,1.75,G178A,96,/mnt/d/Proga/OpenFold_codex/OpenFold3_project/data/raw/fireprot_upload/pdbs/1EY0.pdb
P00644,1EY0,A,178,G,F,2.75,G178F,96,/mnt/d/Proga/OpenFold_codex/OpenFold3_project/data/raw/fireprot_upload/pdbs/1EY0.pdb
P00644,1EY0,A,178,G,V,3.7,G178V,96,/mnt/d/Proga/OpenFold_codex/OpenFold3_project/data/raw/fireprot_upload/pdbs/1EY0.pdb
P00644,1EY0,A,179,K,A,0.15,K179A,97,/mnt/d/Proga/OpenFold_codex/OpenFold3_project/data/raw/fireprot_upload/pdbs/1EY0.pdb
P00644,1EY0,A,179,K,E,0.55,K179E,97,/mnt/d/Proga/OpenFold_codex/OpenFold3_project/data/raw/fireprot_upload/pdbs/1EY0.pdb
P00644,1EY0,A,179,K,F,0.6499999999999999,K179F,97,/mnt/d/Proga/OpenFold_codex/OpenFold3_project/data/raw/fireprot_upload/pdbs/1EY0.pdb
P00644,1EY0,A,179,K,G,1.7999999999999998,K179G,97,/mnt/d/Proga/OpenFold_codex/OpenFold3_project/data/raw/fireprot_upload/pdbs/1EY0.pdb
P00644,1EY0,A,179,K,Q,0.35,K179Q,97,/mnt/d/Proga/OpenFold_codex/OpenFold3_project/data/raw/fireprot_upload/pdbs/1EY0.pdb
P00644,1EY0,A,180,M,A,4.5,M180A,98,/mnt/d/Proga/OpenFold_codex/OpenFold3_project/data/raw/fireprot_upload/pdbs/1EY0.pdb
P00644,1EY0,A,180,M,G,4.45,M180G,98,/mnt/d/Proga/OpenFold_codex/OpenFold3_project/data/raw/fireprot_upload/pdbs/1EY0.pdb
P00644,1EY0,A,180,M,I,4.4,M180I,98,/mnt/d/Proga/OpenFold_codex/OpenFold3_project/data/raw/fireprot_upload/pdbs/1EY0.pdb
P00644,1EY0,A,180,M,L,2.3,M180L,98,/mnt/d/Proga/OpenFold_codex/OpenFold3_project/data/raw/fireprot_upload/pdbs/1EY0.pdb
P00644,1EY0,A,181,V,A,3.3,V181A,99,/mnt/d/Proga/OpenFold_codex/OpenFold3_project/data/raw/fireprot_upload/pdbs/1EY0.pdb
P00644,1EY0,A,181,V,E,8.7,V181E,99,/mnt/d/Proga/OpenFold_codex/OpenFold3_project/data/raw/fireprot_upload/pdbs/1EY0.pdb
P00644,1EY0,A,181,V,G,5.0,V181G,99,/mnt/d/Proga/OpenFold_codex/OpenFold3_project/data/raw/fireprot_upload/pdbs/1EY0.pdb
P00644,1EY0,A,181,V,I,0.15,V181I,99,/mnt/d/Proga/OpenFold_codex/OpenFold3_project/data/raw/fireprot_upload/pdbs/1EY0.pdb
P00644,1EY0,A,181,V,L,0.2,V181L,99,/mnt/d/Proga/OpenFold_codex/OpenFold3_project/data/raw/fireprot_upload/pdbs/1EY0.pdb
P00644,1EY0,A,181,V,S,5.1,V181S,99,/mnt/d/Proga/OpenFold_codex/OpenFold3_project/data/raw/fireprot_upload/pdbs/1EY0.pdb
P00644,1EY0,A,181,V,T,3.35,V181T,99,/mnt/d/Proga/OpenFold_codex/OpenFold3_project/data/raw/fireprot_upload/pdbs/1EY0.pdb
P00644,1EY0,A,182,N,A,5.2,N182A,100,/mnt/d/Proga/OpenFold_codex/OpenFold3_project/data/raw/fireprot_upload/pdbs/1EY0.pdb
P00644,1EY0,A,182,N,E,4.4,N182E,100,/mnt/d/Proga/OpenFold_codex/OpenFold3_project/data/raw/fireprot_upload/pdbs/1EY0.pdb
P00644,1EY0,A,182,N,G,5.05,N182G,100,/mnt/d/Proga/OpenFold_codex/OpenFold3_project/data/raw/fireprot_upload/pdbs/1EY0.pdb
P00644,1EY0,A,183,E,A,1.65,E183A,101,/mnt/d/Proga/OpenFold_codex/OpenFold3_project/data/raw/fireprot_upload/pdbs/1EY0.pdb
P00644,1EY0,A,183,E,F,2.9000000000000004,E183F,101,/mnt/d/Proga/OpenFold_codex/OpenFold3_project/data/raw/fireprot_upload/pdbs/1EY0.pdb
P00644,1EY0,A,183,E,G,2.8,E183G,101,/mnt/d/Proga/OpenFold_codex/OpenFold3_project/data/raw/fireprot_upload/pdbs/1EY0.pdb
P00644,1EY0,A,184,A,F,1.7999999999999998,A184F,102,/mnt/d/Proga/OpenFold_codex/OpenFold3_project/data/raw/fireprot_upload/pdbs/1EY0.pdb
P00644,1EY0,A,184,A,G,1.35,A184G,102,/mnt/d/Proga/OpenFold_codex/OpenFold3_project/data/raw/fireprot_upload/pdbs/1EY0.pdb
P00644,1EY0,A,184,A,V,1.85,A184V,102,/mnt/d/Proga/OpenFold_codex/OpenFold3_project/data/raw/fireprot_upload/pdbs/1EY0.pdb
P00644,1EY0,A,185,L,A,4.6,L185A,103,/mnt/d/Proga/OpenFold_codex/OpenFold3_project/data/raw/fireprot_upload/pdbs/1EY0.pdb
P00644,1EY0,A,185,L,E,7.2,L185E,103,/mnt/d/Proga/OpenFold_codex/OpenFold3_project/data/raw/fireprot_upload/pdbs/1EY0.pdb
P00644,1EY0,A,185,L,G,6.6,L185G,103,/mnt/d/Proga/OpenFold_codex/OpenFold3_project/data/raw/fireprot_upload/pdbs/1EY0.pdb
P00644,1EY0,A,185,L,I,1.1,L185I,103,/mnt/d/Proga/OpenFold_codex/OpenFold3_project/data/raw/fireprot_upload/pdbs/1EY0.pdb
P00644,1EY0,A,185,L,V,2.0,L185V,103,/mnt/d/Proga/OpenFold_codex/OpenFold3_project/data/raw/fireprot_upload/pdbs/1EY0.pdb
P00644,1EY0,A,186,V,A,2.85,V186A,104,/mnt/d/Proga/OpenFold_codex/OpenFold3_project/data/raw/fireprot_upload/pdbs/1EY0.pdb
P00644,1EY0,A,186,V,E,6.5,V186E,104,/mnt/d/Proga/OpenFold_codex/OpenFold3_project/data/raw/fireprot_upload/pdbs/1EY0.pdb
P00644,1EY0,A,186,V,G,6.5,V186G,104,/mnt/d/Proga/OpenFold_codex/OpenFold3_project/data/raw/fireprot_upload/pdbs/1EY0.pdb
P00644,1EY0,A,186,V,I,-0.25,V186I,104,/mnt/d/Proga/OpenFold_codex/OpenFold3_project/data/raw/fireprot_upload/pdbs/1EY0.pdb
P00644,1EY0,A,186,V,L,0.8,V186L,104,/mnt/d/Proga/OpenFold_codex/OpenFold3_project/data/raw/fireprot_upload/pdbs/1EY0.pdb
P00644,1EY0,A,186,V,S,4.9,V186S,104,/mnt/d/Proga/OpenFold_codex/OpenFold3_project/data/raw/fireprot_upload/pdbs/1EY0.pdb
P00644,1EY0,A,186,V,T,2.5,V186T,104,/mnt/d/Proga/OpenFold_codex/OpenFold3_project/data/raw/fireprot_upload/pdbs/1EY0.pdb
P00644,1EY0,A,187,R,A,1.35,R187A,105,/mnt/d/Proga/OpenFold_codex/OpenFold3_project/data/raw/fireprot_upload/pdbs/1EY0.pdb
P00644,1EY0,A,187,R,C,2.6,R187C,105,/mnt/d/Proga/OpenFold_codex/OpenFold3_project/data/raw/fireprot_upload/pdbs/1EY0.pdb
P00644,1EY0,A,187,R,F,2.95,R187F,105,/mnt/d/Proga/OpenFold_codex/OpenFold3_project/data/raw/fireprot_upload/pdbs/1EY0.pdb
P00644,1EY0,A,187,R,G,2.4,R187G,105,/mnt/d/Proga/OpenFold_codex/OpenFold3_project/data/raw/fireprot_upload/pdbs/1EY0.pdb
P00644,1EY0,A,188,Q,A,-0.15,Q188A,106,/mnt/d/Proga/OpenFold_codex/OpenFold3_project/data/raw/fireprot_upload/pdbs/1EY0.pdb
P00644,1EY0,A,188,Q,G,1.5,Q188G,106,/mnt/d/Proga/OpenFold_codex/OpenFold3_project/data/raw/fireprot_upload/pdbs/1EY0.pdb
P00644,1EY0,A,189,G,A,4.45,G189A,107,/mnt/d/Proga/OpenFold_codex/OpenFold3_project/data/raw/fireprot_upload/pdbs/1EY0.pdb
P00644,1EY0,A,189,G,V,7.5,G189V,107,/mnt/d/Proga/OpenFold_codex/OpenFold3_project/data/raw/fireprot_upload/pdbs/1EY0.pdb
P00644,1EY0,A,190,L,A,5.8,L190A,108,/mnt/d/Proga/OpenFold_codex/OpenFold3_project/data/raw/fireprot_upload/pdbs/1EY0.pdb
P00644,1EY0,A,190,L,G,7.2,L190G,108,/mnt/d/Proga/OpenFold_codex/OpenFold3_project/data/raw/fireprot_upload/pdbs/1EY0.pdb
P00644,1EY0,A,190,L,I,3.35,L190I,108,/mnt/d/Proga/OpenFold_codex/OpenFold3_project/data/raw/fireprot_upload/pdbs/1EY0.pdb
P00644,1EY0,A,190,L,V,3.85,L190V,108,/mnt/d/Proga/OpenFold_codex/OpenFold3_project/data/raw/fireprot_upload/pdbs/1EY0.pdb
P00644,1EY0,A,191,A,E,7.7,A191E,109,/mnt/d/Proga/OpenFold_codex/OpenFold3_project/data/raw/fireprot_upload/pdbs/1EY0.pdb
P00644,1EY0,A,191,A,G,1.0,A191G,109,/mnt/d/Proga/OpenFold_codex/OpenFold3_project/data/raw/fireprot_upload/pdbs/1EY0.pdb
P00644,1EY0,A,191,A,V,2.95,A191V,109,/mnt/d/Proga/OpenFold_codex/OpenFold3_project/data/raw/fireprot_upload/pdbs/1EY0.pdb
P00644,1EY0,A,192,K,A,1.3,K192A,110,/mnt/d/Proga/OpenFold_codex/OpenFold3_project/data/raw/fireprot_upload/pdbs/1EY0.pdb
P00644,1EY0,A,192,K,G,2.7,K192G,110,/mnt/d/Proga/OpenFold_codex/OpenFold3_project/data/raw/fireprot_upload/pdbs/1EY0.pdb
P00644,1EY0,A,193,V,A,4.425,V193A,111,/mnt/d/Proga/OpenFold_codex/OpenFold3_project/data/raw/fireprot_upload/pdbs/1EY0.pdb
P00644,1EY0,A,193,V,G,4.85,V193G,111,/mnt/d/Proga/OpenFold_codex/OpenFold3_project/data/raw/fireprot_upload/pdbs/1EY0.pdb
P00644,1EY0,A,193,V,I,0.7,V193I,111,/mnt/d/Proga/OpenFold_codex/OpenFold3_project/data/raw/fireprot_upload/pdbs/1EY0.pdb
P00644,1EY0,A,193,V,L,0.9,V193L,111,/mnt/d/Proga/OpenFold_codex/OpenFold3_project/data/raw/fireprot_upload/pdbs/1EY0.pdb
P00644,1EY0,A,193,V,S,4.75,V193S,111,/mnt/d/Proga/OpenFold_codex/OpenFold3_project/data/raw/fireprot_upload/pdbs/1EY0.pdb
P00644,1EY0,A,193,V,T,2.35,V193T,111,/mnt/d/Proga/OpenFold_codex/OpenFold3_project/data/raw/fireprot_upload/pdbs/1EY0.pdb
P00644,1EY0,A,194,A,C,0.8,A194C,112,/mnt/d/Proga/OpenFold_codex/OpenFold3_project/data/raw/fireprot_upload/pdbs/1EY0.pdb
P00644,1EY0,A,194,A,F,1.4333333333333336,A194F,112,/mnt/d/Proga/OpenFold_codex/OpenFold3_project/data/raw/fireprot_upload/pdbs/1EY0.pdb
P00644,1EY0,A,194,A,G,-0.1,A194G,112,/mnt/d/Proga/OpenFold_codex/OpenFold3_project/data/raw/fireprot_upload/pdbs/1EY0.pdb
P00644,1EY0,A,194,A,V,1.35,A194V,112,/mnt/d/Proga/OpenFold_codex/OpenFold3_project/data/raw/fireprot_upload/pdbs/1EY0.pdb
P00644,1EY0,A,195,Y,A,-0.05,Y195A,113,/mnt/d/Proga/OpenFold_codex/OpenFold3_project/data/raw/fireprot_upload/pdbs/1EY0.pdb
P00644,1EY0,A,195,Y,F,-0.05,Y195F,113,/mnt/d/Proga/OpenFold_codex/OpenFold3_project/data/raw/fireprot_upload/pdbs/1EY0.pdb
P00644,1EY0,A,195,Y,G,0.25,Y195G,113,/mnt/d/Proga/OpenFold_codex/OpenFold3_project/data/raw/fireprot_upload/pdbs/1EY0.pdb
P00644,1EY0,A,195,Y,L,-0.2,Y195L,113,/mnt/d/Proga/OpenFold_codex/OpenFold3_project/data/raw/fireprot_upload/pdbs/1EY0.pdb
P00644,1EY0,A,196,V,A,-0.05,V196A,114,/mnt/d/Proga/OpenFold_codex/OpenFold3_project/data/raw/fireprot_upload/pdbs/1EY0.pdb
P00644,1EY0,A,196,V,G,0.1,V196G,114,/mnt/d/Proga/OpenFold_codex/OpenFold3_project/data/raw/fireprot_upload/pdbs/1EY0.pdb
P00644,1EY0,A,196,V,I,0.1,V196I,114,/mnt/d/Proga/OpenFold_codex/OpenFold3_project/data/raw/fireprot_upload/pdbs/1EY0.pdb
P00644,1EY0,A,196,V,L,1.1,V196L,114,/mnt/d/Proga/OpenFold_codex/OpenFold3_project/data/raw/fireprot_upload/pdbs/1EY0.pdb
P00644,1EY0,A,196,V,S,0.0,V196S,114,/mnt/d/Proga/OpenFold_codex/OpenFold3_project/data/raw/fireprot_upload/pdbs/1EY0.pdb
P00644,1EY0,A,196,V,T,0.3,V196T,114,/mnt/d/Proga/OpenFold_codex/OpenFold3_project/data/raw/fireprot_upload/pdbs/1EY0.pdb
P00644,1EY0,A,197,Y,A,0.25,Y197A,115,/mnt/d/Proga/OpenFold_codex/OpenFold3_project/data/raw/fireprot_upload/pdbs/1EY0.pdb
P00644,1EY0,A,197,Y,F,0.05,Y197F,115,/mnt/d/Proga/OpenFold_codex/OpenFold3_project/data/raw/fireprot_upload/pdbs/1EY0.pdb
P00644,1EY0,A,197,Y,G,0.6499999999999999,Y197G,115,/mnt/d/Proga/OpenFold_codex/OpenFold3_project/data/raw/fireprot_upload/pdbs/1EY0.pdb
P00644,1EY0,A,197,Y,L,0.25,Y197L,115,/mnt/d/Proga/OpenFold_codex/OpenFold3_project/data/raw/fireprot_upload/pdbs/1EY0.pdb
P00644,1EY0,A,198,K,A,-0.7,K198A,116,/mnt/d/Proga/OpenFold_codex/OpenFold3_project/data/raw/fireprot_upload/pdbs/1EY0.pdb
P00644,1EY0,A,198,K,F,0.15,K198F,116,/mnt/d/Proga/OpenFold_codex/OpenFold3_project/data/raw/fireprot_upload/pdbs/1EY0.pdb
P00644,1EY0,A,198,K,G,-1.05,K198G,116,/mnt/d/Proga/OpenFold_codex/OpenFold3_project/data/raw/fireprot_upload/pdbs/1EY0.pdb
P00644,1EY0,A,199,P,A,-0.8,P199A,117,/mnt/d/Proga/OpenFold_codex/OpenFold3_project/data/raw/fireprot_upload/pdbs/1EY0.pdb
P00644,1EY0,A,199,P,F,-0.3,P199F,117,/mnt/d/Proga/OpenFold_codex/OpenFold3_project/data/raw/fireprot_upload/pdbs/1EY0.pdb
P00644,1EY0,A,199,P,G,-1.1666666666666667,P199G,117,/mnt/d/Proga/OpenFold_codex/OpenFold3_project/data/raw/fireprot_upload/pdbs/1EY0.pdb
P00644,1EY0,A,199,P,L,-0.2,P199L,117,/mnt/d/Proga/OpenFold_codex/OpenFold3_project/data/raw/fireprot_upload/pdbs/1EY0.pdb
P00644,1EY0,A,199,P,T,-1.1,P199T,117,/mnt/d/Proga/OpenFold_codex/OpenFold3_project/data/raw/fireprot_upload/pdbs/1EY0.pdb
P00644,1EY0,A,200,N,A,2.0,N200A,118,/mnt/d/Proga/OpenFold_codex/OpenFold3_project/data/raw/fireprot_upload/pdbs/1EY0.pdb
P00644,1EY0,A,200,N,D,2.4,N200D,118,/mnt/d/Proga/OpenFold_codex/OpenFold3_project/data/raw/fireprot_upload/pdbs/1EY0.pdb
P00644,1EY0,A,200,N,E,1.9,N200E,118,/mnt/d/Proga/OpenFold_codex/OpenFold3_project/data/raw/fireprot_upload/pdbs/1EY0.pdb
P00644,1EY0,A,200,N,G,1.7666666666666668,N200G,118,/mnt/d/Proga/OpenFold_codex/OpenFold3_project/data/raw/fireprot_upload/pdbs/1EY0.pdb
P00644,1EY0,A,201,N,A,1.1666666666666667,N201A,119,/mnt/d/Proga/OpenFold_codex/OpenFold3_project/data/raw/fireprot_upload/pdbs/1EY0.pdb
P00644,1EY0,A,201,N,G,1.1666666666666667,N201G,119,/mnt/d/Proga/OpenFold_codex/OpenFold3_project/data/raw/fireprot_upload/pdbs/1EY0.pdb
P00644,1EY0,A,202,T,A,1.15,T202A,120,/mnt/d/Proga/OpenFold_codex/OpenFold3_project/data/raw/fireprot_upload/pdbs/1EY0.pdb
P00644,1EY0,A,202,T,C,1.65,T202C,120,/mnt/d/Proga/OpenFold_codex/OpenFold3_project/data/raw/fireprot_upload/pdbs/1EY0.pdb
P00644,1EY0,A,202,T,G,2.0,T202G,120,/mnt/d/Proga/OpenFold_codex/OpenFold3_project/data/raw/fireprot_upload/pdbs/1EY0.pdb
P00644,1EY0,A,202,T,I,1.6,T202I,120,/mnt/d/Proga/OpenFold_codex/OpenFold3_project/data/raw/fireprot_upload/pdbs/1EY0.pdb
P00644,1EY0,A,202,T,S,0.6,T202S,120,/mnt/d/Proga/OpenFold_codex/OpenFold3_project/data/raw/fireprot_upload/pdbs/1EY0.pdb
P00644,1EY0,A,202,T,V,1.7000000000000002,T202V,120,/mnt/d/Proga/OpenFold_codex/OpenFold3_project/data/raw/fireprot_upload/pdbs/1EY0.pdb
P00644,1EY0,A,203,H,A,3.0,H203A,121,/mnt/d/Proga/OpenFold_codex/OpenFold3_project/data/raw/fireprot_upload/pdbs/1EY0.pdb
P00644,1EY0,A,203,H,G,4.15,H203G,121,/mnt/d/Proga/OpenFold_codex/OpenFold3_project/data/raw/fireprot_upload/pdbs/1EY0.pdb
P00644,1EY0,A,204,E,A,0.35,E204A,122,/mnt/d/Proga/OpenFold_codex/OpenFold3_project/data/raw/fireprot_upload/pdbs/1EY0.pdb
P00644,1EY0,A,204,E,F,0.6000000000000001,E204F,122,/mnt/d/Proga/OpenFold_codex/OpenFold3_project/data/raw/fireprot_upload/pdbs/1EY0.pdb
P00644,1EY0,A,204,E,G,2.1,E204G,122,/mnt/d/Proga/OpenFold_codex/OpenFold3_project/data/raw/fireprot_upload/pdbs/1EY0.pdb
P00644,1EY0,A,204,E,K,2.6,E204K,122,/mnt/d/Proga/OpenFold_codex/OpenFold3_project/data/raw/fireprot_upload/pdbs/1EY0.pdb
P00644,1EY0,A,204,E,Q,1.55,E204Q,122,/mnt/d/Proga/OpenFold_codex/OpenFold3_project/data/raw/fireprot_upload/pdbs/1EY0.pdb
P00644,1EY0,A,205,Q,A,0.25,Q205A,123,/mnt/d/Proga/OpenFold_codex/OpenFold3_project/data/raw/fireprot_upload/pdbs/1EY0.pdb
P00644,1EY0,A,205,Q,F,0.6,Q205F,123,/mnt/d/Proga/OpenFold_codex/OpenFold3_project/data/raw/fireprot_upload/pdbs/1EY0.pdb
P00644,1EY0,A,205,Q,G,0.5,Q205G,123,/mnt/d/Proga/OpenFold_codex/OpenFold3_project/data/raw/fireprot_upload/pdbs/1EY0.pdb
P00644,1EY0,A,206,H,A,-0.5,H206A,124,/mnt/d/Proga/OpenFold_codex/OpenFold3_project/data/raw/fireprot_upload/pdbs/1EY0.pdb
P00644,1EY0,A,206,H,E,-0.35,H206E,124,/mnt/d/Proga/OpenFold_codex/OpenFold3_project/data/raw/fireprot_upload/pdbs/1EY0.pdb
P00644,1EY0,A,206,H,F,-0.4,H206F,124,/mnt/d/Proga/OpenFold_codex/OpenFold3_project/data/raw/fireprot_upload/pdbs/1EY0.pdb
P00644,1EY0,A,206,H,G,0.5,H206G,124,/mnt/d/Proga/OpenFold_codex/OpenFold3_project/data/raw/fireprot_upload/pdbs/1EY0.pdb
P00644,1EY0,A,206,H,L,-1.4500000000000002,H206L,124,/mnt/d/Proga/OpenFold_codex/OpenFold3_project/data/raw/fireprot_upload/pdbs/1EY0.pdb
P00644,1EY0,A,206,H,Q,-0.6499999999999999,H206Q,124,/mnt/d/Proga/OpenFold_codex/OpenFold3_project/data/raw/fireprot_upload/pdbs/1EY0.pdb
P00644,1EY0,A,207,L,A,4.85,L207A,125,/mnt/d/Proga/OpenFold_codex/OpenFold3_project/data/raw/fireprot_upload/pdbs/1EY0.pdb
P00644,1EY0,A,207,L,E,8.2,L207E,125,/mnt/d/Proga/OpenFold_codex/OpenFold3_project/data/raw/fireprot_upload/pdbs/1EY0.pdb
P00644,1EY0,A,207,L,G,7.0,L207G,125,/mnt/d/Proga/OpenFold_codex/OpenFold3_project/data/raw/fireprot_upload/pdbs/1EY0.pdb
P00644,1EY0,A,207,L,I,1.0,L207I,125,/mnt/d/Proga/OpenFold_codex/OpenFold3_project/data/raw/fireprot_upload/pdbs/1EY0.pdb
P00644,1EY0,A,207,L,V,2.3,L207V,125,/mnt/d/Proga/OpenFold_codex/OpenFold3_project/data/raw/fireprot_upload/pdbs/1EY0.pdb
P00644,1EY0,A,208,R,A,1.65,R208A,126,/mnt/d/Proga/OpenFold_codex/OpenFold3_project/data/raw/fireprot_upload/pdbs/1EY0.pdb
P00644,1EY0,A,208,R,G,2.9,R208G,126,/mnt/d/Proga/OpenFold_codex/OpenFold3_project/data/raw/fireprot_upload/pdbs/1EY0.pdb
P00644,1EY0,A,209,K,A,-0.2,K209A,127,/mnt/d/Proga/OpenFold_codex/OpenFold3_project/data/raw/fireprot_upload/pdbs/1EY0.pdb
P00644,1EY0,A,209,K,F,0.3,K209F,127,/mnt/d/Proga/OpenFold_codex/OpenFold3_project/data/raw/fireprot_upload/pdbs/1EY0.pdb
P00644,1EY0,A,209,K,G,0.7,K209G,127,/mnt/d/Proga/OpenFold_codex/OpenFold3_project/data/raw/fireprot_upload/pdbs/1EY0.pdb
P00644,1EY0,A,210,S,A,-0.75,S210A,128,/mnt/d/Proga/OpenFold_codex/OpenFold3_project/data/raw/fireprot_upload/pdbs/1EY0.pdb
P00644,1EY0,A,210,S,F,1.0,S210F,128,/mnt/d/Proga/OpenFold_codex/OpenFold3_project/data/raw/fireprot_upload/pdbs/1EY0.pdb
P00644,1EY0,A,210,S,G,1.55,S210G,128,/mnt/d/Proga/OpenFold_codex/OpenFold3_project/data/raw/fireprot_upload/pdbs/1EY0.pdb
P00644,1EY0,A,211,E,A,2.3,E211A,129,/mnt/d/Proga/OpenFold_codex/OpenFold3_project/data/raw/fireprot_upload/pdbs/1EY0.pdb
P00644,1EY0,A,211,E,F,3.95,E211F,129,/mnt/d/Proga/OpenFold_codex/OpenFold3_project/data/raw/fireprot_upload/pdbs/1EY0.pdb
P00644,1EY0,A,211,E,G,3.75,E211G,129,/mnt/d/Proga/OpenFold_codex/OpenFold3_project/data/raw/fireprot_upload/pdbs/1EY0.pdb
P00644,1EY0,A,212,A,G,1.05,A212G,130,/mnt/d/Proga/OpenFold_codex/OpenFold3_project/data/raw/fireprot_upload/pdbs/1EY0.pdb
P00644,1EY0,A,212,A,V,1.15,A212V,130,/mnt/d/Proga/OpenFold_codex/OpenFold3_project/data/raw/fireprot_upload/pdbs/1EY0.pdb
P00644,1EY0,A,213,Q,A,0.15,Q213A,131,/mnt/d/Proga/OpenFold_codex/OpenFold3_project/data/raw/fireprot_upload/pdbs/1EY0.pdb
P00644,1EY0,A,213,Q,F,0.6499999999999999,Q213F,131,/mnt/d/Proga/OpenFold_codex/OpenFold3_project/data/raw/fireprot_upload/pdbs/1EY0.pdb
P00644,1EY0,A,213,Q,G,2.35,Q213G,131,/mnt/d/Proga/OpenFold_codex/OpenFold3_project/data/raw/fireprot_upload/pdbs/1EY0.pdb
P00644,1EY0,A,214,A,E,7.3,A214E,132,/mnt/d/Proga/OpenFold_codex/OpenFold3_project/data/raw/fireprot_upload/pdbs/1EY0.pdb
P00644,1EY0,A,214,A,G,3.65,A214G,132,/mnt/d/Proga/OpenFold_codex/OpenFold3_project/data/raw/fireprot_upload/pdbs/1EY0.pdb
P00644,1EY0,A,214,A,V,4.75,A214V,132,/mnt/d/Proga/OpenFold_codex/OpenFold3_project/data/raw/fireprot_upload/pdbs/1EY0.pdb
P00644,1EY0,A,215,K,A,1.35,K215A,133,/mnt/d/Proga/OpenFold_codex/OpenFold3_project/data/raw/fireprot_upload/pdbs/1EY0.pdb
P00644,1EY0,A,215,K,F,1.35,K215F,133,/mnt/d/Proga/OpenFold_codex/OpenFold3_project/data/raw/fireprot_upload/pdbs/1EY0.pdb
P00644,1EY0,A,215,K,G,3.25,K215G,133,/mnt/d/Proga/OpenFold_codex/OpenFold3_project/data/raw/fireprot_upload/pdbs/1EY0.pdb
P00644,1EY0,A,215,K,Q,0.45,K215Q,133,/mnt/d/Proga/OpenFold_codex/OpenFold3_project/data/raw/fireprot_upload/pdbs/1EY0.pdb
P00644,1EY0,A,216,K,A,-0.1,K216A,134,/mnt/d/Proga/OpenFold_codex/OpenFold3_project/data/raw/fireprot_upload/pdbs/1EY0.pdb
P00644,1EY0,A,216,K,C,0.7,K216C,134,/mnt/d/Proga/OpenFold_codex/OpenFold3_project/data/raw/fireprot_upload/pdbs/1EY0.pdb
P00644,1EY0,A,216,K,F,0.4000000000000001,K216F,134,/mnt/d/Proga/OpenFold_codex/OpenFold3_project/data/raw/fireprot_upload/pdbs/1EY0.pdb
P00644,1EY0,A,216,K,G,0.75,K216G,134,/mnt/d/Proga/OpenFold_codex/OpenFold3_project/data/raw/fireprot_upload/pdbs/1EY0.pdb
P00644,1EY0,A,217,E,A,0.7,E217A,135,/mnt/d/Proga/OpenFold_codex/OpenFold3_project/data/raw/fireprot_upload/pdbs/1EY0.pdb
P00644,1EY0,A,217,E,F,1.15,E217F,135,/mnt/d/Proga/OpenFold_codex/OpenFold3_project/data/raw/fireprot_upload/pdbs/1EY0.pdb
P00644,1EY0,A,217,E,G,1.65,E217G,135,/mnt/d/Proga/OpenFold_codex/OpenFold3_project/data/raw/fireprot_upload/pdbs/1EY0.pdb
P00644,1EY0,A,217,E,K,1.15,E217K,135,/mnt/d/Proga/OpenFold_codex/OpenFold3_project/data/raw/fireprot_upload/pdbs/1EY0.pdb
P00644,1EY0,A,217,E,Q,0.7,E217Q,135,/mnt/d/Proga/OpenFold_codex/OpenFold3_project/data/raw/fireprot_upload/pdbs/1EY0.pdb
P00644,1EY0,A,218,K,A,0.8000000000000002,K218A,136,/mnt/d/Proga/OpenFold_codex/OpenFold3_project/data/raw/fireprot_upload/pdbs/1EY0.pdb
P00644,1EY0,A,218,K,F,1.1,K218F,136,/mnt/d/Proga/OpenFold_codex/OpenFold3_project/data/raw/fireprot_upload/pdbs/1EY0.pdb
P00644,1EY0,A,218,K,G,0.0333333333333333,K218G,136,/mnt/d/Proga/OpenFold_codex/OpenFold3_project/data/raw/fireprot_upload/pdbs/1EY0.pdb
P00644,1EY0,A,219,L,A,2.25,L219A,137,/mnt/d/Proga/OpenFold_codex/OpenFold3_project/data/raw/fireprot_upload/pdbs/1EY0.pdb
P00644,1EY0,A,219,L,G,4.5,L219G,137,/mnt/d/Proga/OpenFold_codex/OpenFold3_project/data/raw/fireprot_upload/pdbs/1EY0.pdb
P00644,1EY0,A,219,L,I,0.8,L219I,137,/mnt/d/Proga/OpenFold_codex/OpenFold3_project/data/raw/fireprot_upload/pdbs/1EY0.pdb
P00644,1EY0,A,219,L,V,1.4,L219V,137,/mnt/d/Proga/OpenFold_codex/OpenFold3_project/data/raw/fireprot_upload/pdbs/1EY0.pdb
P00644,1EY0,A,220,N,A,1.05,N220A,138,/mnt/d/Proga/OpenFold_codex/OpenFold3_project/data/raw/fireprot_upload/pdbs/1EY0.pdb
P00644,1EY0,A,220,N,G,-0.3,N220G,138,/mnt/d/Proga/OpenFold_codex/OpenFold3_project/data/raw/fireprot_upload/pdbs/1EY0.pdb
P00644,1EY0,A,221,I,A,3.4,I221A,139,/mnt/d/Proga/OpenFold_codex/OpenFold3_project/data/raw/fireprot_upload/pdbs/1EY0.pdb
P00644,1EY0,A,221,I,G,4.300000000000001,I221G,139,/mnt/d/Proga/OpenFold_codex/OpenFold3_project/data/raw/fireprot_upload/pdbs/1EY0.pdb
P00644,1EY0,A,221,I,L,0.1,I221L,139,/mnt/d/Proga/OpenFold_codex/OpenFold3_project/data/raw/fireprot_upload/pdbs/1EY0.pdb
P00644,1EY0,A,221,I,M,0.4,I221M,139,/mnt/d/Proga/OpenFold_codex/OpenFold3_project/data/raw/fireprot_upload/pdbs/1EY0.pdb
P00644,1EY0,A,221,I,V,1.45,I221V,139,/mnt/d/Proga/OpenFold_codex/OpenFold3_project/data/raw/fireprot_upload/pdbs/1EY0.pdb
P00644,1EY0,A,222,W,F,0.6,W222F,140,/mnt/d/Proga/OpenFold_codex/OpenFold3_project/data/raw/fireprot_upload/pdbs/1EY0.pdb
P00644,1EY0,A,222,W,H,0.4,W222H,140,/mnt/d/Proga/OpenFold_codex/OpenFold3_project/data/raw/fireprot_upload/pdbs/1EY0.pdb
P00644,1EY0,A,222,W,L,4.5,W222L,140,/mnt/d/Proga/OpenFold_codex/OpenFold3_project/data/raw/fireprot_upload/pdbs/1EY0.pdb
P00644,1EY0,A,222,W,Y,1.1,W222Y,140,/mnt/d/Proga/OpenFold_codex/OpenFold3_project/data/raw/fireprot_upload/pdbs/1EY0.pdb
P00648,1A2P,A,51,I,A,1.25,I51A,4,/mnt/d/Proga/OpenFold_codex/OpenFold3_project/data/raw/fireprot_upload/pdbs/1A2P.pdb
P00648,1A2P,A,51,I,V,0.7925000000000001,I51V,4,/mnt/d/Proga/OpenFold_codex/OpenFold3_project/data/raw/fireprot_upload/pdbs/1A2P.pdb
P00648,1A2P,A,52,N,A,1.7833333333333332,N52A,5,/mnt/d/Proga/OpenFold_codex/OpenFold3_project/data/raw/fireprot_upload/pdbs/1A2P.pdb
P00648,1A2P,A,53,T,A,2.2183333333333333,T53A,6,/mnt/d/Proga/OpenFold_codex/OpenFold3_project/data/raw/fireprot_upload/pdbs/1A2P.pdb
P00648,1A2P,A,53,T,D,-0.11,T53D,6,/mnt/d/Proga/OpenFold_codex/OpenFold3_project/data/raw/fireprot_upload/pdbs/1A2P.pdb
P00648,1A2P,A,53,T,E,0.27,T53E,6,/mnt/d/Proga/OpenFold_codex/OpenFold3_project/data/raw/fireprot_upload/pdbs/1A2P.pdb
P00648,1A2P,A,53,T,G,1.09,T53G,6,/mnt/d/Proga/OpenFold_codex/OpenFold3_project/data/raw/fireprot_upload/pdbs/1A2P.pdb
P00648,1A2P,A,53,T,H,2.1,T53H,6,/mnt/d/Proga/OpenFold_codex/OpenFold3_project/data/raw/fireprot_upload/pdbs/1A2P.pdb
P00648,1A2P,A,53,T,N,1.27,T53N,6,/mnt/d/Proga/OpenFold_codex/OpenFold3_project/data/raw/fireprot_upload/pdbs/1A2P.pdb
P00648,1A2P,A,53,T,P,3.1933333333333334,T53P,6,/mnt/d/Proga/OpenFold_codex/OpenFold3_project/data/raw/fireprot_upload/pdbs/1A2P.pdb
P00648,1A2P,A,53,T,Q,1.87,T53Q,6,/mnt/d/Proga/OpenFold_codex/OpenFold3_project/data/raw/fireprot_upload/pdbs/1A2P.pdb
P00648,1A2P,A,53,T,S,0.22,T53S,6,/mnt/d/Proga/OpenFold_codex/OpenFold3_project/data/raw/fireprot_upload/pdbs/1A2P.pdb
P00648,1A2P,A,54,F,L,4.199999999999999,F54L,7,/mnt/d/Proga/OpenFold_codex/OpenFold3_project/data/raw/fireprot_upload/pdbs/1A2P.pdb
P00648,1A2P,A,55,D,A,0.8225000000000001,D55A,8,/mnt/d/Proga/OpenFold_codex/OpenFold3_project/data/raw/fireprot_upload/pdbs/1A2P.pdb
P00648,1A2P,A,55,D,G,1.1566666666666665,D55G,8,/mnt/d/Proga/OpenFold_codex/OpenFold3_project/data/raw/fireprot_upload/pdbs/1A2P.pdb
P00648,1A2P,A,55,D,S,0.8233333333333333,D55S,8,/mnt/d/Proga/OpenFold_codex/OpenFold3_project/data/raw/fireprot_upload/pdbs/1A2P.pdb
P00648,1A2P,A,57,V,A,3.45,V57A,10,/mnt/d/Proga/OpenFold_codex/OpenFold3_project/data/raw/fireprot_upload/pdbs/1A2P.pdb
P00648,1A2P,A,57,V,T,2.345,V57T,10,/mnt/d/Proga/OpenFold_codex/OpenFold3_project/data/raw/fireprot_upload/pdbs/1A2P.pdb
P00648,1A2P,A,59,D,A,-0.1271428571428571,D59A,12,/mnt/d/Proga/OpenFold_codex/OpenFold3_project/data/raw/fireprot_upload/pdbs/1A2P.pdb
P00648,1A2P,A,59,D,G,0.8966666666666668,D59G,12,/mnt/d/Proga/OpenFold_codex/OpenFold3_project/data/raw/fireprot_upload/pdbs/1A2P.pdb
P00648,1A2P,A,59,D,S,0.7833333333333333,D59S,12,/mnt/d/Proga/OpenFold_codex/OpenFold3_project/data/raw/fireprot_upload/pdbs/1A2P.pdb
P00648,1A2P,A,60,Y,A,3.3775,Y60A,13,/mnt/d/Proga/OpenFold_codex/OpenFold3_project/data/raw/fireprot_upload/pdbs/1A2P.pdb
P00648,1A2P,A,60,Y,F,0.5033333333333333,Y60F,13,/mnt/d/Proga/OpenFold_codex/OpenFold3_project/data/raw/fireprot_upload/pdbs/1A2P.pdb
P00648,1A2P,A,60,Y,G,6.4,Y60G,13,/mnt/d/Proga/OpenFold_codex/OpenFold3_project/data/raw/fireprot_upload/pdbs/1A2P.pdb
P00648,1A2P,A,61,L,A,4.488571428571428,L61A,14,/mnt/d/Proga/OpenFold_codex/OpenFold3_project/data/raw/fireprot_upload/pdbs/1A2P.pdb
P00648,1A2P,A,62,Q,A,0.2,Q62A,15,/mnt/d/Proga/OpenFold_codex/OpenFold3_project/data/raw/fireprot_upload/pdbs/1A2P.pdb
P00648,1A2P,A,62,Q,G,1.6,Q62G,15,/mnt/d/Proga/OpenFold_codex/OpenFold3_project/data/raw/fireprot_upload/pdbs/1A2P.pdb
P00648,1A2P,A,62,Q,I,-1.2,Q62I,15,/mnt/d/Proga/OpenFold_codex/OpenFold3_project/data/raw/fireprot_upload/pdbs/1A2P.pdb
P00648,1A2P,A,63,T,A,0.3899999999999999,T63A,16,/mnt/d/Proga/OpenFold_codex/OpenFold3_project/data/raw/fireprot_upload/pdbs/1A2P.pdb
P00648,1A2P,A,63,T,G,1.4866666666666666,T63G,16,/mnt/d/Proga/OpenFold_codex/OpenFold3_project/data/raw/fireprot_upload/pdbs/1A2P.pdb
P00648,1A2P,A,63,T,R,0.0349999999999999,T63R,16,/mnt/d/Proga/OpenFold_codex/OpenFold3_project/data/raw/fireprot_upload/pdbs/1A2P.pdb
P00648,1A2P,A,63,T,S,1.6900000000000002,T63S,16,/mnt/d/Proga/OpenFold_codex/OpenFold3_project/data/raw/fireprot_upload/pdbs/1A2P.pdb
P00648,1A2P,A,64,Y,A,2.115,Y64A,17,/mnt/d/Proga/OpenFold_codex/OpenFold3_project/data/raw/fireprot_upload/pdbs/1A2P.pdb
P00648,1A2P,A,64,Y,F,0.4333333333333333,Y64F,17,/mnt/d/Proga/OpenFold_codex/OpenFold3_project/data/raw/fireprot_upload/pdbs/1A2P.pdb
P00648,1A2P,A,64,Y,G,4.4325,Y64G,17,/mnt/d/Proga/OpenFold_codex/OpenFold3_project/data/raw/fireprot_upload/pdbs/1A2P.pdb
P00648,1A2P,A,64,Y,S,2.29,Y64S,17,/mnt/d/Proga/OpenFold_codex/OpenFold3_project/data/raw/fireprot_upload/pdbs/1A2P.pdb
P00648,1A2P,A,65,H,A,2.0,H65A,18,/mnt/d/Proga/OpenFold_codex/OpenFold3_project/data/raw/fireprot_upload/pdbs/1A2P.pdb
P00648,1A2P,A,65,H,D,2.3866666666666667,H65D,18,/mnt/d/Proga/OpenFold_codex/OpenFold3_project/data/raw/fireprot_upload/pdbs/1A2P.pdb
P00648,1A2P,A,65,H,G,0.7949999999999999,H65G,18,/mnt/d/Proga/OpenFold_codex/OpenFold3_project/data/raw/fireprot_upload/pdbs/1A2P.pdb
P00648,1A2P,A,65,H,K,1.0975,H65K,18,/mnt/d/Proga/OpenFold_codex/OpenFold3_project/data/raw/fireprot_upload/pdbs/1A2P.pdb
P00648,1A2P,A,65,H,N,1.74,H65N,18,/mnt/d/Proga/OpenFold_codex/OpenFold3_project/data/raw/fireprot_upload/pdbs/1A2P.pdb
P00648,1A2P,A,65,H,Q,1.5133333333333334,H65Q,18,/mnt/d/Proga/OpenFold_codex/OpenFold3_project/data/raw/fireprot_upload/pdbs/1A2P.pdb
P00648,1A2P,A,65,H,R,1.09,H65R,18,/mnt/d/Proga/OpenFold_codex/OpenFold3_project/data/raw/fireprot_upload/pdbs/1A2P.pdb
P00648,1A2P,A,65,H,S,2.1933333333333334,H65S,18,/mnt/d/Proga/OpenFold_codex/OpenFold3_project/data/raw/fireprot_upload/pdbs/1A2P.pdb
P00648,1A2P,A,66,K,A,-0.8,K66A,19,/mnt/d/Proga/OpenFold_codex/OpenFold3_project/data/raw/fireprot_upload/pdbs/1A2P.pdb
P00648,1A2P,A,66,K,R,-0.5333333333333333,K66R,19,/mnt/d/Proga/OpenFold_codex/OpenFold3_project/data/raw/fireprot_upload/pdbs/1A2P.pdb
P00648,1A2P,A,69,D,M,0.185,D69M,22,/mnt/d/Proga/OpenFold_codex/OpenFold3_project/data/raw/fireprot_upload/pdbs/1A2P.pdb
P00648,1A2P,A,70,N,A,2.25,N70A,23,/mnt/d/Proga/OpenFold_codex/OpenFold3_project/data/raw/fireprot_upload/pdbs/1A2P.pdb
P00648,1A2P,A,71,Y,F,-0.095,Y71F,24,/mnt/d/Proga/OpenFold_codex/OpenFold3_project/data/raw/fireprot_upload/pdbs/1A2P.pdb
P00648,1A2P,A,72,I,A,3.6,I72A,25,/mnt/d/Proga/OpenFold_codex/OpenFold3_project/data/raw/fireprot_upload/pdbs/1A2P.pdb
P00648,1A2P,A,72,I,V,1.0066666666666668,I72V,25,/mnt/d/Proga/OpenFold_codex/OpenFold3_project/data/raw/fireprot_upload/pdbs/1A2P.pdb
P00648,1A2P,A,73,T,A,1.9633333333333327,T73A,26,/mnt/d/Proga/OpenFold_codex/OpenFold3_project/data/raw/fireprot_upload/pdbs/1A2P.pdb
P00648,1A2P,A,73,T,D,0.04,T73D,26,/mnt/d/Proga/OpenFold_codex/OpenFold3_project/data/raw/fireprot_upload/pdbs/1A2P.pdb
P00648,1A2P,A,73,T,E,0.05,T73E,26,/mnt/d/Proga/OpenFold_codex/OpenFold3_project/data/raw/fireprot_upload/pdbs/1A2P.pdb
P00648,1A2P,A,73,T,G,1.375,T73G,26,/mnt/d/Proga/OpenFold_codex/OpenFold3_project/data/raw/fireprot_upload/pdbs/1A2P.pdb
P00648,1A2P,A,73,T,H,4.3,T73H,26,/mnt/d/Proga/OpenFold_codex/OpenFold3_project/data/raw/fireprot_upload/pdbs/1A2P.pdb
P00648,1A2P,A,73,T,N,1.29,T73N,26,/mnt/d/Proga/OpenFold_codex/OpenFold3_project/data/raw/fireprot_upload/pdbs/1A2P.pdb
P00648,1A2P,A,73,T,Q,1.72,T73Q,26,/mnt/d/Proga/OpenFold_codex/OpenFold3_project/data/raw/fireprot_upload/pdbs/1A2P.pdb
P00648,1A2P,A,73,T,S,0.56,T73S,26,/mnt/d/Proga/OpenFold_codex/OpenFold3_project/data/raw/fireprot_upload/pdbs/1A2P.pdb
P00648,1A2P,A,73,T,V,2.31,T73V,26,/mnt/d/Proga/OpenFold_codex/OpenFold3_project/data/raw/fireprot_upload/pdbs/1A2P.pdb
P00648,1A2P,A,74,K,A,-0.445,K74A,27,/mnt/d/Proga/OpenFold_codex/OpenFold3_project/data/raw/fireprot_upload/pdbs/1A2P.pdb
P00648,1A2P,A,74,K,G,0.39,K74G,27,/mnt/d/Proga/OpenFold_codex/OpenFold3_project/data/raw/fireprot_upload/pdbs/1A2P.pdb
P00648,1A2P,A,75,S,A,-0.5033333333333333,S75A,28,/mnt/d/Proga/OpenFold_codex/OpenFold3_project/data/raw/fireprot_upload/pdbs/1A2P.pdb
P00648,1A2P,A,75,S,E,-0.5,S75E,28,/mnt/d/Proga/OpenFold_codex/OpenFold3_project/data/raw/fireprot_upload/pdbs/1A2P.pdb
P00648,1A2P,A,75,S,G,0.45,S75G,28,/mnt/d/Proga/OpenFold_codex/OpenFold3_project/data/raw/fireprot_upload/pdbs/1A2P.pdb
P00648,1A2P,A,76,E,A,1.3033333333333337,E76A,29,/mnt/d/Proga/OpenFold_codex/OpenFold3_project/data/raw/fireprot_upload/pdbs/1A2P.pdb
P00648,1A2P,A,76,E,G,1.914,E76G,29,/mnt/d/Proga/OpenFold_codex/OpenFold3_project/data/raw/fireprot_upload/pdbs/1A2P.pdb
P00648,1A2P,A,76,E,Q,0.1733333333333333,E76Q,29,/mnt/d/Proga/OpenFold_codex/OpenFold3_project/data/raw/fireprot_upload/pdbs/1A2P.pdb
P00648,1A2P,A,76,E,S,1.23,E76S,29,/mnt/d/Proga/OpenFold_codex/OpenFold3_project/data/raw/fireprot_upload/pdbs/1A2P.pdb
P00648,1A2P,A,78,Q,A,-0.1333333333333333,Q78A,31,/mnt/d/Proga/OpenFold_codex/OpenFold3_project/data/raw/fireprot_upload/pdbs/1A2P.pdb
P00648,1A2P,A,78,Q,G,1.04,Q78G,31,/mnt/d/Proga/OpenFold_codex/OpenFold3_project/data/raw/fireprot_upload/pdbs/1A2P.pdb
P00648,1A2P,A,78,Q,S,0.1699999999999999,Q78S,31,/mnt/d/Proga/OpenFold_codex/OpenFold3_project/data/raw/fireprot_upload/pdbs/1A2P.pdb
P00648,1A2P,A,79,A,C,1.4333333333333331,A79C,32,/mnt/d/Proga/OpenFold_codex/OpenFold3_project/data/raw/fireprot_upload/pdbs/1A2P.pdb
P00648,1A2P,A,79,A,D,0.5666666666666668,A79D,32,/mnt/d/Proga/OpenFold_codex/OpenFold3_project/data/raw/fireprot_upload/pdbs/1A2P.pdb
P00648,1A2P,A,79,A,E,0.3,A79E,32,/mnt/d/Proga/OpenFold_codex/OpenFold3_project/data/raw/fireprot_upload/pdbs/1A2P.pdb
P00648,1A2P,A,79,A,F,0.5666666666666668,A79F,32,/mnt/d/Proga/OpenFold_codex/OpenFold3_project/data/raw/fireprot_upload/pdbs/1A2P.pdb
P00648,1A2P,A,79,A,G,0.8274999999999999,A79G,32,/mnt/d/Proga/OpenFold_codex/OpenFold3_project/data/raw/fireprot_upload/pdbs/1A2P.pdb
P00648,1A2P,A,79,A,H,0.75,A79H,32,/mnt/d/Proga/OpenFold_codex/OpenFold3_project/data/raw/fireprot_upload/pdbs/1A2P.pdb
P00648,1A2P,A,79,A,I,0.75,A79I,32,/mnt/d/Proga/OpenFold_codex/OpenFold3_project/data/raw/fireprot_upload/pdbs/1A2P.pdb
P00648,1A2P,A,79,A,K,0.15,A79K,32,/mnt/d/Proga/OpenFold_codex/OpenFold3_project/data/raw/fireprot_upload/pdbs/1A2P.pdb
P00648,1A2P,A,79,A,L,0.2,A79L,32,/mnt/d/Proga/OpenFold_codex/OpenFold3_project/data/raw/fireprot_upload/pdbs/1A2P.pdb
P00648,1A2P,A,79,A,M,0.2,A79M,32,/mnt/d/Proga/OpenFold_codex/OpenFold3_project/data/raw/fireprot_upload/pdbs/1A2P.pdb
P00648,1A2P,A,79,A,N,0.5,A79N,32,/mnt/d/Proga/OpenFold_codex/OpenFold3_project/data/raw/fireprot_upload/pdbs/1A2P.pdb
P00648,1A2P,A,79,A,P,4.1,A79P,32,/mnt/d/Proga/OpenFold_codex/OpenFold3_project/data/raw/fireprot_upload/pdbs/1A2P.pdb
P00648,1A2P,A,79,A,Q,0.4000000000000001,A79Q,32,/mnt/d/Proga/OpenFold_codex/OpenFold3_project/data/raw/fireprot_upload/pdbs/1A2P.pdb
P00648,1A2P,A,79,A,R,0.15,A79R,32,/mnt/d/Proga/OpenFold_codex/OpenFold3_project/data/raw/fireprot_upload/pdbs/1A2P.pdb
P00648,1A2P,A,79,A,S,0.3,A79S,32,/mnt/d/Proga/OpenFold_codex/OpenFold3_project/data/raw/fireprot_upload/pdbs/1A2P.pdb
P00648,1A2P,A,79,A,T,0.6499999999999999,A79T,32,/mnt/d/Proga/OpenFold_codex/OpenFold3_project/data/raw/fireprot_upload/pdbs/1A2P.pdb
P00648,1A2P,A,79,A,V,0.6,A79V,32,/mnt/d/Proga/OpenFold_codex/OpenFold3_project/data/raw/fireprot_upload/pdbs/1A2P.pdb
P00648,1A2P,A,79,A,W,1.05,A79W,32,/mnt/d/Proga/OpenFold_codex/OpenFold3_project/data/raw/fireprot_upload/pdbs/1A2P.pdb
P00648,1A2P,A,79,A,Y,0.75,A79Y,32,/mnt/d/Proga/OpenFold_codex/OpenFold3_project/data/raw/fireprot_upload/pdbs/1A2P.pdb
P00648,1A2P,A,80,L,Q,1.35,L80Q,33,/mnt/d/Proga/OpenFold_codex/OpenFold3_project/data/raw/fireprot_upload/pdbs/1A2P.pdb
P00648,1A2P,A,81,G,A,2.9066666666666667,G81A,34,/mnt/d/Proga/OpenFold_codex/OpenFold3_project/data/raw/fireprot_upload/pdbs/1A2P.pdb
P00648,1A2P,A,81,G,D,3.296666666666667,G81D,34,/mnt/d/Proga/OpenFold_codex/OpenFold3_project/data/raw/fireprot_upload/pdbs/1A2P.pdb
P00648,1A2P,A,81,G,H,2.7,G81H,34,/mnt/d/Proga/OpenFold_codex/OpenFold3_project/data/raw/fireprot_upload/pdbs/1A2P.pdb
P00648,1A2P,A,81,G,K,2.9066666666666667,G81K,34,/mnt/d/Proga/OpenFold_codex/OpenFold3_project/data/raw/fireprot_upload/pdbs/1A2P.pdb
P00648,1A2P,A,81,G,N,2.725,G81N,34,/mnt/d/Proga/OpenFold_codex/OpenFold3_project/data/raw/fireprot_upload/pdbs/1A2P.pdb
P00648,1A2P,A,81,G,R,2.606666666666667,G81R,34,/mnt/d/Proga/OpenFold_codex/OpenFold3_project/data/raw/fireprot_upload/pdbs/1A2P.pdb
P00648,1A2P,A,81,G,S,3.033333333333333,G81S,34,/mnt/d/Proga/OpenFold_codex/OpenFold3_project/data/raw/fireprot_upload/pdbs/1A2P.pdb
P00648,1A2P,A,81,G,T,3.2900000000000005,G81T,34,/mnt/d/Proga/OpenFold_codex/OpenFold3_project/data/raw/fireprot_upload/pdbs/1A2P.pdb
P00648,1A2P,A,83,V,A,1.4175,V83A,36,/mnt/d/Proga/OpenFold_codex/OpenFold3_project/data/raw/fireprot_upload/pdbs/1A2P.pdb
P00648,1A2P,A,83,V,T,1.125,V83T,36,/mnt/d/Proga/OpenFold_codex/OpenFold3_project/data/raw/fireprot_upload/pdbs/1A2P.pdb
P00648,1A2P,A,85,S,A,-0.3,S85A,38,/mnt/d/Proga/OpenFold_codex/OpenFold3_project/data/raw/fireprot_upload/pdbs/1A2P.pdb
P00648,1A2P,A,88,N,D,2.54,N88D,41,/mnt/d/Proga/OpenFold_codex/OpenFold3_project/data/raw/fireprot_upload/pdbs/1A2P.pdb
P00648,1A2P,A,89,L,T,3.05,L89T,42,/mnt/d/Proga/OpenFold_codex/OpenFold3_project/data/raw/fireprot_upload/pdbs/1A2P.pdb
P00648,1A2P,A,89,L,V,0.5,L89V,42,/mnt/d/Proga/OpenFold_codex/OpenFold3_project/data/raw/fireprot_upload/pdbs/1A2P.pdb
P00648,1A2P,A,91,D,E,-0.2,D91E,44,/mnt/d/Proga/OpenFold_codex/OpenFold3_project/data/raw/fireprot_upload/pdbs/1A2P.pdb
P00648,1A2P,A,92,V,A,1.58,V92A,45,/mnt/d/Proga/OpenFold_codex/OpenFold3_project/data/raw/fireprot_upload/pdbs/1A2P.pdb
P00648,1A2P,A,92,V,T,2.306666666666666,V92T,45,/mnt/d/Proga/OpenFold_codex/OpenFold3_project/data/raw/fireprot_upload/pdbs/1A2P.pdb
P00648,1A2P,A,98,I,A,4.7,I98A,51,/mnt/d/Proga/OpenFold_codex/OpenFold3_project/data/raw/fireprot_upload/pdbs/1A2P.pdb
P00648,1A2P,A,98,I,V,1.8,I98V,51,/mnt/d/Proga/OpenFold_codex/OpenFold3_project/data/raw/fireprot_upload/pdbs/1A2P.pdb
P00648,1A2P,A,99,G,A,5.3,G99A,52,/mnt/d/Proga/OpenFold_codex/OpenFold3_project/data/raw/fireprot_upload/pdbs/1A2P.pdb
P00648,1A2P,A,99,G,V,8.4,G99V,52,/mnt/d/Proga/OpenFold_codex/OpenFold3_project/data/raw/fireprot_upload/pdbs/1A2P.pdb
P00648,1A2P,A,100,G,A,3.4,G100A,53,/mnt/d/Proga/OpenFold_codex/OpenFold3_project/data/raw/fireprot_upload/pdbs/1A2P.pdb
P00648,1A2P,A,100,G,V,7.8,G100V,53,/mnt/d/Proga/OpenFold_codex/OpenFold3_project/data/raw/fireprot_upload/pdbs/1A2P.pdb
P00648,1A2P,A,101,D,A,3.0425,D101A,54,/mnt/d/Proga/OpenFold_codex/OpenFold3_project/data/raw/fireprot_upload/pdbs/1A2P.pdb
P00648,1A2P,A,101,D,N,2.3675,D101N,54,/mnt/d/Proga/OpenFold_codex/OpenFold3_project/data/raw/fireprot_upload/pdbs/1A2P.pdb
P00648,1A2P,A,102,I,A,1.3,I102A,55,/mnt/d/Proga/OpenFold_codex/OpenFold3_project/data/raw/fireprot_upload/pdbs/1A2P.pdb
P00648,1A2P,A,102,I,G,3.1,I102G,55,/mnt/d/Proga/OpenFold_codex/OpenFold3_project/data/raw/fireprot_upload/pdbs/1A2P.pdb
P00648,1A2P,A,102,I,T,0.8999999999999999,I102T,55,/mnt/d/Proga/OpenFold_codex/OpenFold3_project/data/raw/fireprot_upload/pdbs/1A2P.pdb
P00648,1A2P,A,102,I,V,0.4333333333333333,I102V,55,/mnt/d/Proga/OpenFold_codex/OpenFold3_project/data/raw/fireprot_upload/pdbs/1A2P.pdb
P00648,1A2P,A,104,S,A,-0.15,S104A,57,/mnt/d/Proga/OpenFold_codex/OpenFold3_project/data/raw/fireprot_upload/pdbs/1A2P.pdb
P00648,1A2P,A,105,N,A,1.8,N105A,58,/mnt/d/Proga/OpenFold_codex/OpenFold3_project/data/raw/fireprot_upload/pdbs/1A2P.pdb
P00648,1A2P,A,105,N,D,-0.3999999999999999,N105D,58,/mnt/d/Proga/OpenFold_codex/OpenFold3_project/data/raw/fireprot_upload/pdbs/1A2P.pdb
P00648,1A2P,A,106,R,A,-0.64,R106A,59,/mnt/d/Proga/OpenFold_codex/OpenFold3_project/data/raw/fireprot_upload/pdbs/1A2P.pdb
P00648,1A2P,A,109,K,R,0.326,K109R,62,/mnt/d/Proga/OpenFold_codex/OpenFold3_project/data/raw/fireprot_upload/pdbs/1A2P.pdb
P00648,1A2P,A,112,G,S,-0.7333333333333334,G112S,65,/mnt/d/Proga/OpenFold_codex/OpenFold3_project/data/raw/fireprot_upload/pdbs/1A2P.pdb
P00648,1A2P,A,113,K,A,-0.2,K113A,66,/mnt/d/Proga/OpenFold_codex/OpenFold3_project/data/raw/fireprot_upload/pdbs/1A2P.pdb
P00648,1A2P,A,116,R,K,3.165,R116K,69,/mnt/d/Proga/OpenFold_codex/OpenFold3_project/data/raw/fireprot_upload/pdbs/1A2P.pdb
P00648,1A2P,A,116,R,M,2.12,R116M,69,/mnt/d/Proga/OpenFold_codex/OpenFold3_project/data/raw/fireprot_upload/pdbs/1A2P.pdb
P00648,1A2P,A,116,R,S,2.76,R116S,69,/mnt/d/Proga/OpenFold_codex/OpenFold3_project/data/raw/fireprot_upload/pdbs/1A2P.pdb
P00648,1A2P,A,119,R,G,2.5,R119G,72,/mnt/d/Proga/OpenFold_codex/OpenFold3_project/data/raw/fireprot_upload/pdbs/1A2P.pdb
P00648,1A2P,A,120,E,A,2.4,E120A,73,/mnt/d/Proga/OpenFold_codex/OpenFold3_project/data/raw/fireprot_upload/pdbs/1A2P.pdb
P00648,1A2P,A,120,E,F,2.1,E120F,73,/mnt/d/Proga/OpenFold_codex/OpenFold3_project/data/raw/fireprot_upload/pdbs/1A2P.pdb
P00648,1A2P,A,120,E,G,5.4,E120G,73,/mnt/d/Proga/OpenFold_codex/OpenFold3_project/data/raw/fireprot_upload/pdbs/1A2P.pdb
P00648,1A2P,A,120,E,Q,2.7,E120Q,73,/mnt/d/Proga/OpenFold_codex/OpenFold3_project/data/raw/fireprot_upload/pdbs/1A2P.pdb
P00648,1A2P,A,120,E,W,2.2,E120W,73,/mnt/d/Proga/OpenFold_codex/OpenFold3_project/data/raw/fireprot_upload/pdbs/1A2P.pdb
P00648,1A2P,A,122,D,N,4.9,D122N,75,/mnt/d/Proga/OpenFold_codex/OpenFold3_project/data/raw/fireprot_upload/pdbs/1A2P.pdb
P00648,1A2P,A,123,I,A,1.7999999999999998,I123A,76,/mnt/d/Proga/OpenFold_codex/OpenFold3_project/data/raw/fireprot_upload/pdbs/1A2P.pdb
P00648,1A2P,A,123,I,T,2.645,I123T,76,/mnt/d/Proga/OpenFold_codex/OpenFold3_project/data/raw/fireprot_upload/pdbs/1A2P.pdb
P00648,1A2P,A,123,I,V,0.8733333333333334,I123V,76,/mnt/d/Proga/OpenFold_codex/OpenFold3_project/data/raw/fireprot_upload/pdbs/1A2P.pdb
P00648,1A2P,A,124,N,A,1.5533333333333337,N124A,77,/mnt/d/Proga/OpenFold_codex/OpenFold3_project/data/raw/fireprot_upload/pdbs/1A2P.pdb
P00648,1A2P,A,125,Y,F,1.3375,Y125F,78,/mnt/d/Proga/OpenFold_codex/OpenFold3_project/data/raw/fireprot_upload/pdbs/1A2P.pdb
P00648,1A2P,A,126,T,V,-0.25,T126V,79,/mnt/d/Proga/OpenFold_codex/OpenFold3_project/data/raw/fireprot_upload/pdbs/1A2P.pdb
P00648,1A2P,A,130,R,K,4.265000000000001,R130K,83,/mnt/d/Proga/OpenFold_codex/OpenFold3_project/data/raw/fireprot_upload/pdbs/1A2P.pdb
P00648,1A2P,A,130,R,Q,2.05,R130Q,83,/mnt/d/Proga/OpenFold_codex/OpenFold3_project/data/raw/fireprot_upload/pdbs/1A2P.pdb
P00648,1A2P,A,131,N,A,1.873333333333333,N131A,84,/mnt/d/Proga/OpenFold_codex/OpenFold3_project/data/raw/fireprot_upload/pdbs/1A2P.pdb
P00648,1A2P,A,132,S,A,0.12,S132A,85,/mnt/d/Proga/OpenFold_codex/OpenFold3_project/data/raw/fireprot_upload/pdbs/1A2P.pdb
P00648,1A2P,A,135,I,A,4.16,I135A,88,/mnt/d/Proga/OpenFold_codex/OpenFold3_project/data/raw/fireprot_upload/pdbs/1A2P.pdb
P00648,1A2P,A,135,I,G,7.4,I135G,88,/mnt/d/Proga/OpenFold_codex/OpenFold3_project/data/raw/fireprot_upload/pdbs/1A2P.pdb
P00648,1A2P,A,135,I,L,0.1666666666666666,I135L,88,/mnt/d/Proga/OpenFold_codex/OpenFold3_project/data/raw/fireprot_upload/pdbs/1A2P.pdb
P00648,1A2P,A,135,I,V,1.366,I135V,88,/mnt/d/Proga/OpenFold_codex/OpenFold3_project/data/raw/fireprot_upload/pdbs/1A2P.pdb
P00648,1A2P,A,136,L,G,7.0,L136G,89,/mnt/d/Proga/OpenFold_codex/OpenFold3_project/data/raw/fireprot_upload/pdbs/1A2P.pdb
P00648,1A2P,A,136,L,T,2.5,L136T,89,/mnt/d/Proga/OpenFold_codex/OpenFold3_project/data/raw/fireprot_upload/pdbs/1A2P.pdb
P00648,1A2P,A,136,L,V,0.3,L136V,89,/mnt/d/Proga/OpenFold_codex/OpenFold3_project/data/raw/fireprot_upload/pdbs/1A2P.pdb
P00648,1A2P,A,138,S,A,1.8,S138A,91,/mnt/d/Proga/OpenFold_codex/OpenFold3_project/data/raw/fireprot_upload/pdbs/1A2P.pdb
P00648,1A2P,A,139,S,A,3.0,S139A,92,/mnt/d/Proga/OpenFold_codex/OpenFold3_project/data/raw/fireprot_upload/pdbs/1A2P.pdb
P00648,1A2P,A,140,D,N,4.055,D140N,93,/mnt/d/Proga/OpenFold_codex/OpenFold3_project/data/raw/fireprot_upload/pdbs/1A2P.pdb
P00648,1A2P,A,141,W,F,0.8,W141F,94,/mnt/d/Proga/OpenFold_codex/OpenFold3_project/data/raw/fireprot_upload/pdbs/1A2P.pdb
P00648,1A2P,A,141,W,L,1.1,W141L,94,/mnt/d/Proga/OpenFold_codex/OpenFold3_project/data/raw/fireprot_upload/pdbs/1A2P.pdb
P00648,1A2P,A,141,W,Y,1.1,W141Y,94,/mnt/d/Proga/OpenFold_codex/OpenFold3_project/data/raw/fireprot_upload/pdbs/1A2P.pdb
P00648,1A2P,A,142,L,G,4.7,L142G,95,/mnt/d/Proga/OpenFold_codex/OpenFold3_project/data/raw/fireprot_upload/pdbs/1A2P.pdb
P00648,1A2P,A,143,I,A,3.321428571428572,I143A,96,/mnt/d/Proga/OpenFold_codex/OpenFold3_project/data/raw/fireprot_upload/pdbs/1A2P.pdb
P00648,1A2P,A,143,I,G,5.7,I143G,96,/mnt/d/Proga/OpenFold_codex/OpenFold3_project/data/raw/fireprot_upload/pdbs/1A2P.pdb
P00648,1A2P,A,143,I,V,0.926,I143V,96,/mnt/d/Proga/OpenFold_codex/OpenFold3_project/data/raw/fireprot_upload/pdbs/1A2P.pdb
P00648,1A2P,A,144,Y,G,6.6,Y144G,97,/mnt/d/Proga/OpenFold_codex/OpenFold3_project/data/raw/fireprot_upload/pdbs/1A2P.pdb
P00648,1A2P,A,146,T,V,2.8633333333333333,T146V,99,/mnt/d/Proga/OpenFold_codex/OpenFold3_project/data/raw/fireprot_upload/pdbs/1A2P.pdb
P00648,1A2P,A,147,T,G,2.8,T147G,100,/mnt/d/Proga/OpenFold_codex/OpenFold3_project/data/raw/fireprot_upload/pdbs/1A2P.pdb
P00648,1A2P,A,149,H,A,0.24,H149A,102,/mnt/d/Proga/OpenFold_codex/OpenFold3_project/data/raw/fireprot_upload/pdbs/1A2P.pdb
P00648,1A2P,A,150,Y,F,0.16,Y150F,103,/mnt/d/Proga/OpenFold_codex/OpenFold3_project/data/raw/fireprot_upload/pdbs/1A2P.pdb
P00648,1A2P,A,151,Q,A,0.1149999999999999,Q151A,104,/mnt/d/Proga/OpenFold_codex/OpenFold3_project/data/raw/fireprot_upload/pdbs/1A2P.pdb
P00648,1A2P,A,152,T,V,2.1833333333333336,T152V,105,/mnt/d/Proga/OpenFold_codex/OpenFold3_project/data/raw/fireprot_upload/pdbs/1A2P.pdb
P00648,1A2P,A,155,K,R,-0.8500000000000001,K155R,108,/mnt/d/Proga/OpenFold_codex/OpenFold3_project/data/raw/fireprot_upload/pdbs/1A2P.pdb
P00648,1A2P,A,156,I,A,1.725,I156A,109,/mnt/d/Proga/OpenFold_codex/OpenFold3_project/data/raw/fireprot_upload/pdbs/1A2P.pdb
P00648,1A2P,A,156,I,V,0.78,I156V,109,/mnt/d/Proga/OpenFold_codex/OpenFold3_project/data/raw/fireprot_upload/pdbs/1A2P.pdb
P00648,1A2P,A,157,R,A,0.315,R157A,110,/mnt/d/Proga/OpenFold_codex/OpenFold3_project/data/raw/fireprot_upload/pdbs/1A2P.pdb
P00698,4LYZ,A,21,F,Y,0.45,F21Y,3,/mnt/d/Proga/OpenFold_codex/OpenFold3_project/data/raw/fireprot_upload/pdbs/4LYZ.pdb
P00698,4LYZ,A,30,M,F,-0.28,M30F,12,/mnt/d/Proga/OpenFold_codex/OpenFold3_project/data/raw/fireprot_upload/pdbs/4LYZ.pdb
P00698,4LYZ,A,30,M,L,0.385,M30L,12,/mnt/d/Proga/OpenFold_codex/OpenFold3_project/data/raw/fireprot_upload/pdbs/4LYZ.pdb
P00698,4LYZ,A,31,K,D,7.345000000000001,K31D,13,/mnt/d/Proga/OpenFold_codex/OpenFold3_project/data/raw/fireprot_upload/pdbs/4LYZ.pdb
P00698,4LYZ,A,33,H,L,-0.76,H33L,15,/mnt/d/Proga/OpenFold_codex/OpenFold3_project/data/raw/fireprot_upload/pdbs/4LYZ.pdb
P00698,4LYZ,A,37,N,K,1.06,N37K,19,/mnt/d/Proga/OpenFold_codex/OpenFold3_project/data/raw/fireprot_upload/pdbs/4LYZ.pdb
P00698,4LYZ,A,39,R,Q,0.15,R39Q,21,/mnt/d/Proga/OpenFold_codex/OpenFold3_project/data/raw/fireprot_upload/pdbs/4LYZ.pdb
P00698,4LYZ,A,49,A,I,-1.4,A49I,31,/mnt/d/Proga/OpenFold_codex/OpenFold3_project/data/raw/fireprot_upload/pdbs/4LYZ.pdb
P00698,4LYZ,A,49,A,L,-1.8,A49L,31,/mnt/d/Proga/OpenFold_codex/OpenFold3_project/data/raw/fireprot_upload/pdbs/4LYZ.pdb
P00698,4LYZ,A,49,A,V,-1.2,A49V,31,/mnt/d/Proga/OpenFold_codex/OpenFold3_project/data/raw/fireprot_upload/pdbs/4LYZ.pdb
P00698,4LYZ,A,52,F,Y,-0.19,F52Y,34,/mnt/d/Proga/OpenFold_codex/OpenFold3_project/data/raw/fireprot_upload/pdbs/4LYZ.pdb
P00698,4LYZ,A,53,E,A,-1.77,E53A,35,/mnt/d/Proga/OpenFold_codex/OpenFold3_project/data/raw/fireprot_upload/pdbs/4LYZ.pdb
P00698,4LYZ,A,53,E,H,0.61,E53H,35,/mnt/d/Proga/OpenFold_codex/OpenFold3_project/data/raw/fireprot_upload/pdbs/4LYZ.pdb
P00698,4LYZ,A,53,E,Q,-0.48,E53Q,35,/mnt/d/Proga/OpenFold_codex/OpenFold3_project/data/raw/fireprot_upload/pdbs/4LYZ.pdb
P00698,4LYZ,A,58,T,I,2.2,T58I,40,/mnt/d/Proga/OpenFold_codex/OpenFold3_project/data/raw/fireprot_upload/pdbs/4LYZ.pdb
P00698,4LYZ,A,58,T,S,0.27,T58S,40,/mnt/d/Proga/OpenFold_codex/OpenFold3_project/data/raw/fireprot_upload/pdbs/4LYZ.pdb
P00698,4LYZ,A,64,N,D,0.84,N64D,46,/mnt/d/Proga/OpenFold_codex/OpenFold3_project/data/raw/fireprot_upload/pdbs/4LYZ.pdb
P00698,4LYZ,A,67,G,A,-1.92,G67A,49,/mnt/d/Proga/OpenFold_codex/OpenFold3_project/data/raw/fireprot_upload/pdbs/4LYZ.pdb
P00698,4LYZ,A,67,G,N,1.48,G67N,49,/mnt/d/Proga/OpenFold_codex/OpenFold3_project/data/raw/fireprot_upload/pdbs/4LYZ.pdb
P00698,4LYZ,A,73,I,A,4.4,I73A,55,/mnt/d/Proga/OpenFold_codex/OpenFold3_project/data/raw/fireprot_upload/pdbs/4LYZ.pdb
P00698,4LYZ,A,73,I,F,2.46,I73F,55,/mnt/d/Proga/OpenFold_codex/OpenFold3_project/data/raw/fireprot_upload/pdbs/4LYZ.pdb
P00698,4LYZ,A,73,I,L,0.45,I73L,55,/mnt/d/Proga/OpenFold_codex/OpenFold3_project/data/raw/fireprot_upload/pdbs/4LYZ.pdb
P00698,4LYZ,A,73,I,M,2.27,I73M,55,/mnt/d/Proga/OpenFold_codex/OpenFold3_project/data/raw/fireprot_upload/pdbs/4LYZ.pdb
P00698,4LYZ,A,73,I,T,4.96,I73T,55,/mnt/d/Proga/OpenFold_codex/OpenFold3_project/data/raw/fireprot_upload/pdbs/4LYZ.pdb
P00698,4LYZ,A,73,I,V,0.91,I73V,55,/mnt/d/Proga/OpenFold_codex/OpenFold3_project/data/raw/fireprot_upload/pdbs/4LYZ.pdb
P00698,4LYZ,A,76,I,M,1.18,I76M,58,/mnt/d/Proga/OpenFold_codex/OpenFold3_project/data/raw/fireprot_upload/pdbs/4LYZ.pdb
P00698,4LYZ,A,85,G,A,-1.27,G85A,67,/mnt/d/Proga/OpenFold_codex/OpenFold3_project/data/raw/fireprot_upload/pdbs/4LYZ.pdb
P00698,4LYZ,A,86,R,K,0.04,R86K,68,/mnt/d/Proga/OpenFold_codex/OpenFold3_project/data/raw/fireprot_upload/pdbs/4LYZ.pdb
P00698,4LYZ,A,88,P,N,2.583333333333333,P88N,70,/mnt/d/Proga/OpenFold_codex/OpenFold3_project/data/raw/fireprot_upload/pdbs/4LYZ.pdb
P00698,4LYZ,A,89,G,A,1.24,G89A,71,/mnt/d/Proga/OpenFold_codex/OpenFold3_project/data/raw/fireprot_upload/pdbs/4LYZ.pdb
P00698,4LYZ,A,91,R,K,-0.23,R91K,73,/mnt/d/Proga/OpenFold_codex/OpenFold3_project/data/raw/fireprot_upload/pdbs/4LYZ.pdb
P00698,4LYZ,A,95,N,H,0.38,N95H,77,/mnt/d/Proga/OpenFold_codex/OpenFold3_project/data/raw/fireprot_upload/pdbs/4LYZ.pdb
P00698,4LYZ,A,96,I,M,0.9,I96M,78,/mnt/d/Proga/OpenFold_codex/OpenFold3_project/data/raw/fireprot_upload/pdbs/4LYZ.pdb
P00698,4LYZ,A,109,S,A,0.15,S109A,91,/mnt/d/Proga/OpenFold_codex/OpenFold3_project/data/raw/fireprot_upload/pdbs/4LYZ.pdb
P00698,4LYZ,A,109,S,D,2.31,S109D,91,/mnt/d/Proga/OpenFold_codex/OpenFold3_project/data/raw/fireprot_upload/pdbs/4LYZ.pdb
P00698,4LYZ,A,109,S,T,-0.99,S109T,91,/mnt/d/Proga/OpenFold_codex/OpenFold3_project/data/raw/fireprot_upload/pdbs/4LYZ.pdb
P00698,4LYZ,A,109,S,V,0.08,S109V,91,/mnt/d/Proga/OpenFold_codex/OpenFold3_project/data/raw/fireprot_upload/pdbs/4LYZ.pdb
P00698,4LYZ,A,109,S,Y,3.07,S109Y,91,/mnt/d/Proga/OpenFold_codex/OpenFold3_project/data/raw/fireprot_upload/pdbs/4LYZ.pdb
P00698,4LYZ,A,112,C,A,5.390000000000001,C112A,94,/mnt/d/Proga/OpenFold_codex/OpenFold3_project/data/raw/fireprot_upload/pdbs/4LYZ.pdb
P00698,4LYZ,A,116,I,M,0.9,I116M,98,/mnt/d/Proga/OpenFold_codex/OpenFold3_project/data/raw/fireprot_upload/pdbs/4LYZ.pdb
P00698,4LYZ,A,119,D,A,-0.76,D119A,101,/mnt/d/Proga/OpenFold_codex/OpenFold3_project/data/raw/fireprot_upload/pdbs/4LYZ.pdb
P00698,4LYZ,A,119,D,E,0.0,D119E,101,/mnt/d/Proga/OpenFold_codex/OpenFold3_project/data/raw/fireprot_upload/pdbs/4LYZ.pdb
P00698,4LYZ,A,119,D,F,-0.72,D119F,101,/mnt/d/Proga/OpenFold_codex/OpenFold3_project/data/raw/fireprot_upload/pdbs/4LYZ.pdb
P00698,4LYZ,A,119,D,G,-0.45,D119G,101,/mnt/d/Proga/OpenFold_codex/OpenFold3_project/data/raw/fireprot_upload/pdbs/4LYZ.pdb
P00698,4LYZ,A,119,D,K,-0.19,D119K,101,/mnt/d/Proga/OpenFold_codex/OpenFold3_project/data/raw/fireprot_upload/pdbs/4LYZ.pdb
P00698,4LYZ,A,119,D,N,-0.04,D119N,101,/mnt/d/Proga/OpenFold_codex/OpenFold3_project/data/raw/fireprot_upload/pdbs/4LYZ.pdb
P00698,4LYZ,A,119,D,P,2.4,D119P,101,/mnt/d/Proga/OpenFold_codex/OpenFold3_project/data/raw/fireprot_upload/pdbs/4LYZ.pdb
P00698,4LYZ,A,119,D,Q,0.08,D119Q,101,/mnt/d/Proga/OpenFold_codex/OpenFold3_project/data/raw/fireprot_upload/pdbs/4LYZ.pdb
P00698,4LYZ,A,119,D,R,-0.27,D119R,101,/mnt/d/Proga/OpenFold_codex/OpenFold3_project/data/raw/fireprot_upload/pdbs/4LYZ.pdb
P00698,4LYZ,A,119,D,S,-0.87,D119S,101,/mnt/d/Proga/OpenFold_codex/OpenFold3_project/data/raw/fireprot_upload/pdbs/4LYZ.pdb
P00698,4LYZ,A,120,G,A,-0.61,G120A,102,/mnt/d/Proga/OpenFold_codex/OpenFold3_project/data/raw/fireprot_upload/pdbs/4LYZ.pdb
P00698,4LYZ,A,120,G,P,0.1,G120P,102,/mnt/d/Proga/OpenFold_codex/OpenFold3_project/data/raw/fireprot_upload/pdbs/4LYZ.pdb
P00698,4LYZ,A,120,G,R,-0.38,G120R,102,/mnt/d/Proga/OpenFold_codex/OpenFold3_project/data/raw/fireprot_upload/pdbs/4LYZ.pdb
P00698,4LYZ,A,120,G,V,0.04,G120V,102,/mnt/d/Proga/OpenFold_codex/OpenFold3_project/data/raw/fireprot_upload/pdbs/4LYZ.pdb
P00698,4LYZ,A,121,N,D,-0.62,N121D,103,/mnt/d/Proga/OpenFold_codex/OpenFold3_project/data/raw/fireprot_upload/pdbs/4LYZ.pdb
P00698,4LYZ,A,123,M,T,0.62,M123T,105,/mnt/d/Proga/OpenFold_codex/OpenFold3_project/data/raw/fireprot_upload/pdbs/4LYZ.pdb
P00698,4LYZ,A,126,W,Q,3.44,W126Q,108,/mnt/d/Proga/OpenFold_codex/OpenFold3_project/data/raw/fireprot_upload/pdbs/4LYZ.pdb
P00698,4LYZ,A,126,W,Y,1.31,W126Y,108,/mnt/d/Proga/OpenFold_codex/OpenFold3_project/data/raw/fireprot_upload/pdbs/4LYZ.pdb
P00698,4LYZ,A,132,R,H,-0.68,R132H,114,/mnt/d/Proga/OpenFold_codex/OpenFold3_project/data/raw/fireprot_upload/pdbs/4LYZ.pdb
P00698,4LYZ,A,135,G,A,1.13,G135A,117,/mnt/d/Proga/OpenFold_codex/OpenFold3_project/data/raw/fireprot_upload/pdbs/4LYZ.pdb
P00698,4LYZ,A,136,T,P,2.0,T136P,118,/mnt/d/Proga/OpenFold_codex/OpenFold3_project/data/raw/fireprot_upload/pdbs/4LYZ.pdb
P00698,4LYZ,A,139,Q,H,0.45,Q139H,121,/mnt/d/Proga/OpenFold_codex/OpenFold3_project/data/raw/fireprot_upload/pdbs/4LYZ.pdb
P00720,2LZM,A,3,I,A,0.7,I3A,3,/mnt/d/Proga/OpenFold_codex/OpenFold3_project/data/raw/fireprot_upload/pdbs/2LZM.pdb
P00720,2LZM,A,3,I,C,-0.1333333333333333,I3C,3,/mnt/d/Proga/OpenFold_codex/OpenFold3_project/data/raw/fireprot_upload/pdbs/2LZM.pdb
P00720,2LZM,A,3,I,D,3.2,I3D,3,/mnt/d/Proga/OpenFold_codex/OpenFold3_project/data/raw/fireprot_upload/pdbs/2LZM.pdb
P00720,2LZM,A,3,I,E,2.0,I3E,3,/mnt/d/Proga/OpenFold_codex/OpenFold3_project/data/raw/fireprot_upload/pdbs/2LZM.pdb
P00720,2LZM,A,3,I,F,1.1,I3F,3,/mnt/d/Proga/OpenFold_codex/OpenFold3_project/data/raw/fireprot_upload/pdbs/2LZM.pdb
P00720,2LZM,A,3,I,G,2.1,I3G,3,/mnt/d/Proga/OpenFold_codex/OpenFold3_project/data/raw/fireprot_upload/pdbs/2LZM.pdb
P00720,2LZM,A,3,I,L,-0.4,I3L,3,/mnt/d/Proga/OpenFold_codex/OpenFold3_project/data/raw/fireprot_upload/pdbs/2LZM.pdb
P00720,2LZM,A,3,I,M,0.9,I3M,3,/mnt/d/Proga/OpenFold_codex/OpenFold3_project/data/raw/fireprot_upload/pdbs/2LZM.pdb
P00720,2LZM,A,3,I,P,2.53,I3P,3,/mnt/d/Proga/OpenFold_codex/OpenFold3_project/data/raw/fireprot_upload/pdbs/2LZM.pdb
P00720,2LZM,A,3,I,S,1.7,I3S,3,/mnt/d/Proga/OpenFold_codex/OpenFold3_project/data/raw/fireprot_upload/pdbs/2LZM.pdb
P00720,2LZM,A,3,I,T,2.3,I3T,3,/mnt/d/Proga/OpenFold_codex/OpenFold3_project/data/raw/fireprot_upload/pdbs/2LZM.pdb
P00720,2LZM,A,3,I,V,0.4,I3V,3,/mnt/d/Proga/OpenFold_codex/OpenFold3_project/data/raw/fireprot_upload/pdbs/2LZM.pdb
P00720,2LZM,A,3,I,W,2.8,I3W,3,/mnt/d/Proga/OpenFold_codex/OpenFold3_project/data/raw/fireprot_upload/pdbs/2LZM.pdb
P00720,2LZM,A,3,I,Y,2.3,I3Y,3,/mnt/d/Proga/OpenFold_codex/OpenFold3_project/data/raw/fireprot_upload/pdbs/2LZM.pdb
P00720,2LZM,A,6,M,A,1.4,M6A,6,/mnt/d/Proga/OpenFold_codex/OpenFold3_project/data/raw/fireprot_upload/pdbs/2LZM.pdb
P00720,2LZM,A,6,M,I,4.78,M6I,6,/mnt/d/Proga/OpenFold_codex/OpenFold3_project/data/raw/fireprot_upload/pdbs/2LZM.pdb
P00720,2LZM,A,6,M,L,3.9,M6L,6,/mnt/d/Proga/OpenFold_codex/OpenFold3_project/data/raw/fireprot_upload/pdbs/2LZM.pdb
P00720,2LZM,A,7,L,A,3.9,L7A,7,/mnt/d/Proga/OpenFold_codex/OpenFold3_project/data/raw/fireprot_upload/pdbs/2LZM.pdb
P00720,2LZM,A,11,E,A,-1.1,E11A,11,/mnt/d/Proga/OpenFold_codex/OpenFold3_project/data/raw/fireprot_upload/pdbs/2LZM.pdb
P00720,2LZM,A,11,E,F,-1.7,E11F,11,/mnt/d/Proga/OpenFold_codex/OpenFold3_project/data/raw/fireprot_upload/pdbs/2LZM.pdb
P00720,2LZM,A,11,E,H,-0.3999999999999999,E11H,11,/mnt/d/Proga/OpenFold_codex/OpenFold3_project/data/raw/fireprot_upload/pdbs/2LZM.pdb
P00720,2LZM,A,11,E,M,-1.6,E11M,11,/mnt/d/Proga/OpenFold_codex/OpenFold3_project/data/raw/fireprot_upload/pdbs/2LZM.pdb
P00720,2LZM,A,11,E,N,0.75,E11N,11,/mnt/d/Proga/OpenFold_codex/OpenFold3_project/data/raw/fireprot_upload/pdbs/2LZM.pdb
P00720,2LZM,A,14,R,A,3.0,R14A,14,/mnt/d/Proga/OpenFold_codex/OpenFold3_project/data/raw/fireprot_upload/pdbs/2LZM.pdb
P00720,2LZM,A,14,R,K,0.0,R14K,14,/mnt/d/Proga/OpenFold_codex/OpenFold3_project/data/raw/fireprot_upload/pdbs/2LZM.pdb
P00720,2LZM,A,16,K,E,0.5,K16E,16,/mnt/d/Proga/OpenFold_codex/OpenFold3_project/data/raw/fireprot_upload/pdbs/2LZM.pdb
P00720,2LZM,A,17,I,A,3.25,I17A,17,/mnt/d/Proga/OpenFold_codex/OpenFold3_project/data/raw/fireprot_upload/pdbs/2LZM.pdb
P00720,2LZM,A,17,I,M,2.75,I17M,17,/mnt/d/Proga/OpenFold_codex/OpenFold3_project/data/raw/fireprot_upload/pdbs/2LZM.pdb
P00720,2LZM,A,20,D,A,0.4,D20A,20,/mnt/d/Proga/OpenFold_codex/OpenFold3_project/data/raw/fireprot_upload/pdbs/2LZM.pdb
P00720,2LZM,A,20,D,N,-1.2000000000000002,D20N,20,/mnt/d/Proga/OpenFold_codex/OpenFold3_project/data/raw/fireprot_upload/pdbs/2LZM.pdb
P00720,2LZM,A,20,D,S,-0.4499999999999999,D20S,20,/mnt/d/Proga/OpenFold_codex/OpenFold3_project/data/raw/fireprot_upload/pdbs/2LZM.pdb
P00720,2LZM,A,20,D,T,-0.75,D20T,20,/mnt/d/Proga/OpenFold_codex/OpenFold3_project/data/raw/fireprot_upload/pdbs/2LZM.pdb
P00720,2LZM,A,22,E,K,-0.6,E22K,22,/mnt/d/Proga/OpenFold_codex/OpenFold3_project/data/raw/fireprot_upload/pdbs/2LZM.pdb
P00720,2LZM,A,24,Y,A,5.5,Y24A,24,/mnt/d/Proga/OpenFold_codex/OpenFold3_project/data/raw/fireprot_upload/pdbs/2LZM.pdb
P00720,2LZM,A,25,Y,G,4.55,Y25G,25,/mnt/d/Proga/OpenFold_codex/OpenFold3_project/data/raw/fireprot_upload/pdbs/2LZM.pdb
P00720,2LZM,A,26,T,S,-0.6,T26S,26,/mnt/d/Proga/OpenFold_codex/OpenFold3_project/data/raw/fireprot_upload/pdbs/2LZM.pdb
P00720,2LZM,A,27,I,A,3.15,I27A,27,/mnt/d/Proga/OpenFold_codex/OpenFold3_project/data/raw/fireprot_upload/pdbs/2LZM.pdb
P00720,2LZM,A,27,I,M,5.1,I27M,27,/mnt/d/Proga/OpenFold_codex/OpenFold3_project/data/raw/fireprot_upload/pdbs/2LZM.pdb
P00720,2LZM,A,28,G,A,2.0,G28A,28,/mnt/d/Proga/OpenFold_codex/OpenFold3_project/data/raw/fireprot_upload/pdbs/2LZM.pdb
P00720,2LZM,A,29,I,A,2.6,I29A,29,/mnt/d/Proga/OpenFold_codex/OpenFold3_project/data/raw/fireprot_upload/pdbs/2LZM.pdb
P00720,2LZM,A,30,G,A,-0.1,G30A,30,/mnt/d/Proga/OpenFold_codex/OpenFold3_project/data/raw/fireprot_upload/pdbs/2LZM.pdb
P00720,2LZM,A,30,G,F,1.5,G30F,30,/mnt/d/Proga/OpenFold_codex/OpenFold3_project/data/raw/fireprot_upload/pdbs/2LZM.pdb
P00720,2LZM,A,31,H,N,4.0,H31N,31,/mnt/d/Proga/OpenFold_codex/OpenFold3_project/data/raw/fireprot_upload/pdbs/2LZM.pdb
P00720,2LZM,A,32,L,A,3.0,L32A,32,/mnt/d/Proga/OpenFold_codex/OpenFold3_project/data/raw/fireprot_upload/pdbs/2LZM.pdb
P00720,2LZM,A,33,L,A,4.05,L33A,33,/mnt/d/Proga/OpenFold_codex/OpenFold3_project/data/raw/fireprot_upload/pdbs/2LZM.pdb
P00720,2LZM,A,33,L,M,2.3,L33M,33,/mnt/d/Proga/OpenFold_codex/OpenFold3_project/data/raw/fireprot_upload/pdbs/2LZM.pdb
P00720,2LZM,A,34,T,A,0.2,T34A,34,/mnt/d/Proga/OpenFold_codex/OpenFold3_project/data/raw/fireprot_upload/pdbs/2LZM.pdb
P00720,2LZM,A,37,P,A,0.0,P37A,37,/mnt/d/Proga/OpenFold_codex/OpenFold3_project/data/raw/fireprot_upload/pdbs/2LZM.pdb
P00720,2LZM,A,38,S,A,0.77,S38A,38,/mnt/d/Proga/OpenFold_codex/OpenFold3_project/data/raw/fireprot_upload/pdbs/2LZM.pdb
P00720,2LZM,A,38,S,D,1.2,S38D,38,/mnt/d/Proga/OpenFold_codex/OpenFold3_project/data/raw/fireprot_upload/pdbs/2LZM.pdb
P00720,2LZM,A,38,S,N,0.0,S38N,38,/mnt/d/Proga/OpenFold_codex/OpenFold3_project/data/raw/fireprot_upload/pdbs/2LZM.pdb
P00720,2LZM,A,39,L,A,0.9,L39A,39,/mnt/d/Proga/OpenFold_codex/OpenFold3_project/data/raw/fireprot_upload/pdbs/2LZM.pdb
P00720,2LZM,A,39,L,P,2.8,L39P,39,/mnt/d/Proga/OpenFold_codex/OpenFold3_project/data/raw/fireprot_upload/pdbs/2LZM.pdb
P00720,2LZM,A,40,N,A,-0.06,N40A,40,/mnt/d/Proga/OpenFold_codex/OpenFold3_project/data/raw/fireprot_upload/pdbs/2LZM.pdb
P00720,2LZM,A,40,N,D,-0.4,N40D,40,/mnt/d/Proga/OpenFold_codex/OpenFold3_project/data/raw/fireprot_upload/pdbs/2LZM.pdb
P00720,2LZM,A,41,A,D,-0.3,A41D,41,/mnt/d/Proga/OpenFold_codex/OpenFold3_project/data/raw/fireprot_upload/pdbs/2LZM.pdb
P00720,2LZM,A,41,A,S,0.7,A41S,41,/mnt/d/Proga/OpenFold_codex/OpenFold3_project/data/raw/fireprot_upload/pdbs/2LZM.pdb
P00720,2LZM,A,41,A,V,-0.25,A41V,41,/mnt/d/Proga/OpenFold_codex/OpenFold3_project/data/raw/fireprot_upload/pdbs/2LZM.pdb
P00720,2LZM,A,42,A,F,5.2,A42F,42,/mnt/d/Proga/OpenFold_codex/OpenFold3_project/data/raw/fireprot_upload/pdbs/2LZM.pdb
P00720,2LZM,A,42,A,G,3.2,A42G,42,/mnt/d/Proga/OpenFold_codex/OpenFold3_project/data/raw/fireprot_upload/pdbs/2LZM.pdb
P00720,2LZM,A,42,A,I,4.4,A42I,42,/mnt/d/Proga/OpenFold_codex/OpenFold3_project/data/raw/fireprot_upload/pdbs/2LZM.pdb
P00720,2LZM,A,42,A,K,3.7,A42K,42,/mnt/d/Proga/OpenFold_codex/OpenFold3_project/data/raw/fireprot_upload/pdbs/2LZM.pdb
P00720,2LZM,A,42,A,L,5.1,A42L,42,/mnt/d/Proga/OpenFold_codex/OpenFold3_project/data/raw/fireprot_upload/pdbs/2LZM.pdb
P00720,2LZM,A,42,A,S,2.45,A42S,42,/mnt/d/Proga/OpenFold_codex/OpenFold3_project/data/raw/fireprot_upload/pdbs/2LZM.pdb
P00720,2LZM,A,42,A,V,3.5,A42V,42,/mnt/d/Proga/OpenFold_codex/OpenFold3_project/data/raw/fireprot_upload/pdbs/2LZM.pdb
P00720,2LZM,A,43,K,A,1.6150000000000002,K43A,43,/mnt/d/Proga/OpenFold_codex/OpenFold3_project/data/raw/fireprot_upload/pdbs/2LZM.pdb
P00720,2LZM,A,44,S,A,0.03,S44A,44,/mnt/d/Proga/OpenFold_codex/OpenFold3_project/data/raw/fireprot_upload/pdbs/2LZM.pdb
P00720,2LZM,A,44,S,C,0.11,S44C,44,/mnt/d/Proga/OpenFold_codex/OpenFold3_project/data/raw/fireprot_upload/pdbs/2LZM.pdb
P00720,2LZM,A,44,S,D,0.11,S44D,44,/mnt/d/Proga/OpenFold_codex/OpenFold3_project/data/raw/fireprot_upload/pdbs/2LZM.pdb
P00720,2LZM,A,44,S,E,0.0,S44E,44,/mnt/d/Proga/OpenFold_codex/OpenFold3_project/data/raw/fireprot_upload/pdbs/2LZM.pdb
P00720,2LZM,A,44,S,F,-0.06,S44F,44,/mnt/d/Proga/OpenFold_codex/OpenFold3_project/data/raw/fireprot_upload/pdbs/2LZM.pdb
P00720,2LZM,A,44,S,G,0.53,S44G,44,/mnt/d/Proga/OpenFold_codex/OpenFold3_project/data/raw/fireprot_upload/pdbs/2LZM.pdb
P00720,2LZM,A,44,S,H,-0.04,S44H,44,/mnt/d/Proga/OpenFold_codex/OpenFold3_project/data/raw/fireprot_upload/pdbs/2LZM.pdb
P00720,2LZM,A,44,S,I,-0.31,S44I,44,/mnt/d/Proga/OpenFold_codex/OpenFold3_project/data/raw/fireprot_upload/pdbs/2LZM.pdb
P00720,2LZM,A,44,S,K,-0.2,S44K,44,/mnt/d/Proga/OpenFold_codex/OpenFold3_project/data/raw/fireprot_upload/pdbs/2LZM.pdb
P00720,2LZM,A,44,S,L,-0.39,S44L,44,/mnt/d/Proga/OpenFold_codex/OpenFold3_project/data/raw/fireprot_upload/pdbs/2LZM.pdb
P00720,2LZM,A,44,S,M,-0.33,S44M,44,/mnt/d/Proga/OpenFold_codex/OpenFold3_project/data/raw/fireprot_upload/pdbs/2LZM.pdb
P00720,2LZM,A,44,S,N,0.14,S44N,44,/mnt/d/Proga/OpenFold_codex/OpenFold3_project/data/raw/fireprot_upload/pdbs/2LZM.pdb
P00720,2LZM,A,44,S,P,3.03,S44P,44,/mnt/d/Proga/OpenFold_codex/OpenFold3_project/data/raw/fireprot_upload/pdbs/2LZM.pdb
P00720,2LZM,A,44,S,Q,-0.27,S44Q,44,/mnt/d/Proga/OpenFold_codex/OpenFold3_project/data/raw/fireprot_upload/pdbs/2LZM.pdb
P00720,2LZM,A,44,S,R,-0.24,S44R,44,/mnt/d/Proga/OpenFold_codex/OpenFold3_project/data/raw/fireprot_upload/pdbs/2LZM.pdb
P00720,2LZM,A,44,S,T,-0.01,S44T,44,/mnt/d/Proga/OpenFold_codex/OpenFold3_project/data/raw/fireprot_upload/pdbs/2LZM.pdb
P00720,2LZM,A,44,S,V,-0.1,S44V,44,/mnt/d/Proga/OpenFold_codex/OpenFold3_project/data/raw/fireprot_upload/pdbs/2LZM.pdb
P00720,2LZM,A,44,S,W,-0.05,S44W,44,/mnt/d/Proga/OpenFold_codex/OpenFold3_project/data/raw/fireprot_upload/pdbs/2LZM.pdb
P00720,2LZM,A,44,S,Y,-0.19,S44Y,44,/mnt/d/Proga/OpenFold_codex/OpenFold3_project/data/raw/fireprot_upload/pdbs/2LZM.pdb
P00720,2LZM,A,45,E,A,-0.155,E45A,45,/mnt/d/Proga/OpenFold_codex/OpenFold3_project/data/raw/fireprot_upload/pdbs/2LZM.pdb
P00720,2LZM,A,46,L,A,3.03,L46A,46,/mnt/d/Proga/OpenFold_codex/OpenFold3_project/data/raw/fireprot_upload/pdbs/2LZM.pdb
P00720,2LZM,A,47,D,A,1.275,D47A,47,/mnt/d/Proga/OpenFold_codex/OpenFold3_project/data/raw/fireprot_upload/pdbs/2LZM.pdb
P00720,2LZM,A,48,K,A,1.23,K48A,48,/mnt/d/Proga/OpenFold_codex/OpenFold3_project/data/raw/fireprot_upload/pdbs/2LZM.pdb
P00720,2LZM,A,49,A,S,0.45,A49S,49,/mnt/d/Proga/OpenFold_codex/OpenFold3_project/data/raw/fireprot_upload/pdbs/2LZM.pdb
P00720,2LZM,A,50,I,A,2.9,I50A,50,/mnt/d/Proga/OpenFold_codex/OpenFold3_project/data/raw/fireprot_upload/pdbs/2LZM.pdb
P00720,2LZM,A,50,I,M,0.8,I50M,50,/mnt/d/Proga/OpenFold_codex/OpenFold3_project/data/raw/fireprot_upload/pdbs/2LZM.pdb
P00720,2LZM,A,51,G,D,2.63,G51D,51,/mnt/d/Proga/OpenFold_codex/OpenFold3_project/data/raw/fireprot_upload/pdbs/2LZM.pdb
P00720,2LZM,A,53,N,A,0.8,N53A,53,/mnt/d/Proga/OpenFold_codex/OpenFold3_project/data/raw/fireprot_upload/pdbs/2LZM.pdb
P00720,2LZM,A,54,C,T,-0.3,C54T,54,/mnt/d/Proga/OpenFold_codex/OpenFold3_project/data/raw/fireprot_upload/pdbs/2LZM.pdb
P00720,2LZM,A,54,C,V,0.7,C54V,54,/mnt/d/Proga/OpenFold_codex/OpenFold3_project/data/raw/fireprot_upload/pdbs/2LZM.pdb
P00720,2LZM,A,54,C,Y,5.02,C54Y,54,/mnt/d/Proga/OpenFold_codex/OpenFold3_project/data/raw/fireprot_upload/pdbs/2LZM.pdb
P00720,2LZM,A,55,N,G,0.6,N55G,55,/mnt/d/Proga/OpenFold_codex/OpenFold3_project/data/raw/fireprot_upload/pdbs/2LZM.pdb
P00720,2LZM,A,58,I,A,3.2,I58A,58,/mnt/d/Proga/OpenFold_codex/OpenFold3_project/data/raw/fireprot_upload/pdbs/2LZM.pdb
P00720,2LZM,A,58,I,T,3.4,I58T,58,/mnt/d/Proga/OpenFold_codex/OpenFold3_project/data/raw/fireprot_upload/pdbs/2LZM.pdb
P00720,2LZM,A,58,I,Y,3.11,I58Y,58,/mnt/d/Proga/OpenFold_codex/OpenFold3_project/data/raw/fireprot_upload/pdbs/2LZM.pdb
P00720,2LZM,A,59,T,A,1.5,T59A,59,/mnt/d/Proga/OpenFold_codex/OpenFold3_project/data/raw/fireprot_upload/pdbs/2LZM.pdb
P00720,2LZM,A,59,T,D,1.2,T59D,59,/mnt/d/Proga/OpenFold_codex/OpenFold3_project/data/raw/fireprot_upload/pdbs/2LZM.pdb
P00720,2LZM,A,59,T,G,1.6,T59G,59,/mnt/d/Proga/OpenFold_codex/OpenFold3_project/data/raw/fireprot_upload/pdbs/2LZM.pdb
P00720,2LZM,A,59,T,N,1.1,T59N,59,/mnt/d/Proga/OpenFold_codex/OpenFold3_project/data/raw/fireprot_upload/pdbs/2LZM.pdb
P00720,2LZM,A,59,T,S,0.2,T59S,59,/mnt/d/Proga/OpenFold_codex/OpenFold3_project/data/raw/fireprot_upload/pdbs/2LZM.pdb
P00720,2LZM,A,59,T,V,1.5,T59V,59,/mnt/d/Proga/OpenFold_codex/OpenFold3_project/data/raw/fireprot_upload/pdbs/2LZM.pdb
P00720,2LZM,A,60,K,H,0.1,K60H,60,/mnt/d/Proga/OpenFold_codex/OpenFold3_project/data/raw/fireprot_upload/pdbs/2LZM.pdb
P00720,2LZM,A,60,K,P,0.0,K60P,60,/mnt/d/Proga/OpenFold_codex/OpenFold3_project/data/raw/fireprot_upload/pdbs/2LZM.pdb
P00720,2LZM,A,66,L,A,4.199999999999999,L66A,66,/mnt/d/Proga/OpenFold_codex/OpenFold3_project/data/raw/fireprot_upload/pdbs/2LZM.pdb
P00720,2LZM,A,66,L,M,1.0,L66M,66,/mnt/d/Proga/OpenFold_codex/OpenFold3_project/data/raw/fireprot_upload/pdbs/2LZM.pdb
P00720,2LZM,A,66,L,P,9.665,L66P,66,/mnt/d/Proga/OpenFold_codex/OpenFold3_project/data/raw/fireprot_upload/pdbs/2LZM.pdb
P00720,2LZM,A,67,F,A,1.9,F67A,67,/mnt/d/Proga/OpenFold_codex/OpenFold3_project/data/raw/fireprot_upload/pdbs/2LZM.pdb
P00720,2LZM,A,68,N,A,0.05,N68A,68,/mnt/d/Proga/OpenFold_codex/OpenFold3_project/data/raw/fireprot_upload/pdbs/2LZM.pdb
P00720,2LZM,A,69,Q,P,2.9,Q69P,69,/mnt/d/Proga/OpenFold_codex/OpenFold3_project/data/raw/fireprot_upload/pdbs/2LZM.pdb
P00720,2LZM,A,71,V,A,1.5,V71A,71,/mnt/d/Proga/OpenFold_codex/OpenFold3_project/data/raw/fireprot_upload/pdbs/2LZM.pdb
P00720,2LZM,A,72,D,P,2.7,D72P,72,/mnt/d/Proga/OpenFold_codex/OpenFold3_project/data/raw/fireprot_upload/pdbs/2LZM.pdb
P00720,2LZM,A,73,A,S,0.35,A73S,73,/mnt/d/Proga/OpenFold_codex/OpenFold3_project/data/raw/fireprot_upload/pdbs/2LZM.pdb
P00720,2LZM,A,74,A,P,4.6,A74P,74,/mnt/d/Proga/OpenFold_codex/OpenFold3_project/data/raw/fireprot_upload/pdbs/2LZM.pdb
P00720,2LZM,A,75,V,T,0.9,V75T,75,/mnt/d/Proga/OpenFold_codex/OpenFold3_project/data/raw/fireprot_upload/pdbs/2LZM.pdb
P00720,2LZM,A,77,G,A,1.2,G77A,77,/mnt/d/Proga/OpenFold_codex/OpenFold3_project/data/raw/fireprot_upload/pdbs/2LZM.pdb
P00720,2LZM,A,78,I,A,0.8999999999999999,I78A,78,/mnt/d/Proga/OpenFold_codex/OpenFold3_project/data/raw/fireprot_upload/pdbs/2LZM.pdb
P00720,2LZM,A,78,I,M,1.5,I78M,78,/mnt/d/Proga/OpenFold_codex/OpenFold3_project/data/raw/fireprot_upload/pdbs/2LZM.pdb
P00720,2LZM,A,78,I,V,0.7,I78V,78,/mnt/d/Proga/OpenFold_codex/OpenFold3_project/data/raw/fireprot_upload/pdbs/2LZM.pdb
P00720,2LZM,A,80,R,K,0.2,R80K,80,/mnt/d/Proga/OpenFold_codex/OpenFold3_project/data/raw/fireprot_upload/pdbs/2LZM.pdb
P00720,2LZM,A,82,A,P,0.72,A82P,82,/mnt/d/Proga/OpenFold_codex/OpenFold3_project/data/raw/fireprot_upload/pdbs/2LZM.pdb
P00720,2LZM,A,82,A,S,0.25,A82S,82,/mnt/d/Proga/OpenFold_codex/OpenFold3_project/data/raw/fireprot_upload/pdbs/2LZM.pdb
P00720,2LZM,A,83,K,H,0.4,K83H,83,/mnt/d/Proga/OpenFold_codex/OpenFold3_project/data/raw/fireprot_upload/pdbs/2LZM.pdb
P00720,2LZM,A,84,L,A,3.6,L84A,84,/mnt/d/Proga/OpenFold_codex/OpenFold3_project/data/raw/fireprot_upload/pdbs/2LZM.pdb
P00720,2LZM,A,84,L,M,1.9,L84M,84,/mnt/d/Proga/OpenFold_codex/OpenFold3_project/data/raw/fireprot_upload/pdbs/2LZM.pdb
P00720,2LZM,A,85,K,A,0.6,K85A,85,/mnt/d/Proga/OpenFold_codex/OpenFold3_project/data/raw/fireprot_upload/pdbs/2LZM.pdb
P00720,2LZM,A,86,P,A,0.4,P86A,86,/mnt/d/Proga/OpenFold_codex/OpenFold3_project/data/raw/fireprot_upload/pdbs/2LZM.pdb
P00720,2LZM,A,86,P,G,1.91,P86G,86,/mnt/d/Proga/OpenFold_codex/OpenFold3_project/data/raw/fireprot_upload/pdbs/2LZM.pdb
P00720,2LZM,A,87,V,A,2.8,V87A,87,/mnt/d/Proga/OpenFold_codex/OpenFold3_project/data/raw/fireprot_upload/pdbs/2LZM.pdb
P00720,2LZM,A,87,V,I,0.6,V87I,87,/mnt/d/Proga/OpenFold_codex/OpenFold3_project/data/raw/fireprot_upload/pdbs/2LZM.pdb
P00720,2LZM,A,87,V,M,2.25,V87M,87,/mnt/d/Proga/OpenFold_codex/OpenFold3_project/data/raw/fireprot_upload/pdbs/2LZM.pdb
P00720,2LZM,A,87,V,T,1.4,V87T,87,/mnt/d/Proga/OpenFold_codex/OpenFold3_project/data/raw/fireprot_upload/pdbs/2LZM.pdb
P00720,2LZM,A,89,D,A,0.5,D89A,89,/mnt/d/Proga/OpenFold_codex/OpenFold3_project/data/raw/fireprot_upload/pdbs/2LZM.pdb
P00720,2LZM,A,90,S,H,1.1,S90H,90,/mnt/d/Proga/OpenFold_codex/OpenFold3_project/data/raw/fireprot_upload/pdbs/2LZM.pdb
P00720,2LZM,A,91,L,A,2.4000000000000004,L91A,91,/mnt/d/Proga/OpenFold_codex/OpenFold3_project/data/raw/fireprot_upload/pdbs/2LZM.pdb
P00720,2LZM,A,91,L,M,0.8,L91M,91,/mnt/d/Proga/OpenFold_codex/OpenFold3_project/data/raw/fireprot_upload/pdbs/2LZM.pdb
P00720,2LZM,A,91,L,P,9.603333333333332,L91P,91,/mnt/d/Proga/OpenFold_codex/OpenFold3_project/data/raw/fireprot_upload/pdbs/2LZM.pdb
P00720,2LZM,A,92,D,N,1.4,D92N,92,/mnt/d/Proga/OpenFold_codex/OpenFold3_project/data/raw/fireprot_upload/pdbs/2LZM.pdb
P00720,2LZM,A,93,A,P,-0.1,A93P,93,/mnt/d/Proga/OpenFold_codex/OpenFold3_project/data/raw/fireprot_upload/pdbs/2LZM.pdb
P00720,2LZM,A,93,A,S,0.15,A93S,93,/mnt/d/Proga/OpenFold_codex/OpenFold3_project/data/raw/fireprot_upload/pdbs/2LZM.pdb
P00720,2LZM,A,93,A,T,-0.1,A93T,93,/mnt/d/Proga/OpenFold_codex/OpenFold3_project/data/raw/fireprot_upload/pdbs/2LZM.pdb
P00720,2LZM,A,94,V,A,1.8,V94A,94,/mnt/d/Proga/OpenFold_codex/OpenFold3_project/data/raw/fireprot_upload/pdbs/2LZM.pdb
P00720,2LZM,A,96,R,A,2.0,R96A,96,/mnt/d/Proga/OpenFold_codex/OpenFold3_project/data/raw/fireprot_upload/pdbs/2LZM.pdb
P00720,2LZM,A,96,R,C,2.9,R96C,96,/mnt/d/Proga/OpenFold_codex/OpenFold3_project/data/raw/fireprot_upload/pdbs/2LZM.pdb
P00720,2LZM,A,96,R,D,3.5,R96D,96,/mnt/d/Proga/OpenFold_codex/OpenFold3_project/data/raw/fireprot_upload/pdbs/2LZM.pdb
P00720,2LZM,A,96,R,E,2.5,R96E,96,/mnt/d/Proga/OpenFold_codex/OpenFold3_project/data/raw/fireprot_upload/pdbs/2LZM.pdb
P00720,2LZM,A,96,R,F,4.2,R96F,96,/mnt/d/Proga/OpenFold_codex/OpenFold3_project/data/raw/fireprot_upload/pdbs/2LZM.pdb
P00720,2LZM,A,96,R,G,2.6,R96G,96,/mnt/d/Proga/OpenFold_codex/OpenFold3_project/data/raw/fireprot_upload/pdbs/2LZM.pdb
P00720,2LZM,A,96,R,H,2.8,R96H,96,/mnt/d/Proga/OpenFold_codex/OpenFold3_project/data/raw/fireprot_upload/pdbs/2LZM.pdb
P00720,2LZM,A,96,R,I,2.9,R96I,96,/mnt/d/Proga/OpenFold_codex/OpenFold3_project/data/raw/fireprot_upload/pdbs/2LZM.pdb
P00720,2LZM,A,96,R,K,0.0,R96K,96,/mnt/d/Proga/OpenFold_codex/OpenFold3_project/data/raw/fireprot_upload/pdbs/2LZM.pdb
P00720,2LZM,A,96,R,L,3.2,R96L,96,/mnt/d/Proga/OpenFold_codex/OpenFold3_project/data/raw/fireprot_upload/pdbs/2LZM.pdb
P00720,2LZM,A,96,R,M,2.7,R96M,96,/mnt/d/Proga/OpenFold_codex/OpenFold3_project/data/raw/fireprot_upload/pdbs/2LZM.pdb
P00720,2LZM,A,96,R,N,3.0,R96N,96,/mnt/d/Proga/OpenFold_codex/OpenFold3_project/data/raw/fireprot_upload/pdbs/2LZM.pdb
P00720,2LZM,A,96,R,P,5.5,R96P,96,/mnt/d/Proga/OpenFold_codex/OpenFold3_project/data/raw/fireprot_upload/pdbs/2LZM.pdb
P00720,2LZM,A,96,R,Q,0.3,R96Q,96,/mnt/d/Proga/OpenFold_codex/OpenFold3_project/data/raw/fireprot_upload/pdbs/2LZM.pdb
P00720,2LZM,A,96,R,S,2.6,R96S,96,/mnt/d/Proga/OpenFold_codex/OpenFold3_project/data/raw/fireprot_upload/pdbs/2LZM.pdb
P00720,2LZM,A,96,R,T,2.8,R96T,96,/mnt/d/Proga/OpenFold_codex/OpenFold3_project/data/raw/fireprot_upload/pdbs/2LZM.pdb
P00720,2LZM,A,96,R,V,2.4,R96V,96,/mnt/d/Proga/OpenFold_codex/OpenFold3_project/data/raw/fireprot_upload/pdbs/2LZM.pdb
P00720,2LZM,A,96,R,W,4.5,R96W,96,/mnt/d/Proga/OpenFold_codex/OpenFold3_project/data/raw/fireprot_upload/pdbs/2LZM.pdb
P00720,2LZM,A,96,R,Y,4.7,R96Y,96,/mnt/d/Proga/OpenFold_codex/OpenFold3_project/data/raw/fireprot_upload/pdbs/2LZM.pdb
P00720,2LZM,A,98,A,C,1.1,A98C,98,/mnt/d/Proga/OpenFold_codex/OpenFold3_project/data/raw/fireprot_upload/pdbs/2LZM.pdb
P00720,2LZM,A,98,A,M,4.0,A98M,98,/mnt/d/Proga/OpenFold_codex/OpenFold3_project/data/raw/fireprot_upload/pdbs/2LZM.pdb
P00720,2LZM,A,98,A,S,2.3,A98S,98,/mnt/d/Proga/OpenFold_codex/OpenFold3_project/data/raw/fireprot_upload/pdbs/2LZM.pdb
P00720,2LZM,A,98,A,T,3.83,A98T,98,/mnt/d/Proga/OpenFold_codex/OpenFold3_project/data/raw/fireprot_upload/pdbs/2LZM.pdb
P00720,2LZM,A,98,A,V,5.02,A98V,98,/mnt/d/Proga/OpenFold_codex/OpenFold3_project/data/raw/fireprot_upload/pdbs/2LZM.pdb
P00720,2LZM,A,99,L,A,3.9,L99A,99,/mnt/d/Proga/OpenFold_codex/OpenFold3_project/data/raw/fireprot_upload/pdbs/2LZM.pdb
P00720,2LZM,A,99,L,F,0.3,L99F,99,/mnt/d/Proga/OpenFold_codex/OpenFold3_project/data/raw/fireprot_upload/pdbs/2LZM.pdb
P00720,2LZM,A,99,L,G,6.3,L99G,99,/mnt/d/Proga/OpenFold_codex/OpenFold3_project/data/raw/fireprot_upload/pdbs/2LZM.pdb
P00720,2LZM,A,99,L,I,1.5,L99I,99,/mnt/d/Proga/OpenFold_codex/OpenFold3_project/data/raw/fireprot_upload/pdbs/2LZM.pdb
P00720,2LZM,A,99,L,M,0.0999999999999999,L99M,99,/mnt/d/Proga/OpenFold_codex/OpenFold3_project/data/raw/fireprot_upload/pdbs/2LZM.pdb
P00720,2LZM,A,99,L,V,2.0,L99V,99,/mnt/d/Proga/OpenFold_codex/OpenFold3_project/data/raw/fireprot_upload/pdbs/2LZM.pdb
P00720,2LZM,A,100,I,A,2.1,I100A,100,/mnt/d/Proga/OpenFold_codex/OpenFold3_project/data/raw/fireprot_upload/pdbs/2LZM.pdb
P00720,2LZM,A,100,I,M,1.6,I100M,100,/mnt/d/Proga/OpenFold_codex/OpenFold3_project/data/raw/fireprot_upload/pdbs/2LZM.pdb
P00720,2LZM,A,100,I,V,0.4,I100V,100,/mnt/d/Proga/OpenFold_codex/OpenFold3_project/data/raw/fireprot_upload/pdbs/2LZM.pdb
P00720,2LZM,A,101,N,A,1.5,N101A,101,/mnt/d/Proga/OpenFold_codex/OpenFold3_project/data/raw/fireprot_upload/pdbs/2LZM.pdb
P00720,2LZM,A,102,M,A,2.85,M102A,102,/mnt/d/Proga/OpenFold_codex/OpenFold3_project/data/raw/fireprot_upload/pdbs/2LZM.pdb
P00720,2LZM,A,102,M,K,6.0,M102K,102,/mnt/d/Proga/OpenFold_codex/OpenFold3_project/data/raw/fireprot_upload/pdbs/2LZM.pdb
P00720,2LZM,A,102,M,L,0.82,M102L,102,/mnt/d/Proga/OpenFold_codex/OpenFold3_project/data/raw/fireprot_upload/pdbs/2LZM.pdb
P00720,2LZM,A,102,M,V,3.3000000000000003,M102V,102,/mnt/d/Proga/OpenFold_codex/OpenFold3_project/data/raw/fireprot_upload/pdbs/2LZM.pdb
P00720,2LZM,A,103,V,A,1.91,V103A,103,/mnt/d/Proga/OpenFold_codex/OpenFold3_project/data/raw/fireprot_upload/pdbs/2LZM.pdb
P00720,2LZM,A,103,V,I,0.3,V103I,103,/mnt/d/Proga/OpenFold_codex/OpenFold3_project/data/raw/fireprot_upload/pdbs/2LZM.pdb
P00720,2LZM,A,103,V,M,1.2,V103M,103,/mnt/d/Proga/OpenFold_codex/OpenFold3_project/data/raw/fireprot_upload/pdbs/2LZM.pdb
P00720,2LZM,A,104,F,A,2.6500000000000004,F104A,104,/mnt/d/Proga/OpenFold_codex/OpenFold3_project/data/raw/fireprot_upload/pdbs/2LZM.pdb
P00720,2LZM,A,104,F,M,0.75,F104M,104,/mnt/d/Proga/OpenFold_codex/OpenFold3_project/data/raw/fireprot_upload/pdbs/2LZM.pdb
P00720,2LZM,A,105,Q,A,0.6,Q105A,105,/mnt/d/Proga/OpenFold_codex/OpenFold3_project/data/raw/fireprot_upload/pdbs/2LZM.pdb
P00720,2LZM,A,105,Q,E,1.1,Q105E,105,/mnt/d/Proga/OpenFold_codex/OpenFold3_project/data/raw/fireprot_upload/pdbs/2LZM.pdb
P00720,2LZM,A,105,Q,G,3.11,Q105G,105,/mnt/d/Proga/OpenFold_codex/OpenFold3_project/data/raw/fireprot_upload/pdbs/2LZM.pdb
P00720,2LZM,A,105,Q,M,1.2,Q105M,105,/mnt/d/Proga/OpenFold_codex/OpenFold3_project/data/raw/fireprot_upload/pdbs/2LZM.pdb
P00720,2LZM,A,106,M,A,1.95,M106A,106,/mnt/d/Proga/OpenFold_codex/OpenFold3_project/data/raw/fireprot_upload/pdbs/2LZM.pdb
P00720,2LZM,A,106,M,I,0.0,M106I,106,/mnt/d/Proga/OpenFold_codex/OpenFold3_project/data/raw/fireprot_upload/pdbs/2LZM.pdb
P00720,2LZM,A,106,M,K,3.45,M106K,106,/mnt/d/Proga/OpenFold_codex/OpenFold3_project/data/raw/fireprot_upload/pdbs/2LZM.pdb
P00720,2LZM,A,106,M,L,-0.25,M106L,106,/mnt/d/Proga/OpenFold_codex/OpenFold3_project/data/raw/fireprot_upload/pdbs/2LZM.pdb
P00720,2LZM,A,108,E,V,-0.5,E108V,108,/mnt/d/Proga/OpenFold_codex/OpenFold3_project/data/raw/fireprot_upload/pdbs/2LZM.pdb
P00720,2LZM,A,109,T,D,0.0,T109D,109,/mnt/d/Proga/OpenFold_codex/OpenFold3_project/data/raw/fireprot_upload/pdbs/2LZM.pdb
P00720,2LZM,A,109,T,N,-0.1,T109N,109,/mnt/d/Proga/OpenFold_codex/OpenFold3_project/data/raw/fireprot_upload/pdbs/2LZM.pdb
P00720,2LZM,A,111,V,A,0.95,V111A,111,/mnt/d/Proga/OpenFold_codex/OpenFold3_project/data/raw/fireprot_upload/pdbs/2LZM.pdb
P00720,2LZM,A,111,V,F,1.6949999999999998,V111F,111,/mnt/d/Proga/OpenFold_codex/OpenFold3_project/data/raw/fireprot_upload/pdbs/2LZM.pdb
P00720,2LZM,A,111,V,I,0.825,V111I,111,/mnt/d/Proga/OpenFold_codex/OpenFold3_project/data/raw/fireprot_upload/pdbs/2LZM.pdb
P00720,2LZM,A,111,V,M,0.55,V111M,111,/mnt/d/Proga/OpenFold_codex/OpenFold3_project/data/raw/fireprot_upload/pdbs/2LZM.pdb
P00720,2LZM,A,113,G,A,-0.3,G113A,113,/mnt/d/Proga/OpenFold_codex/OpenFold3_project/data/raw/fireprot_upload/pdbs/2LZM.pdb
P00720,2LZM,A,113,G,E,-0.3,G113E,113,/mnt/d/Proga/OpenFold_codex/OpenFold3_project/data/raw/fireprot_upload/pdbs/2LZM.pdb
P00720,2LZM,A,115,T,A,0.14,T115A,115,/mnt/d/Proga/OpenFold_codex/OpenFold3_project/data/raw/fireprot_upload/pdbs/2LZM.pdb
P00720,2LZM,A,115,T,E,-0.3,T115E,115,/mnt/d/Proga/OpenFold_codex/OpenFold3_project/data/raw/fireprot_upload/pdbs/2LZM.pdb
P00720,2LZM,A,116,N,A,-0.17,N116A,116,/mnt/d/Proga/OpenFold_codex/OpenFold3_project/data/raw/fireprot_upload/pdbs/2LZM.pdb
P00720,2LZM,A,116,N,D,-0.6,N116D,116,/mnt/d/Proga/OpenFold_codex/OpenFold3_project/data/raw/fireprot_upload/pdbs/2LZM.pdb
P00720,2LZM,A,117,S,A,-1.27,S117A,117,/mnt/d/Proga/OpenFold_codex/OpenFold3_project/data/raw/fireprot_upload/pdbs/2LZM.pdb
P00720,2LZM,A,117,S,F,-1.1,S117F,117,/mnt/d/Proga/OpenFold_codex/OpenFold3_project/data/raw/fireprot_upload/pdbs/2LZM.pdb
P00720,2LZM,A,117,S,I,-1.7,S117I,117,/mnt/d/Proga/OpenFold_codex/OpenFold3_project/data/raw/fireprot_upload/pdbs/2LZM.pdb
P00720,2LZM,A,117,S,V,-2.0,S117V,117,/mnt/d/Proga/OpenFold_codex/OpenFold3_project/data/raw/fireprot_upload/pdbs/2LZM.pdb
P00720,2LZM,A,118,L,A,2.95,L118A,118,/mnt/d/Proga/OpenFold_codex/OpenFold3_project/data/raw/fireprot_upload/pdbs/2LZM.pdb
P00720,2LZM,A,118,L,I,1.2,L118I,118,/mnt/d/Proga/OpenFold_codex/OpenFold3_project/data/raw/fireprot_upload/pdbs/2LZM.pdb
P00720,2LZM,A,118,L,M,0.7,L118M,118,/mnt/d/Proga/OpenFold_codex/OpenFold3_project/data/raw/fireprot_upload/pdbs/2LZM.pdb
P00720,2LZM,A,119,R,A,0.18,R119A,119,/mnt/d/Proga/OpenFold_codex/OpenFold3_project/data/raw/fireprot_upload/pdbs/2LZM.pdb
P00720,2LZM,A,119,R,E,0.04,R119E,119,/mnt/d/Proga/OpenFold_codex/OpenFold3_project/data/raw/fireprot_upload/pdbs/2LZM.pdb
P00720,2LZM,A,119,R,H,0.3,R119H,119,/mnt/d/Proga/OpenFold_codex/OpenFold3_project/data/raw/fireprot_upload/pdbs/2LZM.pdb
P00720,2LZM,A,119,R,M,-0.1,R119M,119,/mnt/d/Proga/OpenFold_codex/OpenFold3_project/data/raw/fireprot_upload/pdbs/2LZM.pdb
P00720,2LZM,A,120,M,A,0.2,M120A,120,/mnt/d/Proga/OpenFold_codex/OpenFold3_project/data/raw/fireprot_upload/pdbs/2LZM.pdb
P00720,2LZM,A,120,M,K,1.8,M120K,120,/mnt/d/Proga/OpenFold_codex/OpenFold3_project/data/raw/fireprot_upload/pdbs/2LZM.pdb
P00720,2LZM,A,120,M,L,-0.45,M120L,120,/mnt/d/Proga/OpenFold_codex/OpenFold3_project/data/raw/fireprot_upload/pdbs/2LZM.pdb
P00720,2LZM,A,120,M,Y,0.7,M120Y,120,/mnt/d/Proga/OpenFold_codex/OpenFold3_project/data/raw/fireprot_upload/pdbs/2LZM.pdb
P00720,2LZM,A,121,L,A,4.2,L121A,121,/mnt/d/Proga/OpenFold_codex/OpenFold3_project/data/raw/fireprot_upload/pdbs/2LZM.pdb
P00720,2LZM,A,121,L,I,1.3,L121I,121,/mnt/d/Proga/OpenFold_codex/OpenFold3_project/data/raw/fireprot_upload/pdbs/2LZM.pdb
P00720,2LZM,A,121,L,M,0.8,L121M,121,/mnt/d/Proga/OpenFold_codex/OpenFold3_project/data/raw/fireprot_upload/pdbs/2LZM.pdb
P00720,2LZM,A,122,Q,A,0.24,Q122A,122,/mnt/d/Proga/OpenFold_codex/OpenFold3_project/data/raw/fireprot_upload/pdbs/2LZM.pdb
P00720,2LZM,A,123,Q,A,0.22,Q123A,123,/mnt/d/Proga/OpenFold_codex/OpenFold3_project/data/raw/fireprot_upload/pdbs/2LZM.pdb
P00720,2LZM,A,123,Q,E,-0.4,Q123E,123,/mnt/d/Proga/OpenFold_codex/OpenFold3_project/data/raw/fireprot_upload/pdbs/2LZM.pdb
P00720,2LZM,A,124,K,G,0.1,K124G,124,/mnt/d/Proga/OpenFold_codex/OpenFold3_project/data/raw/fireprot_upload/pdbs/2LZM.pdb
P00720,2LZM,A,126,W,R,5.74,W126R,126,/mnt/d/Proga/OpenFold_codex/OpenFold3_project/data/raw/fireprot_upload/pdbs/2LZM.pdb
P00720,2LZM,A,127,D,A,-0.2,D127A,127,/mnt/d/Proga/OpenFold_codex/OpenFold3_project/data/raw/fireprot_upload/pdbs/2LZM.pdb
P00720,2LZM,A,128,E,A,-0.16,E128A,128,/mnt/d/Proga/OpenFold_codex/OpenFold3_project/data/raw/fireprot_upload/pdbs/2LZM.pdb
P00720,2LZM,A,128,E,K,1.23,E128K,128,/mnt/d/Proga/OpenFold_codex/OpenFold3_project/data/raw/fireprot_upload/pdbs/2LZM.pdb
P00720,2LZM,A,129,A,F,1.9,A129F,129,/mnt/d/Proga/OpenFold_codex/OpenFold3_project/data/raw/fireprot_upload/pdbs/2LZM.pdb
P00720,2LZM,A,129,A,L,1.3,A129L,129,/mnt/d/Proga/OpenFold_codex/OpenFold3_project/data/raw/fireprot_upload/pdbs/2LZM.pdb
P00720,2LZM,A,129,A,M,2.2,A129M,129,/mnt/d/Proga/OpenFold_codex/OpenFold3_project/data/raw/fireprot_upload/pdbs/2LZM.pdb
P00720,2LZM,A,129,A,V,0.7,A129V,129,/mnt/d/Proga/OpenFold_codex/OpenFold3_project/data/raw/fireprot_upload/pdbs/2LZM.pdb
P00720,2LZM,A,129,A,W,3.2,A129W,129,/mnt/d/Proga/OpenFold_codex/OpenFold3_project/data/raw/fireprot_upload/pdbs/2LZM.pdb
P00720,2LZM,A,130,A,G,2.1,A130G,130,/mnt/d/Proga/OpenFold_codex/OpenFold3_project/data/raw/fireprot_upload/pdbs/2LZM.pdb
P00720,2LZM,A,130,A,S,0.9,A130S,130,/mnt/d/Proga/OpenFold_codex/OpenFold3_project/data/raw/fireprot_upload/pdbs/2LZM.pdb
P00720,2LZM,A,131,V,A,-0.39,V131A,131,/mnt/d/Proga/OpenFold_codex/OpenFold3_project/data/raw/fireprot_upload/pdbs/2LZM.pdb
P00720,2LZM,A,131,V,D,-0.08,V131D,131,/mnt/d/Proga/OpenFold_codex/OpenFold3_project/data/raw/fireprot_upload/pdbs/2LZM.pdb
P00720,2LZM,A,131,V,E,-0.2,V131E,131,/mnt/d/Proga/OpenFold_codex/OpenFold3_project/data/raw/fireprot_upload/pdbs/2LZM.pdb
P00720,2LZM,A,131,V,G,0.68,V131G,131,/mnt/d/Proga/OpenFold_codex/OpenFold3_project/data/raw/fireprot_upload/pdbs/2LZM.pdb
P00720,2LZM,A,131,V,I,-0.16,V131I,131,/mnt/d/Proga/OpenFold_codex/OpenFold3_project/data/raw/fireprot_upload/pdbs/2LZM.pdb
P00720,2LZM,A,131,V,L,-0.09,V131L,131,/mnt/d/Proga/OpenFold_codex/OpenFold3_project/data/raw/fireprot_upload/pdbs/2LZM.pdb
P00720,2LZM,A,131,V,M,-0.12,V131M,131,/mnt/d/Proga/OpenFold_codex/OpenFold3_project/data/raw/fireprot_upload/pdbs/2LZM.pdb
P00720,2LZM,A,131,V,S,0.05,V131S,131,/mnt/d/Proga/OpenFold_codex/OpenFold3_project/data/raw/fireprot_upload/pdbs/2LZM.pdb
P00720,2LZM,A,131,V,T,0.12,V131T,131,/mnt/d/Proga/OpenFold_codex/OpenFold3_project/data/raw/fireprot_upload/pdbs/2LZM.pdb
P00720,2LZM,A,132,N,F,-1.3,N132F,132,/mnt/d/Proga/OpenFold_codex/OpenFold3_project/data/raw/fireprot_upload/pdbs/2LZM.pdb
P00720,2LZM,A,132,N,I,-1.2,N132I,132,/mnt/d/Proga/OpenFold_codex/OpenFold3_project/data/raw/fireprot_upload/pdbs/2LZM.pdb
P00720,2LZM,A,132,N,M,-1.5,N132M,132,/mnt/d/Proga/OpenFold_codex/OpenFold3_project/data/raw/fireprot_upload/pdbs/2LZM.pdb
P00720,2LZM,A,133,L,A,4.3,L133A,133,/mnt/d/Proga/OpenFold_codex/OpenFold3_project/data/raw/fireprot_upload/pdbs/2LZM.pdb
P00720,2LZM,A,133,L,D,6.6,L133D,133,/mnt/d/Proga/OpenFold_codex/OpenFold3_project/data/raw/fireprot_upload/pdbs/2LZM.pdb
P00720,2LZM,A,133,L,F,0.3,L133F,133,/mnt/d/Proga/OpenFold_codex/OpenFold3_project/data/raw/fireprot_upload/pdbs/2LZM.pdb
P00720,2LZM,A,133,L,M,0.4,L133M,133,/mnt/d/Proga/OpenFold_codex/OpenFold3_project/data/raw/fireprot_upload/pdbs/2LZM.pdb
P00720,2LZM,A,134,A,S,0.15,A134S,134,/mnt/d/Proga/OpenFold_codex/OpenFold3_project/data/raw/fireprot_upload/pdbs/2LZM.pdb
P00720,2LZM,A,135,K,E,1.0,K135E,135,/mnt/d/Proga/OpenFold_codex/OpenFold3_project/data/raw/fireprot_upload/pdbs/2LZM.pdb
P00720,2LZM,A,138,W,Y,1.71,W138Y,138,/mnt/d/Proga/OpenFold_codex/OpenFold3_project/data/raw/fireprot_upload/pdbs/2LZM.pdb
P00720,2LZM,A,143,P,A,1.0,P143A,143,/mnt/d/Proga/OpenFold_codex/OpenFold3_project/data/raw/fireprot_upload/pdbs/2LZM.pdb
P00720,2LZM,A,144,N,D,-0.5,N144D,144,/mnt/d/Proga/OpenFold_codex/OpenFold3_project/data/raw/fireprot_upload/pdbs/2LZM.pdb
P00720,2LZM,A,144,N,E,-0.5,N144E,144,/mnt/d/Proga/OpenFold_codex/OpenFold3_project/data/raw/fireprot_upload/pdbs/2LZM.pdb
P00720,2LZM,A,144,N,H,0.0,N144H,144,/mnt/d/Proga/OpenFold_codex/OpenFold3_project/data/raw/fireprot_upload/pdbs/2LZM.pdb
P00720,2LZM,A,146,A,I,4.31,A146I,146,/mnt/d/Proga/OpenFold_codex/OpenFold3_project/data/raw/fireprot_upload/pdbs/2LZM.pdb
P00720,2LZM,A,146,A,T,2.87,A146T,146,/mnt/d/Proga/OpenFold_codex/OpenFold3_project/data/raw/fireprot_upload/pdbs/2LZM.pdb
P00720,2LZM,A,146,A,V,4.31,A146V,146,/mnt/d/Proga/OpenFold_codex/OpenFold3_project/data/raw/fireprot_upload/pdbs/2LZM.pdb
P00720,2LZM,A,147,K,E,0.7,K147E,147,/mnt/d/Proga/OpenFold_codex/OpenFold3_project/data/raw/fireprot_upload/pdbs/2LZM.pdb
P00720,2LZM,A,149,V,A,2.87,V149A,149,/mnt/d/Proga/OpenFold_codex/OpenFold3_project/data/raw/fireprot_upload/pdbs/2LZM.pdb
P00720,2LZM,A,149,V,C,2.0,V149C,149,/mnt/d/Proga/OpenFold_codex/OpenFold3_project/data/raw/fireprot_upload/pdbs/2LZM.pdb
P00720,2LZM,A,149,V,G,4.9,V149G,149,/mnt/d/Proga/OpenFold_codex/OpenFold3_project/data/raw/fireprot_upload/pdbs/2LZM.pdb
P00720,2LZM,A,149,V,I,0.3,V149I,149,/mnt/d/Proga/OpenFold_codex/OpenFold3_project/data/raw/fireprot_upload/pdbs/2LZM.pdb
P00720,2LZM,A,149,V,M,2.6,V149M,149,/mnt/d/Proga/OpenFold_codex/OpenFold3_project/data/raw/fireprot_upload/pdbs/2LZM.pdb
P00720,2LZM,A,149,V,S,4.4,V149S,149,/mnt/d/Proga/OpenFold_codex/OpenFold3_project/data/raw/fireprot_upload/pdbs/2LZM.pdb
P00720,2LZM,A,149,V,T,3.0,V149T,149,/mnt/d/Proga/OpenFold_codex/OpenFold3_project/data/raw/fireprot_upload/pdbs/2LZM.pdb
P00720,2LZM,A,150,I,V,2.1,I150V,150,/mnt/d/Proga/OpenFold_codex/OpenFold3_project/data/raw/fireprot_upload/pdbs/2LZM.pdb
P00720,2LZM,A,151,T,S,-0.4,T151S,151,/mnt/d/Proga/OpenFold_codex/OpenFold3_project/data/raw/fireprot_upload/pdbs/2LZM.pdb
P00720,2LZM,A,152,T,A,1.5,T152A,152,/mnt/d/Proga/OpenFold_codex/OpenFold3_project/data/raw/fireprot_upload/pdbs/2LZM.pdb
P00720,2LZM,A,152,T,C,0.5,T152C,152,/mnt/d/Proga/OpenFold_codex/OpenFold3_project/data/raw/fireprot_upload/pdbs/2LZM.pdb
P00720,2LZM,A,152,T,I,0.4,T152I,152,/mnt/d/Proga/OpenFold_codex/OpenFold3_project/data/raw/fireprot_upload/pdbs/2LZM.pdb
P00720,2LZM,A,152,T,S,2.0,T152S,152,/mnt/d/Proga/OpenFold_codex/OpenFold3_project/data/raw/fireprot_upload/pdbs/2LZM.pdb
P00720,2LZM,A,152,T,V,-0.2,T152V,152,/mnt/d/Proga/OpenFold_codex/OpenFold3_project/data/raw/fireprot_upload/pdbs/2LZM.pdb
P00720,2LZM,A,153,F,A,3.8,F153A,153,/mnt/d/Proga/OpenFold_codex/OpenFold3_project/data/raw/fireprot_upload/pdbs/2LZM.pdb
P00720,2LZM,A,153,F,C,3.11,F153C,153,/mnt/d/Proga/OpenFold_codex/OpenFold3_project/data/raw/fireprot_upload/pdbs/2LZM.pdb
P00720,2LZM,A,153,F,I,0.2,F153I,153,/mnt/d/Proga/OpenFold_codex/OpenFold3_project/data/raw/fireprot_upload/pdbs/2LZM.pdb
P00720,2LZM,A,153,F,L,-0.3,F153L,153,/mnt/d/Proga/OpenFold_codex/OpenFold3_project/data/raw/fireprot_upload/pdbs/2LZM.pdb
P00720,2LZM,A,153,F,M,0.6,F153M,153,/mnt/d/Proga/OpenFold_codex/OpenFold3_project/data/raw/fireprot_upload/pdbs/2LZM.pdb
P00720,2LZM,A,153,F,V,1.8,F153V,153,/mnt/d/Proga/OpenFold_codex/OpenFold3_project/data/raw/fireprot_upload/pdbs/2LZM.pdb
P00720,2LZM,A,154,R,E,1.1,R154E,154,/mnt/d/Proga/OpenFold_codex/OpenFold3_project/data/raw/fireprot_upload/pdbs/2LZM.pdb
P00720,2LZM,A,156,G,D,4.07,G156D,156,/mnt/d/Proga/OpenFold_codex/OpenFold3_project/data/raw/fireprot_upload/pdbs/2LZM.pdb
P00720,2LZM,A,157,T,A,0.5,T157A,157,/mnt/d/Proga/OpenFold_codex/OpenFold3_project/data/raw/fireprot_upload/pdbs/2LZM.pdb
P00720,2LZM,A,157,T,C,1.3,T157C,157,/mnt/d/Proga/OpenFold_codex/OpenFold3_project/data/raw/fireprot_upload/pdbs/2LZM.pdb
P00720,2LZM,A,157,T,D,2.39,T157D,157,/mnt/d/Proga/OpenFold_codex/OpenFold3_project/data/raw/fireprot_upload/pdbs/2LZM.pdb
P00720,2LZM,A,157,T,E,0.8,T157E,157,/mnt/d/Proga/OpenFold_codex/OpenFold3_project/data/raw/fireprot_upload/pdbs/2LZM.pdb
P00720,2LZM,A,157,T,F,4.07,T157F,157,/mnt/d/Proga/OpenFold_codex/OpenFold3_project/data/raw/fireprot_upload/pdbs/2LZM.pdb
P00720,2LZM,A,157,T,G,1.1,T157G,157,/mnt/d/Proga/OpenFold_codex/OpenFold3_project/data/raw/fireprot_upload/pdbs/2LZM.pdb
P00720,2LZM,A,157,T,H,2.1,T157H,157,/mnt/d/Proga/OpenFold_codex/OpenFold3_project/data/raw/fireprot_upload/pdbs/2LZM.pdb
P00720,2LZM,A,157,T,I,1.2,T157I,157,/mnt/d/Proga/OpenFold_codex/OpenFold3_project/data/raw/fireprot_upload/pdbs/2LZM.pdb
P00720,2LZM,A,157,T,L,1.7,T157L,157,/mnt/d/Proga/OpenFold_codex/OpenFold3_project/data/raw/fireprot_upload/pdbs/2LZM.pdb
P00720,2LZM,A,157,T,N,1.2,T157N,157,/mnt/d/Proga/OpenFold_codex/OpenFold3_project/data/raw/fireprot_upload/pdbs/2LZM.pdb
P00720,2LZM,A,157,T,R,-0.3,T157R,157,/mnt/d/Proga/OpenFold_codex/OpenFold3_project/data/raw/fireprot_upload/pdbs/2LZM.pdb
P00720,2LZM,A,157,T,S,0.66,T157S,157,/mnt/d/Proga/OpenFold_codex/OpenFold3_project/data/raw/fireprot_upload/pdbs/2LZM.pdb
P00720,2LZM,A,157,T,V,1.2,T157V,157,/mnt/d/Proga/OpenFold_codex/OpenFold3_project/data/raw/fireprot_upload/pdbs/2LZM.pdb
P00720,2LZM,A,160,A,T,4.55,A160T,160,/mnt/d/Proga/OpenFold_codex/OpenFold3_project/data/raw/fireprot_upload/pdbs/2LZM.pdb
P00720,2LZM,A,163,N,D,0.21,N163D,163,/mnt/d/Proga/OpenFold_codex/OpenFold3_project/data/raw/fireprot_upload/pdbs/2LZM.pdb
P00782,1SUP,A,157,M,F,-0.48,M157F,50,/mnt/d/Proga/OpenFold_codex/OpenFold3_project/data/raw/fireprot_upload/pdbs/1SUP.pdb
P00782,1SUP,A,183,N,D,-0.45,N183D,76,/mnt/d/Proga/OpenFold_codex/OpenFold3_project/data/raw/fireprot_upload/pdbs/1SUP.pdb
P00782,1SUP,A,276,G,A,-0.3,G276A,169,/mnt/d/Proga/OpenFold_codex/OpenFold3_project/data/raw/fireprot_upload/pdbs/1SUP.pdb
P00782,1SUP,A,313,Q,C,-1.25,Q313C,206,/mnt/d/Proga/OpenFold_codex/OpenFold3_project/data/raw/fireprot_upload/pdbs/1SUP.pdb
P00782,1SUP,A,324,Y,K,-0.72,Y324K,217,/mnt/d/Proga/OpenFold_codex/OpenFold3_project/data/raw/fireprot_upload/pdbs/1SUP.pdb
P00782,1SUP,A,325,N,S,-1.07,N325S,218,/mnt/d/Proga/OpenFold_codex/OpenFold3_project/data/raw/fireprot_upload/pdbs/1SUP.pdb
P00811,1KE4,A,166,Y,F,1.125,Y166F,150,/mnt/d/Proga/OpenFold_codex/OpenFold3_project/data/raw/fireprot_upload/pdbs/1KE4.pdb
P00818,1APS,A,12,Y,F,-0.7,Y12F,11,/mnt/d/Proga/OpenFold_codex/OpenFold3_project/data/raw/fireprot_upload/pdbs/1APS.pdb
P00818,1APS,A,12,Y,I,2.2,Y12I,11,/mnt/d/Proga/OpenFold_codex/OpenFold3_project/data/raw/fireprot_upload/pdbs/1APS.pdb
P00818,1APS,A,14,V,A,2.6,V14A,13,/mnt/d/Proga/OpenFold_codex/OpenFold3_project/data/raw/fireprot_upload/pdbs/1APS.pdb
P00818,1APS,A,18,V,A,1.8,V18A,17,/mnt/d/Proga/OpenFold_codex/OpenFold3_project/data/raw/fireprot_upload/pdbs/1APS.pdb
P00818,1APS,A,21,V,A,0.3,V21A,20,/mnt/d/Proga/OpenFold_codex/OpenFold3_project/data/raw/fireprot_upload/pdbs/1APS.pdb
P00818,1APS,A,23,F,L,1.3,F23L,22,/mnt/d/Proga/OpenFold_codex/OpenFold3_project/data/raw/fireprot_upload/pdbs/1APS.pdb
P00818,1APS,A,26,Y,A,0.05,Y26A,25,/mnt/d/Proga/OpenFold_codex/OpenFold3_project/data/raw/fireprot_upload/pdbs/1APS.pdb
P00818,1APS,A,30,E,D,3.5,E30D,29,/mnt/d/Proga/OpenFold_codex/OpenFold3_project/data/raw/fireprot_upload/pdbs/1APS.pdb
P00818,1APS,A,31,A,G,1.6,A31G,30,/mnt/d/Proga/OpenFold_codex/OpenFold3_project/data/raw/fireprot_upload/pdbs/1APS.pdb
P00818,1APS,A,36,V,A,2.5,V36A,35,/mnt/d/Proga/OpenFold_codex/OpenFold3_project/data/raw/fireprot_upload/pdbs/1APS.pdb
P00818,1APS,A,39,W,F,0.0,W39F,38,/mnt/d/Proga/OpenFold_codex/OpenFold3_project/data/raw/fireprot_upload/pdbs/1APS.pdb
P00818,1APS,A,40,V,A,1.6,V40A,39,/mnt/d/Proga/OpenFold_codex/OpenFold3_project/data/raw/fireprot_upload/pdbs/1APS.pdb
P00818,1APS,A,43,T,A,1.8,T43A,42,/mnt/d/Proga/OpenFold_codex/OpenFold3_project/data/raw/fireprot_upload/pdbs/1APS.pdb
P00818,1APS,A,46,G,A,1.7,G46A,45,/mnt/d/Proga/OpenFold_codex/OpenFold3_project/data/raw/fireprot_upload/pdbs/1APS.pdb
P00818,1APS,A,48,V,A,1.9,V48A,47,/mnt/d/Proga/OpenFold_codex/OpenFold3_project/data/raw/fireprot_upload/pdbs/1APS.pdb
P00818,1APS,A,52,V,A,1.9,V52A,51,/mnt/d/Proga/OpenFold_codex/OpenFold3_project/data/raw/fireprot_upload/pdbs/1APS.pdb
P00818,1APS,A,55,P,A,0.5,P55A,54,/mnt/d/Proga/OpenFold_codex/OpenFold3_project/data/raw/fireprot_upload/pdbs/1APS.pdb
P00818,1APS,A,62,M,A,4.0,M62A,61,/mnt/d/Proga/OpenFold_codex/OpenFold3_project/data/raw/fireprot_upload/pdbs/1APS.pdb
P00818,1APS,A,65,W,A,1.5,W65A,64,/mnt/d/Proga/OpenFold_codex/OpenFold3_project/data/raw/fireprot_upload/pdbs/1APS.pdb
P00818,1APS,A,66,L,V,5.35,L66V,65,/mnt/d/Proga/OpenFold_codex/OpenFold3_project/data/raw/fireprot_upload/pdbs/1APS.pdb
P00818,1APS,A,72,P,A,1.6,P72A,71,/mnt/d/Proga/OpenFold_codex/OpenFold3_project/data/raw/fireprot_upload/pdbs/1APS.pdb
P00818,1APS,A,76,I,V,1.4,I76V,75,/mnt/d/Proga/OpenFold_codex/OpenFold3_project/data/raw/fireprot_upload/pdbs/1APS.pdb
P00818,1APS,A,79,T,S,1.4,T79S,78,/mnt/d/Proga/OpenFold_codex/OpenFold3_project/data/raw/fireprot_upload/pdbs/1APS.pdb
P00818,1APS,A,84,E,D,1.5,E84D,83,/mnt/d/Proga/OpenFold_codex/OpenFold3_project/data/raw/fireprot_upload/pdbs/1APS.pdb
P00818,1APS,A,87,I,V,1.7000000000000002,I87V,86,/mnt/d/Proga/OpenFold_codex/OpenFold3_project/data/raw/fireprot_upload/pdbs/1APS.pdb
P00818,1APS,A,90,L,A,1.7,L90A,89,/mnt/d/Proga/OpenFold_codex/OpenFold3_project/data/raw/fireprot_upload/pdbs/1APS.pdb
P00818,1APS,A,95,F,L,4.3,F95L,94,/mnt/d/Proga/OpenFold_codex/OpenFold3_project/data/raw/fireprot_upload/pdbs/1APS.pdb
P00918,1CAH,A,5,W,F,-0.5,W5F,5,/mnt/d/Proga/OpenFold_codex/OpenFold3_project/data/raw/fireprot_upload/pdbs/1CAH.pdb
P00918,1CAH,A,16,W,F,-1.75,W16F,16,/mnt/d/Proga/OpenFold_codex/OpenFold3_project/data/raw/fireprot_upload/pdbs/1CAH.pdb
P00918,1CAH,A,56,S,C,0.5,S56C,56,/mnt/d/Proga/OpenFold_codex/OpenFold3_project/data/raw/fireprot_upload/pdbs/1CAH.pdb
P00918,1CAH,A,60,L,C,0.1,L60C,60,/mnt/d/Proga/OpenFold_codex/OpenFold3_project/data/raw/fireprot_upload/pdbs/1CAH.pdb
P00918,1CAH,A,68,V,C,1.2,V68C,68,/mnt/d/Proga/OpenFold_codex/OpenFold3_project/data/raw/fireprot_upload/pdbs/1CAH.pdb
P00918,1CAH,A,107,H,A,7.666666666666667,H107A,107,/mnt/d/Proga/OpenFold_codex/OpenFold3_project/data/raw/fireprot_upload/pdbs/1CAH.pdb
P00918,1CAH,A,107,H,F,6.666666666666667,H107F,107,/mnt/d/Proga/OpenFold_codex/OpenFold3_project/data/raw/fireprot_upload/pdbs/1CAH.pdb
P00918,1CAH,A,107,H,N,5.466666666666666,H107N,107,/mnt/d/Proga/OpenFold_codex/OpenFold3_project/data/raw/fireprot_upload/pdbs/1CAH.pdb
P00918,1CAH,A,107,H,Y,8.133333333333333,H107Y,107,/mnt/d/Proga/OpenFold_codex/OpenFold3_project/data/raw/fireprot_upload/pdbs/1CAH.pdb
P00918,1CAH,A,117,E,A,3.6666666666666665,E117A,117,/mnt/d/Proga/OpenFold_codex/OpenFold3_project/data/raw/fireprot_upload/pdbs/1CAH.pdb
P00918,1CAH,A,123,W,C,0.0,W123C,123,/mnt/d/Proga/OpenFold_codex/OpenFold3_project/data/raw/fireprot_upload/pdbs/1CAH.pdb
P00974,5PTI,A,36,R,A,0.5,R36A,1,/mnt/d/Proga/OpenFold_codex/OpenFold3_project/data/raw/fireprot_upload/pdbs/5PTI.pdb
P00974,5PTI,A,37,P,A,1.3,P37A,2,/mnt/d/Proga/OpenFold_codex/OpenFold3_project/data/raw/fireprot_upload/pdbs/5PTI.pdb
P00974,5PTI,A,38,D,A,-0.2,D38A,3,/mnt/d/Proga/OpenFold_codex/OpenFold3_project/data/raw/fireprot_upload/pdbs/5PTI.pdb
P00974,5PTI,A,39,F,A,3.0,F39A,4,/mnt/d/Proga/OpenFold_codex/OpenFold3_project/data/raw/fireprot_upload/pdbs/5PTI.pdb
P00974,5PTI,A,39,F,L,2.2,F39L,4,/mnt/d/Proga/OpenFold_codex/OpenFold3_project/data/raw/fireprot_upload/pdbs/5PTI.pdb
P00974,5PTI,A,41,L,A,0.6,L41A,6,/mnt/d/Proga/OpenFold_codex/OpenFold3_project/data/raw/fireprot_upload/pdbs/5PTI.pdb
P00974,5PTI,A,42,E,A,1.5,E42A,7,/mnt/d/Proga/OpenFold_codex/OpenFold3_project/data/raw/fireprot_upload/pdbs/5PTI.pdb
P00974,5PTI,A,43,P,A,0.3,P43A,8,/mnt/d/Proga/OpenFold_codex/OpenFold3_project/data/raw/fireprot_upload/pdbs/5PTI.pdb
P00974,5PTI,A,44,P,A,0.8,P44A,9,/mnt/d/Proga/OpenFold_codex/OpenFold3_project/data/raw/fireprot_upload/pdbs/5PTI.pdb
P00974,5PTI,A,45,Y,A,1.2,Y45A,10,/mnt/d/Proga/OpenFold_codex/OpenFold3_project/data/raw/fireprot_upload/pdbs/5PTI.pdb
P00974,5PTI,A,45,Y,L,2.9,Y45L,10,/mnt/d/Proga/OpenFold_codex/OpenFold3_project/data/raw/fireprot_upload/pdbs/5PTI.pdb
P00974,5PTI,A,46,T,A,0.0,T46A,11,/mnt/d/Proga/OpenFold_codex/OpenFold3_project/data/raw/fireprot_upload/pdbs/5PTI.pdb
P00974,5PTI,A,47,G,A,1.8,G47A,12,/mnt/d/Proga/OpenFold_codex/OpenFold3_project/data/raw/fireprot_upload/pdbs/5PTI.pdb
P00974,5PTI,A,47,G,D,4.3,G47D,12,/mnt/d/Proga/OpenFold_codex/OpenFold3_project/data/raw/fireprot_upload/pdbs/5PTI.pdb
P00974,5PTI,A,47,G,V,4.1,G47V,12,/mnt/d/Proga/OpenFold_codex/OpenFold3_project/data/raw/fireprot_upload/pdbs/5PTI.pdb
P00974,5PTI,A,48,P,A,1.2999999999999998,P48A,13,/mnt/d/Proga/OpenFold_codex/OpenFold3_project/data/raw/fireprot_upload/pdbs/5PTI.pdb
P00974,5PTI,A,48,P,S,1.4,P48S,13,/mnt/d/Proga/OpenFold_codex/OpenFold3_project/data/raw/fireprot_upload/pdbs/5PTI.pdb
P00974,5PTI,A,50,K,A,0.4,K50A,15,/mnt/d/Proga/OpenFold_codex/OpenFold3_project/data/raw/fireprot_upload/pdbs/5PTI.pdb
P00974,5PTI,A,51,A,T,1.7,A51T,16,/mnt/d/Proga/OpenFold_codex/OpenFold3_project/data/raw/fireprot_upload/pdbs/5PTI.pdb
P00974,5PTI,A,51,A,V,1.3,A51V,16,/mnt/d/Proga/OpenFold_codex/OpenFold3_project/data/raw/fireprot_upload/pdbs/5PTI.pdb
P00974,5PTI,A,52,R,A,0.3,R52A,17,/mnt/d/Proga/OpenFold_codex/OpenFold3_project/data/raw/fireprot_upload/pdbs/5PTI.pdb
P00974,5PTI,A,53,I,A,1.5,I53A,18,/mnt/d/Proga/OpenFold_codex/OpenFold3_project/data/raw/fireprot_upload/pdbs/5PTI.pdb
P00974,5PTI,A,54,I,A,2.1,I54A,19,/mnt/d/Proga/OpenFold_codex/OpenFold3_project/data/raw/fireprot_upload/pdbs/5PTI.pdb
P00974,5PTI,A,55,R,A,1.8,R55A,20,/mnt/d/Proga/OpenFold_codex/OpenFold3_project/data/raw/fireprot_upload/pdbs/5PTI.pdb
P00974,5PTI,A,56,Y,A,3.9,Y56A,21,/mnt/d/Proga/OpenFold_codex/OpenFold3_project/data/raw/fireprot_upload/pdbs/5PTI.pdb
P00974,5PTI,A,56,Y,L,3.4,Y56L,21,/mnt/d/Proga/OpenFold_codex/OpenFold3_project/data/raw/fireprot_upload/pdbs/5PTI.pdb
P00974,5PTI,A,57,F,A,2.0,F57A,22,/mnt/d/Proga/OpenFold_codex/OpenFold3_project/data/raw/fireprot_upload/pdbs/5PTI.pdb
P00974,5PTI,A,58,Y,A,5.95,Y58A,23,/mnt/d/Proga/OpenFold_codex/OpenFold3_project/data/raw/fireprot_upload/pdbs/5PTI.pdb
P00974,5PTI,A,59,N,A,2.2,N59A,24,/mnt/d/Proga/OpenFold_codex/OpenFold3_project/data/raw/fireprot_upload/pdbs/5PTI.pdb
P00974,5PTI,A,61,K,A,0.0,K61A,26,/mnt/d/Proga/OpenFold_codex/OpenFold3_project/data/raw/fireprot_upload/pdbs/5PTI.pdb
P00974,5PTI,A,63,G,A,1.0,G63A,28,/mnt/d/Proga/OpenFold_codex/OpenFold3_project/data/raw/fireprot_upload/pdbs/5PTI.pdb
P00974,5PTI,A,64,L,A,0.0,L64A,29,/mnt/d/Proga/OpenFold_codex/OpenFold3_project/data/raw/fireprot_upload/pdbs/5PTI.pdb
P00974,5PTI,A,65,C,A,6.1,C65A,30,/mnt/d/Proga/OpenFold_codex/OpenFold3_project/data/raw/fireprot_upload/pdbs/5PTI.pdb
P00974,5PTI,A,65,C,G,8.7,C65G,30,/mnt/d/Proga/OpenFold_codex/OpenFold3_project/data/raw/fireprot_upload/pdbs/5PTI.pdb
P00974,5PTI,A,65,C,S,8.0,C65S,30,/mnt/d/Proga/OpenFold_codex/OpenFold3_project/data/raw/fireprot_upload/pdbs/5PTI.pdb
P00974,5PTI,A,65,C,T,7.8,C65T,30,/mnt/d/Proga/OpenFold_codex/OpenFold3_project/data/raw/fireprot_upload/pdbs/5PTI.pdb
P00974,5PTI,A,65,C,V,6.0,C65V,30,/mnt/d/Proga/OpenFold_codex/OpenFold3_project/data/raw/fireprot_upload/pdbs/5PTI.pdb
P00974,5PTI,A,66,Q,A,1.0,Q66A,31,/mnt/d/Proga/OpenFold_codex/OpenFold3_project/data/raw/fireprot_upload/pdbs/5PTI.pdb
P00974,5PTI,A,67,T,A,0.1,T67A,32,/mnt/d/Proga/OpenFold_codex/OpenFold3_project/data/raw/fireprot_upload/pdbs/5PTI.pdb
P00974,5PTI,A,68,F,I,2.4,F68I,33,/mnt/d/Proga/OpenFold_codex/OpenFold3_project/data/raw/fireprot_upload/pdbs/5PTI.pdb
P00974,5PTI,A,68,F,L,2.0,F68L,33,/mnt/d/Proga/OpenFold_codex/OpenFold3_project/data/raw/fireprot_upload/pdbs/5PTI.pdb
P00974,5PTI,A,69,V,A,1.2,V69A,34,/mnt/d/Proga/OpenFold_codex/OpenFold3_project/data/raw/fireprot_upload/pdbs/5PTI.pdb
P00974,5PTI,A,70,Y,A,1.85,Y70A,35,/mnt/d/Proga/OpenFold_codex/OpenFold3_project/data/raw/fireprot_upload/pdbs/5PTI.pdb
P00974,5PTI,A,70,Y,D,3.8,Y70D,35,/mnt/d/Proga/OpenFold_codex/OpenFold3_project/data/raw/fireprot_upload/pdbs/5PTI.pdb
P00974,5PTI,A,70,Y,F,0.6,Y70F,35,/mnt/d/Proga/OpenFold_codex/OpenFold3_project/data/raw/fireprot_upload/pdbs/5PTI.pdb
P00974,5PTI,A,70,Y,G,5.0,Y70G,35,/mnt/d/Proga/OpenFold_codex/OpenFold3_project/data/raw/fireprot_upload/pdbs/5PTI.pdb
P00974,5PTI,A,70,Y,L,3.7,Y70L,35,/mnt/d/Proga/OpenFold_codex/OpenFold3_project/data/raw/fireprot_upload/pdbs/5PTI.pdb
P00974,5PTI,A,70,Y,N,3.7,Y70N,35,/mnt/d/Proga/OpenFold_codex/OpenFold3_project/data/raw/fireprot_upload/pdbs/5PTI.pdb
P00974,5PTI,A,71,G,A,2.1,G71A,36,/mnt/d/Proga/OpenFold_codex/OpenFold3_project/data/raw/fireprot_upload/pdbs/5PTI.pdb
P00974,5PTI,A,71,G,D,2.8,G71D,36,/mnt/d/Proga/OpenFold_codex/OpenFold3_project/data/raw/fireprot_upload/pdbs/5PTI.pdb
P00974,5PTI,A,71,G,S,0.7,G71S,36,/mnt/d/Proga/OpenFold_codex/OpenFold3_project/data/raw/fireprot_upload/pdbs/5PTI.pdb
P00974,5PTI,A,72,G,A,2.3,G72A,37,/mnt/d/Proga/OpenFold_codex/OpenFold3_project/data/raw/fireprot_upload/pdbs/5PTI.pdb
P00974,5PTI,A,72,G,D,1.7,G72D,37,/mnt/d/Proga/OpenFold_codex/OpenFold3_project/data/raw/fireprot_upload/pdbs/5PTI.pdb
P00974,5PTI,A,74,R,A,0.0,R74A,39,/mnt/d/Proga/OpenFold_codex/OpenFold3_project/data/raw/fireprot_upload/pdbs/5PTI.pdb
P00974,5PTI,A,76,K,A,0.4,K76A,41,/mnt/d/Proga/OpenFold_codex/OpenFold3_project/data/raw/fireprot_upload/pdbs/5PTI.pdb
P00974,5PTI,A,77,R,A,0.5,R77A,42,/mnt/d/Proga/OpenFold_codex/OpenFold3_project/data/raw/fireprot_upload/pdbs/5PTI.pdb
P00974,5PTI,A,78,N,G,5.7,N78G,43,/mnt/d/Proga/OpenFold_codex/OpenFold3_project/data/raw/fireprot_upload/pdbs/5PTI.pdb
P00974,5PTI,A,79,N,A,3.3,N79A,44,/mnt/d/Proga/OpenFold_codex/OpenFold3_project/data/raw/fireprot_upload/pdbs/5PTI.pdb
P00974,5PTI,A,79,N,G,4.7,N79G,44,/mnt/d/Proga/OpenFold_codex/OpenFold3_project/data/raw/fireprot_upload/pdbs/5PTI.pdb
P00974,5PTI,A,80,F,A,6.85,F80A,45,/mnt/d/Proga/OpenFold_codex/OpenFold3_project/data/raw/fireprot_upload/pdbs/5PTI.pdb
P00974,5PTI,A,81,K,A,-0.1,K81A,46,/mnt/d/Proga/OpenFold_codex/OpenFold3_project/data/raw/fireprot_upload/pdbs/5PTI.pdb
P00974,5PTI,A,82,S,A,1.6,S82A,47,/mnt/d/Proga/OpenFold_codex/OpenFold3_project/data/raw/fireprot_upload/pdbs/5PTI.pdb
P00974,5PTI,A,84,E,A,0.2,E84A,49,/mnt/d/Proga/OpenFold_codex/OpenFold3_project/data/raw/fireprot_upload/pdbs/5PTI.pdb
P00974,5PTI,A,85,D,A,0.4,D85A,50,/mnt/d/Proga/OpenFold_codex/OpenFold3_project/data/raw/fireprot_upload/pdbs/5PTI.pdb
P00974,5PTI,A,87,M,A,1.7,M87A,52,/mnt/d/Proga/OpenFold_codex/OpenFold3_project/data/raw/fireprot_upload/pdbs/5PTI.pdb
P00974,5PTI,A,88,R,A,0.1,R88A,53,/mnt/d/Proga/OpenFold_codex/OpenFold3_project/data/raw/fireprot_upload/pdbs/5PTI.pdb
P00974,5PTI,A,89,T,A,0.1,T89A,54,/mnt/d/Proga/OpenFold_codex/OpenFold3_project/data/raw/fireprot_upload/pdbs/5PTI.pdb
P00974,5PTI,A,91,G,A,0.2,G91A,56,/mnt/d/Proga/OpenFold_codex/OpenFold3_project/data/raw/fireprot_upload/pdbs/5PTI.pdb
P00974,5PTI,A,92,G,A,0.2,G92A,57,/mnt/d/Proga/OpenFold_codex/OpenFold3_project/data/raw/fireprot_upload/pdbs/5PTI.pdb
P01009,1QLP,A,55,A,I,-0.9,A55I,31,/mnt/d/Proga/OpenFold_codex/OpenFold3_project/data/raw/fireprot_upload/pdbs/1QLP.pdb
P01009,1QLP,A,55,A,L,-0.9,A55L,31,/mnt/d/Proga/OpenFold_codex/OpenFold3_project/data/raw/fireprot_upload/pdbs/1QLP.pdb
P01009,1QLP,A,55,A,P,-2.5,A55P,31,/mnt/d/Proga/OpenFold_codex/OpenFold3_project/data/raw/fireprot_upload/pdbs/1QLP.pdb
P01009,1QLP,A,55,A,V,-0.6,A55V,31,/mnt/d/Proga/OpenFold_codex/OpenFold3_project/data/raw/fireprot_upload/pdbs/1QLP.pdb
P01009,1QLP,A,75,F,C,-3.01,F75C,51,/mnt/d/Proga/OpenFold_codex/OpenFold3_project/data/raw/fireprot_upload/pdbs/1QLP.pdb
P01009,1QLP,A,75,F,L,-2.1,F75L,51,/mnt/d/Proga/OpenFold_codex/OpenFold3_project/data/raw/fireprot_upload/pdbs/1QLP.pdb
P01009,1QLP,A,79,V,I,0.2,V79I,55,/mnt/d/Proga/OpenFold_codex/OpenFold3_project/data/raw/fireprot_upload/pdbs/1QLP.pdb
P01009,1QLP,A,79,V,L,0.3,V79L,55,/mnt/d/Proga/OpenFold_codex/OpenFold3_project/data/raw/fireprot_upload/pdbs/1QLP.pdb
P01009,1QLP,A,83,T,A,-1.0,T83A,59,/mnt/d/Proga/OpenFold_codex/OpenFold3_project/data/raw/fireprot_upload/pdbs/1QLP.pdb
P01009,1QLP,A,92,T,A,-1.0,T92A,68,/mnt/d/Proga/OpenFold_codex/OpenFold3_project/data/raw/fireprot_upload/pdbs/1QLP.pdb
P01009,1QLP,A,94,A,G,-1.6,A94G,70,/mnt/d/Proga/OpenFold_codex/OpenFold3_project/data/raw/fireprot_upload/pdbs/1QLP.pdb
P01009,1QLP,A,169,V,I,-0.2,V169I,145,/mnt/d/Proga/OpenFold_codex/OpenFold3_project/data/raw/fireprot_upload/pdbs/1QLP.pdb
P01009,1QLP,A,169,V,L,0.7,V169L,145,/mnt/d/Proga/OpenFold_codex/OpenFold3_project/data/raw/fireprot_upload/pdbs/1QLP.pdb
P01009,1QLP,A,184,Y,A,0.2,Y184A,160,/mnt/d/Proga/OpenFold_codex/OpenFold3_project/data/raw/fireprot_upload/pdbs/1QLP.pdb
P01009,1QLP,A,184,Y,W,-1.2,Y184W,160,/mnt/d/Proga/OpenFold_codex/OpenFold3_project/data/raw/fireprot_upload/pdbs/1QLP.pdb
P01009,1QLP,A,197,V,I,-0.5,V197I,173,/mnt/d/Proga/OpenFold_codex/OpenFold3_project/data/raw/fireprot_upload/pdbs/1QLP.pdb
P01009,1QLP,A,197,V,L,0.6,V197L,173,/mnt/d/Proga/OpenFold_codex/OpenFold3_project/data/raw/fireprot_upload/pdbs/1QLP.pdb
P01009,1QLP,A,207,A,F,-1.5,A207F,183,/mnt/d/Proga/OpenFold_codex/OpenFold3_project/data/raw/fireprot_upload/pdbs/1QLP.pdb
P01009,1QLP,A,207,A,I,-1.8,A207I,183,/mnt/d/Proga/OpenFold_codex/OpenFold3_project/data/raw/fireprot_upload/pdbs/1QLP.pdb
P01009,1QLP,A,207,A,L,-1.4,A207L,183,/mnt/d/Proga/OpenFold_codex/OpenFold3_project/data/raw/fireprot_upload/pdbs/1QLP.pdb
P01009,1QLP,A,207,A,V,-3.8,A207V,183,/mnt/d/Proga/OpenFold_codex/OpenFold3_project/data/raw/fireprot_upload/pdbs/1QLP.pdb
P01009,1QLP,A,218,W,F,0.5,W218F,194,/mnt/d/Proga/OpenFold_codex/OpenFold3_project/data/raw/fireprot_upload/pdbs/1QLP.pdb
P01009,1QLP,A,262,W,F,-1.0,W262F,238,/mnt/d/Proga/OpenFold_codex/OpenFold3_project/data/raw/fireprot_upload/pdbs/1QLP.pdb
P01009,1QLP,A,272,A,F,-1.8,A272F,248,/mnt/d/Proga/OpenFold_codex/OpenFold3_project/data/raw/fireprot_upload/pdbs/1QLP.pdb
P01009,1QLP,A,272,A,I,-2.2,A272I,248,/mnt/d/Proga/OpenFold_codex/OpenFold3_project/data/raw/fireprot_upload/pdbs/1QLP.pdb
P01009,1QLP,A,272,A,L,-0.35,A272L,248,/mnt/d/Proga/OpenFold_codex/OpenFold3_project/data/raw/fireprot_upload/pdbs/1QLP.pdb
P01009,1QLP,A,272,A,V,-2.3,A272V,248,/mnt/d/Proga/OpenFold_codex/OpenFold3_project/data/raw/fireprot_upload/pdbs/1QLP.pdb
P01009,1QLP,A,274,A,I,0.4,A274I,250,/mnt/d/Proga/OpenFold_codex/OpenFold3_project/data/raw/fireprot_upload/pdbs/1QLP.pdb
P01009,1QLP,A,274,A,L,1.0,A274L,250,/mnt/d/Proga/OpenFold_codex/OpenFold3_project/data/raw/fireprot_upload/pdbs/1QLP.pdb
P01009,1QLP,A,274,A,V,0.4,A274V,250,/mnt/d/Proga/OpenFold_codex/OpenFold3_project/data/raw/fireprot_upload/pdbs/1QLP.pdb
P01009,1QLP,A,308,A,I,0.0,A308I,284,/mnt/d/Proga/OpenFold_codex/OpenFold3_project/data/raw/fireprot_upload/pdbs/1QLP.pdb
P01009,1QLP,A,308,A,L,0.8,A308L,284,/mnt/d/Proga/OpenFold_codex/OpenFold3_project/data/raw/fireprot_upload/pdbs/1QLP.pdb
P01009,1QLP,A,308,A,V,-0.8,A308V,284,/mnt/d/Proga/OpenFold_codex/OpenFold3_project/data/raw/fireprot_upload/pdbs/1QLP.pdb
P01009,1QLP,A,345,V,I,-0.6,V345I,321,/mnt/d/Proga/OpenFold_codex/OpenFold3_project/data/raw/fireprot_upload/pdbs/1QLP.pdb
P01009,1QLP,A,345,V,L,1.2,V345L,321,/mnt/d/Proga/OpenFold_codex/OpenFold3_project/data/raw/fireprot_upload/pdbs/1QLP.pdb
P01009,1QLP,A,354,S,R,-1.6133333333333333,S354R,330,/mnt/d/Proga/OpenFold_codex/OpenFold3_project/data/raw/fireprot_upload/pdbs/1QLP.pdb
P01009,1QLP,A,355,K,F,1.1833333333333331,K355F,331,/mnt/d/Proga/OpenFold_codex/OpenFold3_project/data/raw/fireprot_upload/pdbs/1QLP.pdb
P01009,1QLP,A,355,K,I,0.42,K355I,331,/mnt/d/Proga/OpenFold_codex/OpenFold3_project/data/raw/fireprot_upload/pdbs/1QLP.pdb
P01009,1QLP,A,355,K,T,-0.3466666666666667,K355T,331,/mnt/d/Proga/OpenFold_codex/OpenFold3_project/data/raw/fireprot_upload/pdbs/1QLP.pdb
P01009,1QLP,A,355,K,V,0.5966666666666667,K355V,331,/mnt/d/Proga/OpenFold_codex/OpenFold3_project/data/raw/fireprot_upload/pdbs/1QLP.pdb
P01009,1QLP,A,388,V,I,-0.4,V388I,364,/mnt/d/Proga/OpenFold_codex/OpenFold3_project/data/raw/fireprot_upload/pdbs/1QLP.pdb
P01009,1QLP,A,388,V,L,0.3,V388L,364,/mnt/d/Proga/OpenFold_codex/OpenFold3_project/data/raw/fireprot_upload/pdbs/1QLP.pdb
P01009,1QLP,A,398,M,I,-2.3,M398I,374,/mnt/d/Proga/OpenFold_codex/OpenFold3_project/data/raw/fireprot_upload/pdbs/1QLP.pdb
P01009,1QLP,A,405,S,A,-1.0,S405A,381,/mnt/d/Proga/OpenFold_codex/OpenFold3_project/data/raw/fireprot_upload/pdbs/1QLP.pdb
P01009,1QLP,A,411,K,R,-1.0,K411R,387,/mnt/d/Proga/OpenFold_codex/OpenFold3_project/data/raw/fireprot_upload/pdbs/1QLP.pdb
P01236,2Q98,A,55,H,A,-1.29,H55A,27,/mnt/d/Proga/OpenFold_codex/OpenFold3_project/data/raw/fireprot_upload/pdbs/2Q98.pdb
P01236,2Q98,A,58,H,A,-2.05,H58A,30,/mnt/d/Proga/OpenFold_codex/OpenFold3_project/data/raw/fireprot_upload/pdbs/2Q98.pdb
P01236,2Q98,A,74,H,A,-1.55,H74A,46,/mnt/d/Proga/OpenFold_codex/OpenFold3_project/data/raw/fireprot_upload/pdbs/2Q98.pdb
P01236,2Q98,A,87,H,A,0.02,H87A,59,/mnt/d/Proga/OpenFold_codex/OpenFold3_project/data/raw/fireprot_upload/pdbs/2Q98.pdb
P01236,2Q98,A,125,H,A,-0.33,H125A,97,/mnt/d/Proga/OpenFold_codex/OpenFold3_project/data/raw/fireprot_upload/pdbs/2Q98.pdb
P01236,2Q98,A,166,H,A,-0.58,H166A,138,/mnt/d/Proga/OpenFold_codex/OpenFold3_project/data/raw/fireprot_upload/pdbs/2Q98.pdb
P01236,2Q98,A,201,H,A,0.35,H201A,173,/mnt/d/Proga/OpenFold_codex/OpenFold3_project/data/raw/fireprot_upload/pdbs/2Q98.pdb
P01236,2Q98,A,208,H,A,0.04,H208A,180,/mnt/d/Proga/OpenFold_codex/OpenFold3_project/data/raw/fireprot_upload/pdbs/2Q98.pdb
P01236,2Q98,A,223,H,A,-0.12,H223A,195,/mnt/d/Proga/OpenFold_codex/OpenFold3_project/data/raw/fireprot_upload/pdbs/2Q98.pdb
P01584,2NVH,A,120,R,P,0.4,R120P,4,/mnt/d/Proga/OpenFold_codex/OpenFold3_project/data/raw/fireprot_upload/pdbs/2NVH.pdb
P01584,2NVH,A,120,R,Q,0.8,R120Q,4,/mnt/d/Proga/OpenFold_codex/OpenFold3_project/data/raw/fireprot_upload/pdbs/2NVH.pdb
P01584,2NVH,A,122,L,A,2.6,L122A,6,/mnt/d/Proga/OpenFold_codex/OpenFold3_project/data/raw/fireprot_upload/pdbs/2NVH.pdb
P01584,2NVH,A,123,N,D,-0.265,N123D,7,/mnt/d/Proga/OpenFold_codex/OpenFold3_project/data/raw/fireprot_upload/pdbs/2NVH.pdb
P01584,2NVH,A,123,N,G,2.25,N123G,7,/mnt/d/Proga/OpenFold_codex/OpenFold3_project/data/raw/fireprot_upload/pdbs/2NVH.pdb
P01584,2NVH,A,124,C,A,2.26,C124A,8,/mnt/d/Proga/OpenFold_codex/OpenFold3_project/data/raw/fireprot_upload/pdbs/2NVH.pdb
P01584,2NVH,A,124,C,S,4.25,C124S,8,/mnt/d/Proga/OpenFold_codex/OpenFold3_project/data/raw/fireprot_upload/pdbs/2NVH.pdb
P01584,2NVH,A,125,T,A,1.4333333333333336,T125A,9,/mnt/d/Proga/OpenFold_codex/OpenFold3_project/data/raw/fireprot_upload/pdbs/2NVH.pdb
P01584,2NVH,A,125,T,G,3.1500000000000004,T125G,9,/mnt/d/Proga/OpenFold_codex/OpenFold3_project/data/raw/fireprot_upload/pdbs/2NVH.pdb
P01584,2NVH,A,125,T,L,1.9,T125L,9,/mnt/d/Proga/OpenFold_codex/OpenFold3_project/data/raw/fireprot_upload/pdbs/2NVH.pdb
P01584,2NVH,A,125,T,Q,2.65,T125Q,9,/mnt/d/Proga/OpenFold_codex/OpenFold3_project/data/raw/fireprot_upload/pdbs/2NVH.pdb
P01584,2NVH,A,126,L,A,4.5,L126A,10,/mnt/d/Proga/OpenFold_codex/OpenFold3_project/data/raw/fireprot_upload/pdbs/2NVH.pdb
P01584,2NVH,A,213,K,G,1.6333333333333335,K213G,97,/mnt/d/Proga/OpenFold_codex/OpenFold3_project/data/raw/fireprot_upload/pdbs/2NVH.pdb
P01584,2NVH,A,213,K,R,1.8,K213R,97,/mnt/d/Proga/OpenFold_codex/OpenFold3_project/data/raw/fireprot_upload/pdbs/2NVH.pdb
P01584,2NVH,A,213,K,V,-1.1333333333333333,K213V,97,/mnt/d/Proga/OpenFold_codex/OpenFold3_project/data/raw/fireprot_upload/pdbs/2NVH.pdb
P02185,1BVC,A,5,E,A,0.625,E5A,4,/mnt/d/Proga/OpenFold_codex/OpenFold3_project/data/raw/fireprot_upload/pdbs/1BVC.pdb
P02185,1BVC,A,8,W,F,0.6333333333333334,W8F,7,/mnt/d/Proga/OpenFold_codex/OpenFold3_project/data/raw/fireprot_upload/pdbs/1BVC.pdb
P02185,1BVC,A,9,Q,A,-0.965,Q9A,8,/mnt/d/Proga/OpenFold_codex/OpenFold3_project/data/raw/fireprot_upload/pdbs/1BVC.pdb
P02185,1BVC,A,9,Q,G,0.565,Q9G,8,/mnt/d/Proga/OpenFold_codex/OpenFold3_project/data/raw/fireprot_upload/pdbs/1BVC.pdb
P02185,1BVC,A,10,L,A,0.4,L10A,9,/mnt/d/Proga/OpenFold_codex/OpenFold3_project/data/raw/fireprot_upload/pdbs/1BVC.pdb
P02185,1BVC,A,12,L,A,0.4,L12A,11,/mnt/d/Proga/OpenFold_codex/OpenFold3_project/data/raw/fireprot_upload/pdbs/1BVC.pdb
P02185,1BVC,A,14,V,A,0.6,V14A,13,/mnt/d/Proga/OpenFold_codex/OpenFold3_project/data/raw/fireprot_upload/pdbs/1BVC.pdb
P02185,1BVC,A,15,W,F,0.7333333333333334,W15F,14,/mnt/d/Proga/OpenFold_codex/OpenFold3_project/data/raw/fireprot_upload/pdbs/1BVC.pdb
P02185,1BVC,A,16,A,L,-0.1,A16L,15,/mnt/d/Proga/OpenFold_codex/OpenFold3_project/data/raw/fireprot_upload/pdbs/1BVC.pdb
P02185,1BVC,A,19,E,A,0.6,E19A,18,/mnt/d/Proga/OpenFold_codex/OpenFold3_project/data/raw/fireprot_upload/pdbs/1BVC.pdb
P02185,1BVC,A,24,G,A,1.1,G24A,23,/mnt/d/Proga/OpenFold_codex/OpenFold3_project/data/raw/fireprot_upload/pdbs/1BVC.pdb
P02185,1BVC,A,25,H,V,0.26,H25V,24,/mnt/d/Proga/OpenFold_codex/OpenFold3_project/data/raw/fireprot_upload/pdbs/1BVC.pdb
P02185,1BVC,A,29,I,A,-1.2,I29A,28,/mnt/d/Proga/OpenFold_codex/OpenFold3_project/data/raw/fireprot_upload/pdbs/1BVC.pdb
P02185,1BVC,A,29,I,L,0.6,I29L,28,/mnt/d/Proga/OpenFold_codex/OpenFold3_project/data/raw/fireprot_upload/pdbs/1BVC.pdb
P02185,1BVC,A,29,I,M,0.6,I29M,28,/mnt/d/Proga/OpenFold_codex/OpenFold3_project/data/raw/fireprot_upload/pdbs/1BVC.pdb
P02185,1BVC,A,29,I,V,0.0,I29V,28,/mnt/d/Proga/OpenFold_codex/OpenFold3_project/data/raw/fireprot_upload/pdbs/1BVC.pdb
P02185,1BVC,A,30,L,A,0.8,L30A,29,/mnt/d/Proga/OpenFold_codex/OpenFold3_project/data/raw/fireprot_upload/pdbs/1BVC.pdb
P02185,1BVC,A,30,L,I,1.1,L30I,29,/mnt/d/Proga/OpenFold_codex/OpenFold3_project/data/raw/fireprot_upload/pdbs/1BVC.pdb
P02185,1BVC,A,30,L,M,-0.1,L30M,29,/mnt/d/Proga/OpenFold_codex/OpenFold3_project/data/raw/fireprot_upload/pdbs/1BVC.pdb
P02185,1BVC,A,30,L,V,1.7,L30V,29,/mnt/d/Proga/OpenFold_codex/OpenFold3_project/data/raw/fireprot_upload/pdbs/1BVC.pdb
P02185,1BVC,A,31,I,A,1.9,I31A,30,/mnt/d/Proga/OpenFold_codex/OpenFold3_project/data/raw/fireprot_upload/pdbs/1BVC.pdb
P02185,1BVC,A,33,L,A,2.04,L33A,32,/mnt/d/Proga/OpenFold_codex/OpenFold3_project/data/raw/fireprot_upload/pdbs/1BVC.pdb
P02185,1BVC,A,37,H,Q,0.58,H37Q,36,/mnt/d/Proga/OpenFold_codex/OpenFold3_project/data/raw/fireprot_upload/pdbs/1BVC.pdb
P02185,1BVC,A,45,D,A,0.175,D45A,44,/mnt/d/Proga/OpenFold_codex/OpenFold3_project/data/raw/fireprot_upload/pdbs/1BVC.pdb
P02185,1BVC,A,49,H,Q,0.4066666666666667,H49Q,48,/mnt/d/Proga/OpenFold_codex/OpenFold3_project/data/raw/fireprot_upload/pdbs/1BVC.pdb
P02185,1BVC,A,50,L,I,0.8,L50I,49,/mnt/d/Proga/OpenFold_codex/OpenFold3_project/data/raw/fireprot_upload/pdbs/1BVC.pdb
P02185,1BVC,A,52,T,A,1.4,T52A,51,/mnt/d/Proga/OpenFold_codex/OpenFold3_project/data/raw/fireprot_upload/pdbs/1BVC.pdb
P02185,1BVC,A,57,K,A,0.225,K57A,56,/mnt/d/Proga/OpenFold_codex/OpenFold3_project/data/raw/fireprot_upload/pdbs/1BVC.pdb
P02185,1BVC,A,61,D,A,0.125,D61A,60,/mnt/d/Proga/OpenFold_codex/OpenFold3_project/data/raw/fireprot_upload/pdbs/1BVC.pdb
P02185,1BVC,A,65,H,Q,0.3166666666666666,H65Q,64,/mnt/d/Proga/OpenFold_codex/OpenFold3_project/data/raw/fireprot_upload/pdbs/1BVC.pdb
P02185,1BVC,A,66,G,A,0.1,G66A,65,/mnt/d/Proga/OpenFold_codex/OpenFold3_project/data/raw/fireprot_upload/pdbs/1BVC.pdb
P02185,1BVC,A,67,V,A,-0.8,V67A,66,/mnt/d/Proga/OpenFold_codex/OpenFold3_project/data/raw/fireprot_upload/pdbs/1BVC.pdb
P02185,1BVC,A,68,T,A,0.3,T68A,67,/mnt/d/Proga/OpenFold_codex/OpenFold3_project/data/raw/fireprot_upload/pdbs/1BVC.pdb
P02185,1BVC,A,69,V,T,0.3999999999999999,V69T,68,/mnt/d/Proga/OpenFold_codex/OpenFold3_project/data/raw/fireprot_upload/pdbs/1BVC.pdb
P02185,1BVC,A,70,L,A,1.2,L70A,69,/mnt/d/Proga/OpenFold_codex/OpenFold3_project/data/raw/fireprot_upload/pdbs/1BVC.pdb
P02185,1BVC,A,70,L,I,0.0,L70I,69,/mnt/d/Proga/OpenFold_codex/OpenFold3_project/data/raw/fireprot_upload/pdbs/1BVC.pdb
P02185,1BVC,A,70,L,M,0.0,L70M,69,/mnt/d/Proga/OpenFold_codex/OpenFold3_project/data/raw/fireprot_upload/pdbs/1BVC.pdb
P02185,1BVC,A,70,L,V,0.1,L70V,69,/mnt/d/Proga/OpenFold_codex/OpenFold3_project/data/raw/fireprot_upload/pdbs/1BVC.pdb
P02185,1BVC,A,78,K,A,0.035,K78A,77,/mnt/d/Proga/OpenFold_codex/OpenFold3_project/data/raw/fireprot_upload/pdbs/1BVC.pdb
P02185,1BVC,A,82,H,Q,0.0,H82Q,81,/mnt/d/Proga/OpenFold_codex/OpenFold3_project/data/raw/fireprot_upload/pdbs/1BVC.pdb
P02185,1BVC,A,83,H,Q,0.025,H83Q,82,/mnt/d/Proga/OpenFold_codex/OpenFold3_project/data/raw/fireprot_upload/pdbs/1BVC.pdb
P02185,1BVC,A,89,P,A,-0.6,P89A,88,/mnt/d/Proga/OpenFold_codex/OpenFold3_project/data/raw/fireprot_upload/pdbs/1BVC.pdb
P02185,1BVC,A,94,H,G,-0.02,H94G,93,/mnt/d/Proga/OpenFold_codex/OpenFold3_project/data/raw/fireprot_upload/pdbs/1BVC.pdb
P02185,1BVC,A,98,H,Q,0.055,H98Q,97,/mnt/d/Proga/OpenFold_codex/OpenFold3_project/data/raw/fireprot_upload/pdbs/1BVC.pdb
P02185,1BVC,A,107,F,A,0.7,F107A,106,/mnt/d/Proga/OpenFold_codex/OpenFold3_project/data/raw/fireprot_upload/pdbs/1BVC.pdb
P02185,1BVC,A,110,E,A,-0.2575,E110A,109,/mnt/d/Proga/OpenFold_codex/OpenFold3_project/data/raw/fireprot_upload/pdbs/1BVC.pdb
P02185,1BVC,A,110,E,G,0.9166666666666666,E110G,109,/mnt/d/Proga/OpenFold_codex/OpenFold3_project/data/raw/fireprot_upload/pdbs/1BVC.pdb
P02185,1BVC,A,112,I,A,1.8,I112A,111,/mnt/d/Proga/OpenFold_codex/OpenFold3_project/data/raw/fireprot_upload/pdbs/1BVC.pdb
P02185,1BVC,A,112,I,L,0.6,I112L,111,/mnt/d/Proga/OpenFold_codex/OpenFold3_project/data/raw/fireprot_upload/pdbs/1BVC.pdb
P02185,1BVC,A,112,I,M,1.1,I112M,111,/mnt/d/Proga/OpenFold_codex/OpenFold3_project/data/raw/fireprot_upload/pdbs/1BVC.pdb
P02185,1BVC,A,114,H,Q,-0.0133333333333333,H114Q,113,/mnt/d/Proga/OpenFold_codex/OpenFold3_project/data/raw/fireprot_upload/pdbs/1BVC.pdb
P02185,1BVC,A,115,V,A,1.4,V115A,114,/mnt/d/Proga/OpenFold_codex/OpenFold3_project/data/raw/fireprot_upload/pdbs/1BVC.pdb
P02185,1BVC,A,116,L,A,1.4,L116A,115,/mnt/d/Proga/OpenFold_codex/OpenFold3_project/data/raw/fireprot_upload/pdbs/1BVC.pdb
P02185,1BVC,A,117,H,A,-0.2,H117A,116,/mnt/d/Proga/OpenFold_codex/OpenFold3_project/data/raw/fireprot_upload/pdbs/1BVC.pdb
P02185,1BVC,A,118,S,A,0.3,S118A,117,/mnt/d/Proga/OpenFold_codex/OpenFold3_project/data/raw/fireprot_upload/pdbs/1BVC.pdb
P02185,1BVC,A,120,H,F,0.3399999999999999,H120F,119,/mnt/d/Proga/OpenFold_codex/OpenFold3_project/data/raw/fireprot_upload/pdbs/1BVC.pdb
P02185,1BVC,A,124,F,A,1.1,F124A,123,/mnt/d/Proga/OpenFold_codex/OpenFold3_project/data/raw/fireprot_upload/pdbs/1BVC.pdb
P02185,1BVC,A,124,F,K,1.4,F124K,123,/mnt/d/Proga/OpenFold_codex/OpenFold3_project/data/raw/fireprot_upload/pdbs/1BVC.pdb
P02185,1BVC,A,124,F,T,3.05,F124T,123,/mnt/d/Proga/OpenFold_codex/OpenFold3_project/data/raw/fireprot_upload/pdbs/1BVC.pdb
P02185,1BVC,A,126,A,L,-0.6,A126L,125,/mnt/d/Proga/OpenFold_codex/OpenFold3_project/data/raw/fireprot_upload/pdbs/1BVC.pdb
P02185,1BVC,A,130,G,A,-1.1,G130A,129,/mnt/d/Proga/OpenFold_codex/OpenFold3_project/data/raw/fireprot_upload/pdbs/1BVC.pdb
P02185,1BVC,A,131,A,K,3.7,A131K,130,/mnt/d/Proga/OpenFold_codex/OpenFold3_project/data/raw/fireprot_upload/pdbs/1BVC.pdb
P02185,1BVC,A,131,A,L,2.3,A131L,130,/mnt/d/Proga/OpenFold_codex/OpenFold3_project/data/raw/fireprot_upload/pdbs/1BVC.pdb
P02185,1BVC,A,132,M,A,1.4666666666666668,M132A,131,/mnt/d/Proga/OpenFold_codex/OpenFold3_project/data/raw/fireprot_upload/pdbs/1BVC.pdb
P02185,1BVC,A,136,L,A,1.7,L136A,135,/mnt/d/Proga/OpenFold_codex/OpenFold3_project/data/raw/fireprot_upload/pdbs/1BVC.pdb
P02185,1BVC,A,136,L,I,1.5,L136I,135,/mnt/d/Proga/OpenFold_codex/OpenFold3_project/data/raw/fireprot_upload/pdbs/1BVC.pdb
P02185,1BVC,A,136,L,M,0.8,L136M,135,/mnt/d/Proga/OpenFold_codex/OpenFold3_project/data/raw/fireprot_upload/pdbs/1BVC.pdb
P02185,1BVC,A,136,L,V,2.2,L136V,135,/mnt/d/Proga/OpenFold_codex/OpenFold3_project/data/raw/fireprot_upload/pdbs/1BVC.pdb
P02185,1BVC,A,138,L,A,1.4,L138A,137,/mnt/d/Proga/OpenFold_codex/OpenFold3_project/data/raw/fireprot_upload/pdbs/1BVC.pdb
P02185,1BVC,A,141,K,A,-0.4375,K141A,140,/mnt/d/Proga/OpenFold_codex/OpenFold3_project/data/raw/fireprot_upload/pdbs/1BVC.pdb
P02185,1BVC,A,143,I,A,1.9,I143A,142,/mnt/d/Proga/OpenFold_codex/OpenFold3_project/data/raw/fireprot_upload/pdbs/1BVC.pdb
P02185,1BVC,A,143,I,L,-0.6,I143L,142,/mnt/d/Proga/OpenFold_codex/OpenFold3_project/data/raw/fireprot_upload/pdbs/1BVC.pdb
P02185,1BVC,A,143,I,M,-0.9,I143M,142,/mnt/d/Proga/OpenFold_codex/OpenFold3_project/data/raw/fireprot_upload/pdbs/1BVC.pdb
P02185,1BVC,A,143,I,V,0.1,I143V,142,/mnt/d/Proga/OpenFold_codex/OpenFold3_project/data/raw/fireprot_upload/pdbs/1BVC.pdb
P02185,1BVC,A,145,A,L,-0.4,A145L,144,/mnt/d/Proga/OpenFold_codex/OpenFold3_project/data/raw/fireprot_upload/pdbs/1BVC.pdb
P02185,1BVC,A,150,L,A,1.6,L150A,149,/mnt/d/Proga/OpenFold_codex/OpenFold3_project/data/raw/fireprot_upload/pdbs/1BVC.pdb
P02631,1RRO,A,22,P,A,0.7,P22A,21,/mnt/d/Proga/OpenFold_codex/OpenFold3_project/data/raw/fireprot_upload/pdbs/1RRO.pdb
P02631,1RRO,A,27,P,A,0.7,P27A,26,/mnt/d/Proga/OpenFold_codex/OpenFold3_project/data/raw/fireprot_upload/pdbs/1RRO.pdb
P02633,1IGV,A,10,L,V,1.95,L10V,6,/mnt/d/Proga/OpenFold_codex/OpenFold3_project/data/raw/fireprot_upload/pdbs/1IGV.pdb
P02633,1IGV,A,14,F,A,4.465,F14A,10,/mnt/d/Proga/OpenFold_codex/OpenFold3_project/data/raw/fireprot_upload/pdbs/1IGV.pdb
P02633,1IGV,A,17,Y,F,1.145,Y17F,13,/mnt/d/Proga/OpenFold_codex/OpenFold3_project/data/raw/fireprot_upload/pdbs/1IGV.pdb
P02633,1IGV,A,21,E,Q,-0.39,E21Q,17,/mnt/d/Proga/OpenFold_codex/OpenFold3_project/data/raw/fireprot_upload/pdbs/1IGV.pdb
P02633,1IGV,A,23,D,N,-0.77,D23N,19,/mnt/d/Proga/OpenFold_codex/OpenFold3_project/data/raw/fireprot_upload/pdbs/1IGV.pdb
P02633,1IGV,A,24,P,G,1.19,P24G,20,/mnt/d/Proga/OpenFold_codex/OpenFold3_project/data/raw/fireprot_upload/pdbs/1IGV.pdb
P02633,1IGV,A,27,L,A,3.465,L27A,23,/mnt/d/Proga/OpenFold_codex/OpenFold3_project/data/raw/fireprot_upload/pdbs/1IGV.pdb
P02633,1IGV,A,27,L,G,4.140000000000001,L27G,23,/mnt/d/Proga/OpenFold_codex/OpenFold3_project/data/raw/fireprot_upload/pdbs/1IGV.pdb
P02633,1IGV,A,30,E,Q,-0.045,E30Q,26,/mnt/d/Proga/OpenFold_codex/OpenFold3_project/data/raw/fireprot_upload/pdbs/1IGV.pdb
P02633,1IGV,A,32,L,A,2.45,L32A,28,/mnt/d/Proga/OpenFold_codex/OpenFold3_project/data/raw/fireprot_upload/pdbs/1IGV.pdb
P02633,1IGV,A,65,V,A,3.34,V65A,61,/mnt/d/Proga/OpenFold_codex/OpenFold3_project/data/raw/fireprot_upload/pdbs/1IGV.pdb
P02633,1IGV,A,65,V,G,3.975,V65G,61,/mnt/d/Proga/OpenFold_codex/OpenFold3_project/data/raw/fireprot_upload/pdbs/1IGV.pdb
P02633,1IGV,A,70,F,A,4.585,F70A,66,/mnt/d/Proga/OpenFold_codex/OpenFold3_project/data/raw/fireprot_upload/pdbs/1IGV.pdb
P02633,1IGV,A,70,F,W,1.62,F70W,66,/mnt/d/Proga/OpenFold_codex/OpenFold3_project/data/raw/fireprot_upload/pdbs/1IGV.pdb
P02633,1IGV,A,74,V,L,0.645,V74L,70,/mnt/d/Proga/OpenFold_codex/OpenFold3_project/data/raw/fireprot_upload/pdbs/1IGV.pdb
P02633,1IGV,A,77,I,V,1.415,I77V,73,/mnt/d/Proga/OpenFold_codex/OpenFold3_project/data/raw/fireprot_upload/pdbs/1IGV.pdb
P02693,1IFC,A,7,W,Y,0.915,W7Y,6,/mnt/d/Proga/OpenFold_codex/OpenFold3_project/data/raw/fireprot_upload/pdbs/1IFC.pdb
P02693,1IFC,A,24,I,C,-0.9,I24C,23,/mnt/d/Proga/OpenFold_codex/OpenFold3_project/data/raw/fireprot_upload/pdbs/1IFC.pdb
P02693,1IFC,A,53,S,C,-0.6,S53C,52,/mnt/d/Proga/OpenFold_codex/OpenFold3_project/data/raw/fireprot_upload/pdbs/1IFC.pdb
P02693,1IFC,A,61,V,C,-0.8,V61C,60,/mnt/d/Proga/OpenFold_codex/OpenFold3_project/data/raw/fireprot_upload/pdbs/1IFC.pdb
P02693,1IFC,A,61,V,N,0.7666666666666666,V61N,60,/mnt/d/Proga/OpenFold_codex/OpenFold3_project/data/raw/fireprot_upload/pdbs/1IFC.pdb
P02693,1IFC,A,65,L,A,1.9,L65A,64,/mnt/d/Proga/OpenFold_codex/OpenFold3_project/data/raw/fireprot_upload/pdbs/1IFC.pdb
P02693,1IFC,A,65,L,G,2.45,L65G,64,/mnt/d/Proga/OpenFold_codex/OpenFold3_project/data/raw/fireprot_upload/pdbs/1IFC.pdb
P02693,1IFC,A,66,G,A,1.1,G66A,65,/mnt/d/Proga/OpenFold_codex/OpenFold3_project/data/raw/fireprot_upload/pdbs/1IFC.pdb
P02693,1IFC,A,69,F,A,-0.8899999999999999,F69A,68,/mnt/d/Proga/OpenFold_codex/OpenFold3_project/data/raw/fireprot_upload/pdbs/1IFC.pdb
P02693,1IFC,A,73,L,C,0.0,L73C,72,/mnt/d/Proga/OpenFold_codex/OpenFold3_project/data/raw/fireprot_upload/pdbs/1IFC.pdb
P02693,1IFC,A,83,W,Y,-0.245,W83Y,82,/mnt/d/Proga/OpenFold_codex/OpenFold3_project/data/raw/fireprot_upload/pdbs/1IFC.pdb
P02693,1IFC,A,90,L,C,0.6,L90C,89,/mnt/d/Proga/OpenFold_codex/OpenFold3_project/data/raw/fireprot_upload/pdbs/1IFC.pdb
P02693,1IFC,A,94,F,A,2.41,F94A,93,/mnt/d/Proga/OpenFold_codex/OpenFold3_project/data/raw/fireprot_upload/pdbs/1IFC.pdb
P02693,1IFC,A,105,A,C,-2.5,A105C,104,/mnt/d/Proga/OpenFold_codex/OpenFold3_project/data/raw/fireprot_upload/pdbs/1IFC.pdb
P02751,1TTG,A,1542,P,A,-0.11,P1542A,5,/mnt/d/Proga/OpenFold_codex/OpenFold3_project/data/raw/fireprot_upload/pdbs/1TTG.pdb
P02751,1TTG,A,1545,L,A,1.72,L1545A,8,/mnt/d/Proga/OpenFold_codex/OpenFold3_project/data/raw/fireprot_upload/pdbs/1TTG.pdb
P02751,1TTG,A,1547,V,A,1.29,V1547A,10,/mnt/d/Proga/OpenFold_codex/OpenFold3_project/data/raw/fireprot_upload/pdbs/1TTG.pdb
P02751,1TTG,A,1550,A,G,1.065,A1550G,13,/mnt/d/Proga/OpenFold_codex/OpenFold3_project/data/raw/fireprot_upload/pdbs/1TTG.pdb
P02751,1TTG,A,1555,L,A,0.935,L1555A,18,/mnt/d/Proga/OpenFold_codex/OpenFold3_project/data/raw/fireprot_upload/pdbs/1TTG.pdb
P02751,1TTG,A,1557,I,A,0.72,I1557A,20,/mnt/d/Proga/OpenFold_codex/OpenFold3_project/data/raw/fireprot_upload/pdbs/1TTG.pdb
P02751,1TTG,A,1557,I,V,0.305,I1557V,20,/mnt/d/Proga/OpenFold_codex/OpenFold3_project/data/raw/fireprot_upload/pdbs/1TTG.pdb
P02751,1TTG,A,1559,W,F,1.97,W1559F,22,/mnt/d/Proga/OpenFold_codex/OpenFold3_project/data/raw/fireprot_upload/pdbs/1TTG.pdb
P02751,1TTG,A,1562,P,A,0.48,P1562A,25,/mnt/d/Proga/OpenFold_codex/OpenFold3_project/data/raw/fireprot_upload/pdbs/1TTG.pdb
P02751,1TTG,A,1566,V,A,1.4249999999999998,V1566A,29,/mnt/d/Proga/OpenFold_codex/OpenFold3_project/data/raw/fireprot_upload/pdbs/1TTG.pdb
P02751,1TTG,A,1569,Y,A,4.176666666666667,Y1569A,32,/mnt/d/Proga/OpenFold_codex/OpenFold3_project/data/raw/fireprot_upload/pdbs/1TTG.pdb
P02751,1TTG,A,1569,Y,F,0.4549999999999999,Y1569F,32,/mnt/d/Proga/OpenFold_codex/OpenFold3_project/data/raw/fireprot_upload/pdbs/1TTG.pdb
P02751,1TTG,A,1569,Y,L,2.6275,Y1569L,32,/mnt/d/Proga/OpenFold_codex/OpenFold3_project/data/raw/fireprot_upload/pdbs/1TTG.pdb
P02751,1TTG,A,1571,I,A,4.96,I1571A,34,/mnt/d/Proga/OpenFold_codex/OpenFold3_project/data/raw/fireprot_upload/pdbs/1TTG.pdb
P02751,1TTG,A,1571,I,V,0.255,I1571V,34,/mnt/d/Proga/OpenFold_codex/OpenFold3_project/data/raw/fireprot_upload/pdbs/1TTG.pdb
P02751,1TTG,A,1573,Y,A,1.895,Y1573A,36,/mnt/d/Proga/OpenFold_codex/OpenFold3_project/data/raw/fireprot_upload/pdbs/1TTG.pdb
P02751,1TTG,A,1585,F,A,2.08,F1585A,48,/mnt/d/Proga/OpenFold_codex/OpenFold3_project/data/raw/fireprot_upload/pdbs/1TTG.pdb
P02751,1TTG,A,1587,V,A,2.66,V1587A,50,/mnt/d/Proga/OpenFold_codex/OpenFold3_project/data/raw/fireprot_upload/pdbs/1TTG.pdb
P02751,1TTG,A,1601,P,A,0.41,P1601A,51,/mnt/d/Proga/OpenFold_codex/OpenFold3_project/data/raw/fireprot_upload/pdbs/1TTG.pdb
P02753,1RBP,A,42,W,F,2.5,W42F,24,/mnt/d/Proga/OpenFold_codex/OpenFold3_project/data/raw/fireprot_upload/pdbs/1RBP.pdb
P02753,1RBP,A,42,W,L,2.6,W42L,24,/mnt/d/Proga/OpenFold_codex/OpenFold3_project/data/raw/fireprot_upload/pdbs/1RBP.pdb
P02753,1RBP,A,42,W,Y,2.2,W42Y,24,/mnt/d/Proga/OpenFold_codex/OpenFold3_project/data/raw/fireprot_upload/pdbs/1RBP.pdb
P02753,1RBP,A,109,W,H,0.1,W109H,91,/mnt/d/Proga/OpenFold_codex/OpenFold3_project/data/raw/fireprot_upload/pdbs/1RBP.pdb
P02753,1RBP,A,123,W,F,0.4,W123F,105,/mnt/d/Proga/OpenFold_codex/OpenFold3_project/data/raw/fireprot_upload/pdbs/1RBP.pdb
P02753,1RBP,A,139,R,Q,2.6,R139Q,121,/mnt/d/Proga/OpenFold_codex/OpenFold3_project/data/raw/fireprot_upload/pdbs/1RBP.pdb
P02925,2DRI,A,52,A,T,3.3,A52T,27,/mnt/d/Proga/OpenFold_codex/OpenFold3_project/data/raw/fireprot_upload/pdbs/2DRI.pdb
P02925,2DRI,A,75,V,E,3.5,V75E,50,/mnt/d/Proga/OpenFold_codex/OpenFold3_project/data/raw/fireprot_upload/pdbs/2DRI.pdb
P03958,2ADA,A,117,W,F,-4.726666666666667,W117F,117,/mnt/d/Proga/OpenFold_codex/OpenFold3_project/data/raw/fireprot_upload/pdbs/2ADA.pdb
P03958,2ADA,A,161,W,F,-7.326666666666667,W161F,161,/mnt/d/Proga/OpenFold_codex/OpenFold3_project/data/raw/fireprot_upload/pdbs/2ADA.pdb
P03958,2ADA,A,264,W,F,-8.64,W264F,264,/mnt/d/Proga/OpenFold_codex/OpenFold3_project/data/raw/fireprot_upload/pdbs/2ADA.pdb
P03958,2ADA,A,272,W,F,-4.6866666666666665,W272F,272,/mnt/d/Proga/OpenFold_codex/OpenFold3_project/data/raw/fireprot_upload/pdbs/2ADA.pdb
P04164,1C52,A,69,M,A,-5.0,M69A,69,/mnt/d/Proga/OpenFold_codex/OpenFold3_project/data/raw/fireprot_upload/pdbs/1C52.pdb
P04164,1C52,A,69,M,H,0.7,M69H,69,/mnt/d/Proga/OpenFold_codex/OpenFold3_project/data/raw/fireprot_upload/pdbs/1C52.pdb
P04166,1B5M,A,31,R,H,-1.4,R31H,15,/mnt/d/Proga/OpenFold_codex/OpenFold3_project/data/raw/fireprot_upload/pdbs/1B5M.pdb
P04166,1B5M,A,76,D,R,-0.2,D76R,60,/mnt/d/Proga/OpenFold_codex/OpenFold3_project/data/raw/fireprot_upload/pdbs/1B5M.pdb
P04166,1B5M,A,81,P,A,1.1,P81A,65,/mnt/d/Proga/OpenFold_codex/OpenFold3_project/data/raw/fireprot_upload/pdbs/1B5M.pdb
P04166,1B5M,A,97,P,A,0.7,P97A,81,/mnt/d/Proga/OpenFold_codex/OpenFold3_project/data/raw/fireprot_upload/pdbs/1B5M.pdb
P04637,2OCJ,A,104,Q,H,-0.24,Q104H,104,/mnt/d/Proga/OpenFold_codex/OpenFold3_project/data/raw/fireprot_upload/pdbs/2OCJ.pdb
P04637,2OCJ,A,104,Q,P,-0.11,Q104P,104,/mnt/d/Proga/OpenFold_codex/OpenFold3_project/data/raw/fireprot_upload/pdbs/2OCJ.pdb
P04637,2OCJ,A,123,T,A,0.13,T123A,123,/mnt/d/Proga/OpenFold_codex/OpenFold3_project/data/raw/fireprot_upload/pdbs/2OCJ.pdb
P04637,2OCJ,A,129,A,D,0.7,A129D,129,/mnt/d/Proga/OpenFold_codex/OpenFold3_project/data/raw/fireprot_upload/pdbs/2OCJ.pdb
P04637,2OCJ,A,129,A,E,0.38,A129E,129,/mnt/d/Proga/OpenFold_codex/OpenFold3_project/data/raw/fireprot_upload/pdbs/2OCJ.pdb
P04637,2OCJ,A,129,A,S,0.19,A129S,129,/mnt/d/Proga/OpenFold_codex/OpenFold3_project/data/raw/fireprot_upload/pdbs/2OCJ.pdb
P04637,2OCJ,A,133,M,L,-0.3,M133L,133,/mnt/d/Proga/OpenFold_codex/OpenFold3_project/data/raw/fireprot_upload/pdbs/2OCJ.pdb
P04637,2OCJ,A,134,F,L,4.78,F134L,134,/mnt/d/Proga/OpenFold_codex/OpenFold3_project/data/raw/fireprot_upload/pdbs/2OCJ.pdb
P04637,2OCJ,A,143,V,A,3.5,V143A,143,/mnt/d/Proga/OpenFold_codex/OpenFold3_project/data/raw/fireprot_upload/pdbs/2OCJ.pdb
P04637,2OCJ,A,145,L,Q,2.98,L145Q,145,/mnt/d/Proga/OpenFold_codex/OpenFold3_project/data/raw/fireprot_upload/pdbs/2OCJ.pdb
P04637,2OCJ,A,148,D,E,0.43,D148E,148,/mnt/d/Proga/OpenFold_codex/OpenFold3_project/data/raw/fireprot_upload/pdbs/2OCJ.pdb
P04637,2OCJ,A,148,D,S,-0.22,D148S,148,/mnt/d/Proga/OpenFold_codex/OpenFold3_project/data/raw/fireprot_upload/pdbs/2OCJ.pdb
P04637,2OCJ,A,150,T,P,0.08,T150P,150,/mnt/d/Proga/OpenFold_codex/OpenFold3_project/data/raw/fireprot_upload/pdbs/2OCJ.pdb
P04637,2OCJ,A,151,P,S,4.49,P151S,151,/mnt/d/Proga/OpenFold_codex/OpenFold3_project/data/raw/fireprot_upload/pdbs/2OCJ.pdb
P04637,2OCJ,A,157,V,F,3.88,V157F,157,/mnt/d/Proga/OpenFold_codex/OpenFold3_project/data/raw/fireprot_upload/pdbs/2OCJ.pdb
P04637,2OCJ,A,165,Q,K,1.27,Q165K,165,/mnt/d/Proga/OpenFold_codex/OpenFold3_project/data/raw/fireprot_upload/pdbs/2OCJ.pdb
P04637,2OCJ,A,167,Q,E,0.43,Q167E,167,/mnt/d/Proga/OpenFold_codex/OpenFold3_project/data/raw/fireprot_upload/pdbs/2OCJ.pdb
P04637,2OCJ,A,168,H,R,2.91,H168R,168,/mnt/d/Proga/OpenFold_codex/OpenFold3_project/data/raw/fireprot_upload/pdbs/2OCJ.pdb
P04637,2OCJ,A,174,R,K,0.22,R174K,174,/mnt/d/Proga/OpenFold_codex/OpenFold3_project/data/raw/fireprot_upload/pdbs/2OCJ.pdb
P04637,2OCJ,A,175,R,A,0.73,R175A,175,/mnt/d/Proga/OpenFold_codex/OpenFold3_project/data/raw/fireprot_upload/pdbs/2OCJ.pdb
P04637,2OCJ,A,175,R,H,3.3433333333333333,R175H,175,/mnt/d/Proga/OpenFold_codex/OpenFold3_project/data/raw/fireprot_upload/pdbs/2OCJ.pdb
P04637,2OCJ,A,182,C,S,-0.16,C182S,182,/mnt/d/Proga/OpenFold_codex/OpenFold3_project/data/raw/fireprot_upload/pdbs/2OCJ.pdb
P04637,2OCJ,A,195,I,T,4.12,I195T,195,/mnt/d/Proga/OpenFold_codex/OpenFold3_project/data/raw/fireprot_upload/pdbs/2OCJ.pdb
P04637,2OCJ,A,201,L,P,-0.35,L201P,201,/mnt/d/Proga/OpenFold_codex/OpenFold3_project/data/raw/fireprot_upload/pdbs/2OCJ.pdb
P04637,2OCJ,A,203,V,A,-0.49,V203A,203,/mnt/d/Proga/OpenFold_codex/OpenFold3_project/data/raw/fireprot_upload/pdbs/2OCJ.pdb
P04637,2OCJ,A,206,L,S,0.1,L206S,206,/mnt/d/Proga/OpenFold_codex/OpenFold3_project/data/raw/fireprot_upload/pdbs/2OCJ.pdb
P04637,2OCJ,A,220,Y,C,3.98,Y220C,220,/mnt/d/Proga/OpenFold_codex/OpenFold3_project/data/raw/fireprot_upload/pdbs/2OCJ.pdb
P04637,2OCJ,A,228,D,E,-0.05,D228E,228,/mnt/d/Proga/OpenFold_codex/OpenFold3_project/data/raw/fireprot_upload/pdbs/2OCJ.pdb
P04637,2OCJ,A,232,I,T,3.19,I232T,232,/mnt/d/Proga/OpenFold_codex/OpenFold3_project/data/raw/fireprot_upload/pdbs/2OCJ.pdb
P04637,2OCJ,A,236,Y,F,-0.27,Y236F,236,/mnt/d/Proga/OpenFold_codex/OpenFold3_project/data/raw/fireprot_upload/pdbs/2OCJ.pdb
P04637,2OCJ,A,237,M,I,3.18,M237I,237,/mnt/d/Proga/OpenFold_codex/OpenFold3_project/data/raw/fireprot_upload/pdbs/2OCJ.pdb
P04637,2OCJ,A,239,N,Y,-1.49,N239Y,239,/mnt/d/Proga/OpenFold_codex/OpenFold3_project/data/raw/fireprot_upload/pdbs/2OCJ.pdb
P04637,2OCJ,A,242,C,S,3.103333333333333,C242S,242,/mnt/d/Proga/OpenFold_codex/OpenFold3_project/data/raw/fireprot_upload/pdbs/2OCJ.pdb
P04637,2OCJ,A,245,G,S,1.21,G245S,245,/mnt/d/Proga/OpenFold_codex/OpenFold3_project/data/raw/fireprot_upload/pdbs/2OCJ.pdb
P04637,2OCJ,A,248,R,Q,1.9366666666666668,R248Q,248,/mnt/d/Proga/OpenFold_codex/OpenFold3_project/data/raw/fireprot_upload/pdbs/2OCJ.pdb
P04637,2OCJ,A,249,R,S,1.89,R249S,249,/mnt/d/Proga/OpenFold_codex/OpenFold3_project/data/raw/fireprot_upload/pdbs/2OCJ.pdb
P04637,2OCJ,A,255,I,F,3.29,I255F,255,/mnt/d/Proga/OpenFold_codex/OpenFold3_project/data/raw/fireprot_upload/pdbs/2OCJ.pdb
P04637,2OCJ,A,260,S,P,0.32,S260P,260,/mnt/d/Proga/OpenFold_codex/OpenFold3_project/data/raw/fireprot_upload/pdbs/2OCJ.pdb
P04637,2OCJ,A,268,N,D,-0.92,N268D,268,/mnt/d/Proga/OpenFold_codex/OpenFold3_project/data/raw/fireprot_upload/pdbs/2OCJ.pdb
P04637,2OCJ,A,270,F,C,4.54,F270C,270,/mnt/d/Proga/OpenFold_codex/OpenFold3_project/data/raw/fireprot_upload/pdbs/2OCJ.pdb
P04637,2OCJ,A,270,F,L,4.1,F270L,270,/mnt/d/Proga/OpenFold_codex/OpenFold3_project/data/raw/fireprot_upload/pdbs/2OCJ.pdb
P04637,2OCJ,A,273,R,C,-0.4,R273C,273,/mnt/d/Proga/OpenFold_codex/OpenFold3_project/data/raw/fireprot_upload/pdbs/2OCJ.pdb
P04637,2OCJ,A,273,R,H,0.3,R273H,273,/mnt/d/Proga/OpenFold_codex/OpenFold3_project/data/raw/fireprot_upload/pdbs/2OCJ.pdb
P04637,2OCJ,A,329,T,A,2.3,T329A,284,/mnt/d/Proga/OpenFold_codex/OpenFold3_project/data/raw/fireprot_upload/pdbs/2OCJ.pdb
P04637,2OCJ,A,336,E,A,-1.7,E336A,285,/mnt/d/Proga/OpenFold_codex/OpenFold3_project/data/raw/fireprot_upload/pdbs/2OCJ.pdb
P04637,2OCJ,A,339,E,A,1.25,E339A,286,/mnt/d/Proga/OpenFold_codex/OpenFold3_project/data/raw/fireprot_upload/pdbs/2OCJ.pdb
P04637,2OCJ,A,343,E,A,0.65,E343A,287,/mnt/d/Proga/OpenFold_codex/OpenFold3_project/data/raw/fireprot_upload/pdbs/2OCJ.pdb
P04637,2OCJ,A,345,N,A,2.35,N345A,288,/mnt/d/Proga/OpenFold_codex/OpenFold3_project/data/raw/fireprot_upload/pdbs/2OCJ.pdb
P04925,1AG2,A,128,M,V,0.215,M128V,129,/mnt/d/Proga/OpenFold_codex/OpenFold3_project/data/raw/fireprot_upload/pdbs/1AG2.pdb
P04925,1AG2,A,174,F,W,0.1,F174W,175,/mnt/d/Proga/OpenFold_codex/OpenFold3_project/data/raw/fireprot_upload/pdbs/1AG2.pdb
P04925,1AG2,A,179,V,I,0.35,V179I,180,/mnt/d/Proga/OpenFold_codex/OpenFold3_project/data/raw/fireprot_upload/pdbs/1AG2.pdb
P04925,1AG2,A,182,T,A,4.3100000000000005,T182A,183,/mnt/d/Proga/OpenFold_codex/OpenFold3_project/data/raw/fireprot_upload/pdbs/1AG2.pdb
P04925,1AG2,A,189,T,V,0.17,T189V,190,/mnt/d/Proga/OpenFold_codex/OpenFold3_project/data/raw/fireprot_upload/pdbs/1AG2.pdb
P04925,1AG2,A,197,F,S,2.28,F197S,198,/mnt/d/Proga/OpenFold_codex/OpenFold3_project/data/raw/fireprot_upload/pdbs/1AG2.pdb
P04925,1AG2,A,199,E,K,0.17,E199K,200,/mnt/d/Proga/OpenFold_codex/OpenFold3_project/data/raw/fireprot_upload/pdbs/1AG2.pdb
P04925,1AG2,A,207,R,H,1.27,R207H,208,/mnt/d/Proga/OpenFold_codex/OpenFold3_project/data/raw/fireprot_upload/pdbs/1AG2.pdb
P04925,1AG2,A,209,V,I,0.18,V209I,210,/mnt/d/Proga/OpenFold_codex/OpenFold3_project/data/raw/fireprot_upload/pdbs/1AG2.pdb
P04925,1AG2,A,216,Q,R,2.015,Q216R,217,/mnt/d/Proga/OpenFold_codex/OpenFold3_project/data/raw/fireprot_upload/pdbs/1AG2.pdb
P05121,1C5G,A,350,E,P,-0.3,E350P,350,/mnt/d/Proga/OpenFold_codex/OpenFold3_project/data/raw/fireprot_upload/pdbs/1C5G.pdb
P05121,1C5G,A,350,E,R,0.3,E350R,350,/mnt/d/Proga/OpenFold_codex/OpenFold3_project/data/raw/fireprot_upload/pdbs/1C5G.pdb
P05230,2AFG,A,31,C,S,2.845,C31S,16,/mnt/d/Proga/OpenFold_codex/OpenFold3_project/data/raw/fireprot_upload/pdbs/2AFG.pdb
P05230,2AFG,A,36,H,Y,-0.7300000000000001,H36Y,21,/mnt/d/Proga/OpenFold_codex/OpenFold3_project/data/raw/fireprot_upload/pdbs/2AFG.pdb
P05230,2AFG,A,46,V,I,1.0,V46I,31,/mnt/d/Proga/OpenFold_codex/OpenFold3_project/data/raw/fireprot_upload/pdbs/2AFG.pdb
P05230,2AFG,A,46,V,W,-0.96,V46W,31,/mnt/d/Proga/OpenFold_codex/OpenFold3_project/data/raw/fireprot_upload/pdbs/2AFG.pdb
P05230,2AFG,A,59,L,F,-0.2624999999999999,L59F,44,/mnt/d/Proga/OpenFold_codex/OpenFold3_project/data/raw/fireprot_upload/pdbs/2AFG.pdb
P05230,2AFG,A,59,L,P,-0.695,L59P,44,/mnt/d/Proga/OpenFold_codex/OpenFold3_project/data/raw/fireprot_upload/pdbs/2AFG.pdb
P05230,2AFG,A,59,L,W,-0.0466666666666667,L59W,44,/mnt/d/Proga/OpenFold_codex/OpenFold3_project/data/raw/fireprot_upload/pdbs/2AFG.pdb
P05230,2AFG,A,77,G,A,1.465,G77A,62,/mnt/d/Proga/OpenFold_codex/OpenFold3_project/data/raw/fireprot_upload/pdbs/2AFG.pdb
P05230,2AFG,A,77,G,N,0.895,G77N,62,/mnt/d/Proga/OpenFold_codex/OpenFold3_project/data/raw/fireprot_upload/pdbs/2AFG.pdb
P05230,2AFG,A,88,L,V,1.48,L88V,73,/mnt/d/Proga/OpenFold_codex/OpenFold3_project/data/raw/fireprot_upload/pdbs/2AFG.pdb
P05230,2AFG,A,98,C,S,1.6549999999999998,C98S,83,/mnt/d/Proga/OpenFold_codex/OpenFold3_project/data/raw/fireprot_upload/pdbs/2AFG.pdb
P05230,2AFG,A,100,F,W,-0.07,F100W,85,/mnt/d/Proga/OpenFold_codex/OpenFold3_project/data/raw/fireprot_upload/pdbs/2AFG.pdb
P05230,2AFG,A,108,H,A,0.515,H108A,93,/mnt/d/Proga/OpenFold_codex/OpenFold3_project/data/raw/fireprot_upload/pdbs/2AFG.pdb
P05230,2AFG,A,108,H,G,-1.1916666666666669,H108G,93,/mnt/d/Proga/OpenFold_codex/OpenFold3_project/data/raw/fireprot_upload/pdbs/2AFG.pdb
P05230,2AFG,A,108,H,N,-0.245,H108N,93,/mnt/d/Proga/OpenFold_codex/OpenFold3_project/data/raw/fireprot_upload/pdbs/2AFG.pdb
P05230,2AFG,A,117,H,Y,-0.31,H117Y,102,/mnt/d/Proga/OpenFold_codex/OpenFold3_project/data/raw/fireprot_upload/pdbs/2AFG.pdb
P05230,2AFG,A,118,A,G,0.4549999999999999,A118G,103,/mnt/d/Proga/OpenFold_codex/OpenFold3_project/data/raw/fireprot_upload/pdbs/2AFG.pdb
P05230,2AFG,A,121,N,G,-0.29,N121G,106,/mnt/d/Proga/OpenFold_codex/OpenFold3_project/data/raw/fireprot_upload/pdbs/2AFG.pdb
P05230,2AFG,A,123,F,Y,-0.59,F123Y,108,/mnt/d/Proga/OpenFold_codex/OpenFold3_project/data/raw/fireprot_upload/pdbs/2AFG.pdb
P05230,2AFG,A,124,V,I,0.0075,V124I,109,/mnt/d/Proga/OpenFold_codex/OpenFold3_project/data/raw/fireprot_upload/pdbs/2AFG.pdb
P05230,2AFG,A,124,V,L,0.585,V124L,109,/mnt/d/Proga/OpenFold_codex/OpenFold3_project/data/raw/fireprot_upload/pdbs/2AFG.pdb
P05230,2AFG,A,132,C,I,-0.36,C132I,117,/mnt/d/Proga/OpenFold_codex/OpenFold3_project/data/raw/fireprot_upload/pdbs/2AFG.pdb
P05230,2AFG,A,132,C,S,0.6025,C132S,117,/mnt/d/Proga/OpenFold_codex/OpenFold3_project/data/raw/fireprot_upload/pdbs/2AFG.pdb
P05230,2AFG,A,132,C,V,0.3,C132V,117,/mnt/d/Proga/OpenFold_codex/OpenFold3_project/data/raw/fireprot_upload/pdbs/2AFG.pdb
P05230,2AFG,A,147,F,W,0.29,F147W,132,/mnt/d/Proga/OpenFold_codex/OpenFold3_project/data/raw/fireprot_upload/pdbs/2AFG.pdb
P05413,1HMS,A,5,F,S,3.7,F5S,4,/mnt/d/Proga/OpenFold_codex/OpenFold3_project/data/raw/fireprot_upload/pdbs/1HMS.pdb
P05413,1HMS,A,9,W,E,3.8,W9E,8,/mnt/d/Proga/OpenFold_codex/OpenFold3_project/data/raw/fireprot_upload/pdbs/1HMS.pdb
P05413,1HMS,A,17,F,S,4.0,F17S,16,/mnt/d/Proga/OpenFold_codex/OpenFold3_project/data/raw/fireprot_upload/pdbs/1HMS.pdb
P05413,1HMS,A,17,F,Y,3.02,F17Y,16,/mnt/d/Proga/OpenFold_codex/OpenFold3_project/data/raw/fireprot_upload/pdbs/1HMS.pdb
P05413,1HMS,A,22,K,I,0.0,K22I,21,/mnt/d/Proga/OpenFold_codex/OpenFold3_project/data/raw/fireprot_upload/pdbs/1HMS.pdb
P05413,1HMS,A,40,T,E,2.4,T40E,39,/mnt/d/Proga/OpenFold_codex/OpenFold3_project/data/raw/fireprot_upload/pdbs/1HMS.pdb
P05413,1HMS,A,40,T,Q,2.7,T40Q,39,/mnt/d/Proga/OpenFold_codex/OpenFold3_project/data/raw/fireprot_upload/pdbs/1HMS.pdb
P05413,1HMS,A,40,T,V,0.8,T40V,39,/mnt/d/Proga/OpenFold_codex/OpenFold3_project/data/raw/fireprot_upload/pdbs/1HMS.pdb
P05413,1HMS,A,41,T,E,3.27,T41E,40,/mnt/d/Proga/OpenFold_codex/OpenFold3_project/data/raw/fireprot_upload/pdbs/1HMS.pdb
P05413,1HMS,A,41,T,Q,4.37,T41Q,40,/mnt/d/Proga/OpenFold_codex/OpenFold3_project/data/raw/fireprot_upload/pdbs/1HMS.pdb
P05413,1HMS,A,41,T,V,1.84,T41V,40,/mnt/d/Proga/OpenFold_codex/OpenFold3_project/data/raw/fireprot_upload/pdbs/1HMS.pdb
P05413,1HMS,A,58,F,S,3.015,F58S,57,/mnt/d/Proga/OpenFold_codex/OpenFold3_project/data/raw/fireprot_upload/pdbs/1HMS.pdb
P05413,1HMS,A,65,F,S,3.8,F65S,64,/mnt/d/Proga/OpenFold_codex/OpenFold3_project/data/raw/fireprot_upload/pdbs/1HMS.pdb
P05413,1HMS,A,67,L,G,3.7,L67G,66,/mnt/d/Proga/OpenFold_codex/OpenFold3_project/data/raw/fireprot_upload/pdbs/1HMS.pdb
P05413,1HMS,A,68,G,S,1.2,G68S,67,/mnt/d/Proga/OpenFold_codex/OpenFold3_project/data/raw/fireprot_upload/pdbs/1HMS.pdb
P05413,1HMS,A,73,E,S,3.7,E73S,72,/mnt/d/Proga/OpenFold_codex/OpenFold3_project/data/raw/fireprot_upload/pdbs/1HMS.pdb
P05413,1HMS,A,107,R,T,3.17,R107T,106,/mnt/d/Proga/OpenFold_codex/OpenFold3_project/data/raw/fireprot_upload/pdbs/1HMS.pdb
P05413,1HMS,A,127,R,K,3.98,R127K,126,/mnt/d/Proga/OpenFold_codex/OpenFold3_project/data/raw/fireprot_upload/pdbs/1HMS.pdb
P05413,1HMS,A,127,R,Q,0.4599999999999999,R127Q,126,/mnt/d/Proga/OpenFold_codex/OpenFold3_project/data/raw/fireprot_upload/pdbs/1HMS.pdb
P05413,1HMS,A,129,Y,F,3.26,Y129F,128,/mnt/d/Proga/OpenFold_codex/OpenFold3_project/data/raw/fireprot_upload/pdbs/1HMS.pdb
P06396,1KCQ,A,214,D,N,1.1,D214N,187,/mnt/d/Proga/OpenFold_codex/OpenFold3_project/data/raw/fireprot_upload/pdbs/1KCQ.pdb
P06396,1KCQ,A,214,D,Y,2.0,D214Y,187,/mnt/d/Proga/OpenFold_codex/OpenFold3_project/data/raw/fireprot_upload/pdbs/1KCQ.pdb
P06654,1PGA,A,1,M,A,-0.14,M1A,1,/mnt/d/Proga/OpenFold_codex/OpenFold3_project/data/raw/fireprot_upload/pdbs/1PGA.pdb
P06654,1PGA,A,1,M,D,-0.38,M1D,1,/mnt/d/Proga/OpenFold_codex/OpenFold3_project/data/raw/fireprot_upload/pdbs/1PGA.pdb
P06654,1PGA,A,1,M,E,-0.64,M1E,1,/mnt/d/Proga/OpenFold_codex/OpenFold3_project/data/raw/fireprot_upload/pdbs/1PGA.pdb
P06654,1PGA,A,1,M,F,-1.14,M1F,1,/mnt/d/Proga/OpenFold_codex/OpenFold3_project/data/raw/fireprot_upload/pdbs/1PGA.pdb
P06654,1PGA,A,1,M,G,-0.3,M1G,1,/mnt/d/Proga/OpenFold_codex/OpenFold3_project/data/raw/fireprot_upload/pdbs/1PGA.pdb
P06654,1PGA,A,1,M,H,-0.67,M1H,1,/mnt/d/Proga/OpenFold_codex/OpenFold3_project/data/raw/fireprot_upload/pdbs/1PGA.pdb
P06654,1PGA,A,1,M,I,-0.43,M1I,1,/mnt/d/Proga/OpenFold_codex/OpenFold3_project/data/raw/fireprot_upload/pdbs/1PGA.pdb
P06654,1PGA,A,1,M,K,-0.27,M1K,1,/mnt/d/Proga/OpenFold_codex/OpenFold3_project/data/raw/fireprot_upload/pdbs/1PGA.pdb
P06654,1PGA,A,1,M,L,-0.46,M1L,1,/mnt/d/Proga/OpenFold_codex/OpenFold3_project/data/raw/fireprot_upload/pdbs/1PGA.pdb
P06654,1PGA,A,1,M,N,-0.43,M1N,1,/mnt/d/Proga/OpenFold_codex/OpenFold3_project/data/raw/fireprot_upload/pdbs/1PGA.pdb
P06654,1PGA,A,1,M,P,-0.06,M1P,1,/mnt/d/Proga/OpenFold_codex/OpenFold3_project/data/raw/fireprot_upload/pdbs/1PGA.pdb
P06654,1PGA,A,1,M,Q,-0.4,M1Q,1,/mnt/d/Proga/OpenFold_codex/OpenFold3_project/data/raw/fireprot_upload/pdbs/1PGA.pdb
P06654,1PGA,A,1,M,R,-0.51,M1R,1,/mnt/d/Proga/OpenFold_codex/OpenFold3_project/data/raw/fireprot_upload/pdbs/1PGA.pdb
P06654,1PGA,A,1,M,S,-0.68,M1S,1,/mnt/d/Proga/OpenFold_codex/OpenFold3_project/data/raw/fireprot_upload/pdbs/1PGA.pdb
P06654,1PGA,A,1,M,T,-0.5,M1T,1,/mnt/d/Proga/OpenFold_codex/OpenFold3_project/data/raw/fireprot_upload/pdbs/1PGA.pdb
P06654,1PGA,A,1,M,V,-0.27,M1V,1,/mnt/d/Proga/OpenFold_codex/OpenFold3_project/data/raw/fireprot_upload/pdbs/1PGA.pdb
P06654,1PGA,A,1,M,Y,-0.68,M1Y,1,/mnt/d/Proga/OpenFold_codex/OpenFold3_project/data/raw/fireprot_upload/pdbs/1PGA.pdb
P06654,1PGA,A,228,T,A,0.47,T228A,2,/mnt/d/Proga/OpenFold_codex/OpenFold3_project/data/raw/fireprot_upload/pdbs/1PGA.pdb
P06654,1PGA,A,228,T,D,0.55,T228D,2,/mnt/d/Proga/OpenFold_codex/OpenFold3_project/data/raw/fireprot_upload/pdbs/1PGA.pdb
P06654,1PGA,A,228,T,E,-0.13,T228E,2,/mnt/d/Proga/OpenFold_codex/OpenFold3_project/data/raw/fireprot_upload/pdbs/1PGA.pdb
P06654,1PGA,A,228,T,F,-0.3,T228F,2,/mnt/d/Proga/OpenFold_codex/OpenFold3_project/data/raw/fireprot_upload/pdbs/1PGA.pdb
P06654,1PGA,A,228,T,G,0.67,T228G,2,/mnt/d/Proga/OpenFold_codex/OpenFold3_project/data/raw/fireprot_upload/pdbs/1PGA.pdb
P06654,1PGA,A,228,T,H,0.13,T228H,2,/mnt/d/Proga/OpenFold_codex/OpenFold3_project/data/raw/fireprot_upload/pdbs/1PGA.pdb
P06654,1PGA,A,228,T,I,-1.0,T228I,2,/mnt/d/Proga/OpenFold_codex/OpenFold3_project/data/raw/fireprot_upload/pdbs/1PGA.pdb
P06654,1PGA,A,228,T,K,-0.31,T228K,2,/mnt/d/Proga/OpenFold_codex/OpenFold3_project/data/raw/fireprot_upload/pdbs/1PGA.pdb
P06654,1PGA,A,228,T,L,-0.54,T228L,2,/mnt/d/Proga/OpenFold_codex/OpenFold3_project/data/raw/fireprot_upload/pdbs/1PGA.pdb
P06654,1PGA,A,228,T,M,-1.0,T228M,2,/mnt/d/Proga/OpenFold_codex/OpenFold3_project/data/raw/fireprot_upload/pdbs/1PGA.pdb
P06654,1PGA,A,228,T,N,0.14,T228N,2,/mnt/d/Proga/OpenFold_codex/OpenFold3_project/data/raw/fireprot_upload/pdbs/1PGA.pdb
P06654,1PGA,A,228,T,P,0.27,T228P,2,/mnt/d/Proga/OpenFold_codex/OpenFold3_project/data/raw/fireprot_upload/pdbs/1PGA.pdb
P06654,1PGA,A,228,T,R,-0.09,T228R,2,/mnt/d/Proga/OpenFold_codex/OpenFold3_project/data/raw/fireprot_upload/pdbs/1PGA.pdb
P06654,1PGA,A,228,T,S,-0.06,T228S,2,/mnt/d/Proga/OpenFold_codex/OpenFold3_project/data/raw/fireprot_upload/pdbs/1PGA.pdb
P06654,1PGA,A,228,T,V,-1.31,T228V,2,/mnt/d/Proga/OpenFold_codex/OpenFold3_project/data/raw/fireprot_upload/pdbs/1PGA.pdb
P06654,1PGA,A,228,T,Y,-0.15,T228Y,2,/mnt/d/Proga/OpenFold_codex/OpenFold3_project/data/raw/fireprot_upload/pdbs/1PGA.pdb
P06654,1PGA,A,229,Y,A,4.0,Y229A,3,/mnt/d/Proga/OpenFold_codex/OpenFold3_project/data/raw/fireprot_upload/pdbs/1PGA.pdb
P06654,1PGA,A,229,Y,D,4.0,Y229D,3,/mnt/d/Proga/OpenFold_codex/OpenFold3_project/data/raw/fireprot_upload/pdbs/1PGA.pdb
P06654,1PGA,A,229,Y,E,4.0,Y229E,3,/mnt/d/Proga/OpenFold_codex/OpenFold3_project/data/raw/fireprot_upload/pdbs/1PGA.pdb
P06654,1PGA,A,229,Y,F,-0.55,Y229F,3,/mnt/d/Proga/OpenFold_codex/OpenFold3_project/data/raw/fireprot_upload/pdbs/1PGA.pdb
P06654,1PGA,A,229,Y,G,1.44,Y229G,3,/mnt/d/Proga/OpenFold_codex/OpenFold3_project/data/raw/fireprot_upload/pdbs/1PGA.pdb
P06654,1PGA,A,229,Y,H,4.0,Y229H,3,/mnt/d/Proga/OpenFold_codex/OpenFold3_project/data/raw/fireprot_upload/pdbs/1PGA.pdb
P06654,1PGA,A,229,Y,I,3.29,Y229I,3,/mnt/d/Proga/OpenFold_codex/OpenFold3_project/data/raw/fireprot_upload/pdbs/1PGA.pdb
P06654,1PGA,A,229,Y,K,-0.88,Y229K,3,/mnt/d/Proga/OpenFold_codex/OpenFold3_project/data/raw/fireprot_upload/pdbs/1PGA.pdb
P06654,1PGA,A,229,Y,L,3.31,Y229L,3,/mnt/d/Proga/OpenFold_codex/OpenFold3_project/data/raw/fireprot_upload/pdbs/1PGA.pdb
P06654,1PGA,A,229,Y,M,2.6,Y229M,3,/mnt/d/Proga/OpenFold_codex/OpenFold3_project/data/raw/fireprot_upload/pdbs/1PGA.pdb
P06654,1PGA,A,229,Y,N,4.0,Y229N,3,/mnt/d/Proga/OpenFold_codex/OpenFold3_project/data/raw/fireprot_upload/pdbs/1PGA.pdb
P06654,1PGA,A,229,Y,P,4.0,Y229P,3,/mnt/d/Proga/OpenFold_codex/OpenFold3_project/data/raw/fireprot_upload/pdbs/1PGA.pdb
P06654,1PGA,A,229,Y,Q,4.0,Y229Q,3,/mnt/d/Proga/OpenFold_codex/OpenFold3_project/data/raw/fireprot_upload/pdbs/1PGA.pdb
P06654,1PGA,A,229,Y,R,1.22,Y229R,3,/mnt/d/Proga/OpenFold_codex/OpenFold3_project/data/raw/fireprot_upload/pdbs/1PGA.pdb
P06654,1PGA,A,229,Y,S,4.0,Y229S,3,/mnt/d/Proga/OpenFold_codex/OpenFold3_project/data/raw/fireprot_upload/pdbs/1PGA.pdb
P06654,1PGA,A,229,Y,T,4.0,Y229T,3,/mnt/d/Proga/OpenFold_codex/OpenFold3_project/data/raw/fireprot_upload/pdbs/1PGA.pdb
P06654,1PGA,A,229,Y,V,4.0,Y229V,3,/mnt/d/Proga/OpenFold_codex/OpenFold3_project/data/raw/fireprot_upload/pdbs/1PGA.pdb
P06654,1PGA,A,230,K,A,0.34,K230A,4,/mnt/d/Proga/OpenFold_codex/OpenFold3_project/data/raw/fireprot_upload/pdbs/1PGA.pdb
P06654,1PGA,A,230,K,D,2.05,K230D,4,/mnt/d/Proga/OpenFold_codex/OpenFold3_project/data/raw/fireprot_upload/pdbs/1PGA.pdb
P06654,1PGA,A,230,K,E,1.36,K230E,4,/mnt/d/Proga/OpenFold_codex/OpenFold3_project/data/raw/fireprot_upload/pdbs/1PGA.pdb
P06654,1PGA,A,230,K,F,-1.04,K230F,4,/mnt/d/Proga/OpenFold_codex/OpenFold3_project/data/raw/fireprot_upload/pdbs/1PGA.pdb
P06654,1PGA,A,230,K,G,1.23,K230G,4,/mnt/d/Proga/OpenFold_codex/OpenFold3_project/data/raw/fireprot_upload/pdbs/1PGA.pdb
P06654,1PGA,A,230,K,H,-0.74,K230H,4,/mnt/d/Proga/OpenFold_codex/OpenFold3_project/data/raw/fireprot_upload/pdbs/1PGA.pdb
P06654,1PGA,A,230,K,I,-1.08,K230I,4,/mnt/d/Proga/OpenFold_codex/OpenFold3_project/data/raw/fireprot_upload/pdbs/1PGA.pdb
P06654,1PGA,A,230,K,L,0.21,K230L,4,/mnt/d/Proga/OpenFold_codex/OpenFold3_project/data/raw/fireprot_upload/pdbs/1PGA.pdb
P06654,1PGA,A,230,K,M,-0.49,K230M,4,/mnt/d/Proga/OpenFold_codex/OpenFold3_project/data/raw/fireprot_upload/pdbs/1PGA.pdb
P06654,1PGA,A,230,K,N,0.21,K230N,4,/mnt/d/Proga/OpenFold_codex/OpenFold3_project/data/raw/fireprot_upload/pdbs/1PGA.pdb
P06654,1PGA,A,230,K,P,4.0,K230P,4,/mnt/d/Proga/OpenFold_codex/OpenFold3_project/data/raw/fireprot_upload/pdbs/1PGA.pdb
P06654,1PGA,A,230,K,Q,0.17,K230Q,4,/mnt/d/Proga/OpenFold_codex/OpenFold3_project/data/raw/fireprot_upload/pdbs/1PGA.pdb
P06654,1PGA,A,230,K,R,-0.77,K230R,4,/mnt/d/Proga/OpenFold_codex/OpenFold3_project/data/raw/fireprot_upload/pdbs/1PGA.pdb
P06654,1PGA,A,230,K,S,-0.18,K230S,4,/mnt/d/Proga/OpenFold_codex/OpenFold3_project/data/raw/fireprot_upload/pdbs/1PGA.pdb
P06654,1PGA,A,230,K,T,-0.48,K230T,4,/mnt/d/Proga/OpenFold_codex/OpenFold3_project/data/raw/fireprot_upload/pdbs/1PGA.pdb
P06654,1PGA,A,230,K,V,0.27,K230V,4,/mnt/d/Proga/OpenFold_codex/OpenFold3_project/data/raw/fireprot_upload/pdbs/1PGA.pdb
P06654,1PGA,A,230,K,Y,-0.82,K230Y,4,/mnt/d/Proga/OpenFold_codex/OpenFold3_project/data/raw/fireprot_upload/pdbs/1PGA.pdb
P06654,1PGA,A,231,L,A,2.01,L231A,5,/mnt/d/Proga/OpenFold_codex/OpenFold3_project/data/raw/fireprot_upload/pdbs/1PGA.pdb
P06654,1PGA,A,231,L,D,4.0,L231D,5,/mnt/d/Proga/OpenFold_codex/OpenFold3_project/data/raw/fireprot_upload/pdbs/1PGA.pdb
P06654,1PGA,A,231,L,E,4.0,L231E,5,/mnt/d/Proga/OpenFold_codex/OpenFold3_project/data/raw/fireprot_upload/pdbs/1PGA.pdb
P06654,1PGA,A,231,L,F,0.47,L231F,5,/mnt/d/Proga/OpenFold_codex/OpenFold3_project/data/raw/fireprot_upload/pdbs/1PGA.pdb
P06654,1PGA,A,231,L,G,4.0,L231G,5,/mnt/d/Proga/OpenFold_codex/OpenFold3_project/data/raw/fireprot_upload/pdbs/1PGA.pdb
P06654,1PGA,A,231,L,H,4.0,L231H,5,/mnt/d/Proga/OpenFold_codex/OpenFold3_project/data/raw/fireprot_upload/pdbs/1PGA.pdb
P06654,1PGA,A,231,L,I,1.34,L231I,5,/mnt/d/Proga/OpenFold_codex/OpenFold3_project/data/raw/fireprot_upload/pdbs/1PGA.pdb
P06654,1PGA,A,231,L,K,4.0,L231K,5,/mnt/d/Proga/OpenFold_codex/OpenFold3_project/data/raw/fireprot_upload/pdbs/1PGA.pdb
P06654,1PGA,A,231,L,M,0.68,L231M,5,/mnt/d/Proga/OpenFold_codex/OpenFold3_project/data/raw/fireprot_upload/pdbs/1PGA.pdb
P06654,1PGA,A,231,L,N,4.0,L231N,5,/mnt/d/Proga/OpenFold_codex/OpenFold3_project/data/raw/fireprot_upload/pdbs/1PGA.pdb
P06654,1PGA,A,231,L,P,1.65,L231P,5,/mnt/d/Proga/OpenFold_codex/OpenFold3_project/data/raw/fireprot_upload/pdbs/1PGA.pdb
P06654,1PGA,A,231,L,Q,4.0,L231Q,5,/mnt/d/Proga/OpenFold_codex/OpenFold3_project/data/raw/fireprot_upload/pdbs/1PGA.pdb
P06654,1PGA,A,231,L,R,-0.72,L231R,5,/mnt/d/Proga/OpenFold_codex/OpenFold3_project/data/raw/fireprot_upload/pdbs/1PGA.pdb
P06654,1PGA,A,231,L,S,4.0,L231S,5,/mnt/d/Proga/OpenFold_codex/OpenFold3_project/data/raw/fireprot_upload/pdbs/1PGA.pdb
P06654,1PGA,A,231,L,T,4.0,L231T,5,/mnt/d/Proga/OpenFold_codex/OpenFold3_project/data/raw/fireprot_upload/pdbs/1PGA.pdb
P06654,1PGA,A,231,L,V,1.25,L231V,5,/mnt/d/Proga/OpenFold_codex/OpenFold3_project/data/raw/fireprot_upload/pdbs/1PGA.pdb
P06654,1PGA,A,231,L,Y,2.76,L231Y,5,/mnt/d/Proga/OpenFold_codex/OpenFold3_project/data/raw/fireprot_upload/pdbs/1PGA.pdb
P06654,1PGA,A,232,I,A,1.25,I232A,6,/mnt/d/Proga/OpenFold_codex/OpenFold3_project/data/raw/fireprot_upload/pdbs/1PGA.pdb
P06654,1PGA,A,232,I,D,1.97,I232D,6,/mnt/d/Proga/OpenFold_codex/OpenFold3_project/data/raw/fireprot_upload/pdbs/1PGA.pdb
P06654,1PGA,A,232,I,E,1.03,I232E,6,/mnt/d/Proga/OpenFold_codex/OpenFold3_project/data/raw/fireprot_upload/pdbs/1PGA.pdb
P06654,1PGA,A,232,I,F,0.1,I232F,6,/mnt/d/Proga/OpenFold_codex/OpenFold3_project/data/raw/fireprot_upload/pdbs/1PGA.pdb
P06654,1PGA,A,232,I,G,3.08,I232G,6,/mnt/d/Proga/OpenFold_codex/OpenFold3_project/data/raw/fireprot_upload/pdbs/1PGA.pdb
P06654,1PGA,A,232,I,H,1.06,I232H,6,/mnt/d/Proga/OpenFold_codex/OpenFold3_project/data/raw/fireprot_upload/pdbs/1PGA.pdb
P06654,1PGA,A,232,I,K,0.47,I232K,6,/mnt/d/Proga/OpenFold_codex/OpenFold3_project/data/raw/fireprot_upload/pdbs/1PGA.pdb
P06654,1PGA,A,232,I,L,0.11,I232L,6,/mnt/d/Proga/OpenFold_codex/OpenFold3_project/data/raw/fireprot_upload/pdbs/1PGA.pdb
P06654,1PGA,A,232,I,M,0.5,I232M,6,/mnt/d/Proga/OpenFold_codex/OpenFold3_project/data/raw/fireprot_upload/pdbs/1PGA.pdb
P06654,1PGA,A,232,I,N,0.8,I232N,6,/mnt/d/Proga/OpenFold_codex/OpenFold3_project/data/raw/fireprot_upload/pdbs/1PGA.pdb
P06654,1PGA,A,232,I,P,4.0,I232P,6,/mnt/d/Proga/OpenFold_codex/OpenFold3_project/data/raw/fireprot_upload/pdbs/1PGA.pdb
P06654,1PGA,A,232,I,Q,0.58,I232Q,6,/mnt/d/Proga/OpenFold_codex/OpenFold3_project/data/raw/fireprot_upload/pdbs/1PGA.pdb
P06654,1PGA,A,232,I,R,0.66,I232R,6,/mnt/d/Proga/OpenFold_codex/OpenFold3_project/data/raw/fireprot_upload/pdbs/1PGA.pdb
P06654,1PGA,A,232,I,S,1.38,I232S,6,/mnt/d/Proga/OpenFold_codex/OpenFold3_project/data/raw/fireprot_upload/pdbs/1PGA.pdb
P06654,1PGA,A,232,I,T,0.91,I232T,6,/mnt/d/Proga/OpenFold_codex/OpenFold3_project/data/raw/fireprot_upload/pdbs/1PGA.pdb
P06654,1PGA,A,232,I,V,-0.49,I232V,6,/mnt/d/Proga/OpenFold_codex/OpenFold3_project/data/raw/fireprot_upload/pdbs/1PGA.pdb
P06654,1PGA,A,232,I,Y,0.21,I232Y,6,/mnt/d/Proga/OpenFold_codex/OpenFold3_project/data/raw/fireprot_upload/pdbs/1PGA.pdb
P06654,1PGA,A,233,L,A,1.4,L233A,7,/mnt/d/Proga/OpenFold_codex/OpenFold3_project/data/raw/fireprot_upload/pdbs/1PGA.pdb
P06654,1PGA,A,233,L,D,3.11,L233D,7,/mnt/d/Proga/OpenFold_codex/OpenFold3_project/data/raw/fireprot_upload/pdbs/1PGA.pdb
P06654,1PGA,A,233,L,E,2.79,L233E,7,/mnt/d/Proga/OpenFold_codex/OpenFold3_project/data/raw/fireprot_upload/pdbs/1PGA.pdb
P06654,1PGA,A,233,L,F,-0.26,L233F,7,/mnt/d/Proga/OpenFold_codex/OpenFold3_project/data/raw/fireprot_upload/pdbs/1PGA.pdb
P06654,1PGA,A,233,L,G,4.0,L233G,7,/mnt/d/Proga/OpenFold_codex/OpenFold3_project/data/raw/fireprot_upload/pdbs/1PGA.pdb
P06654,1PGA,A,233,L,H,1.59,L233H,7,/mnt/d/Proga/OpenFold_codex/OpenFold3_project/data/raw/fireprot_upload/pdbs/1PGA.pdb
P06654,1PGA,A,233,L,I,-0.97,L233I,7,/mnt/d/Proga/OpenFold_codex/OpenFold3_project/data/raw/fireprot_upload/pdbs/1PGA.pdb
P06654,1PGA,A,233,L,K,2.76,L233K,7,/mnt/d/Proga/OpenFold_codex/OpenFold3_project/data/raw/fireprot_upload/pdbs/1PGA.pdb
P06654,1PGA,A,233,L,M,-0.5,L233M,7,/mnt/d/Proga/OpenFold_codex/OpenFold3_project/data/raw/fireprot_upload/pdbs/1PGA.pdb
P06654,1PGA,A,233,L,N,4.0,L233N,7,/mnt/d/Proga/OpenFold_codex/OpenFold3_project/data/raw/fireprot_upload/pdbs/1PGA.pdb
P06654,1PGA,A,233,L,P,2.88,L233P,7,/mnt/d/Proga/OpenFold_codex/OpenFold3_project/data/raw/fireprot_upload/pdbs/1PGA.pdb
P06654,1PGA,A,233,L,Q,1.54,L233Q,7,/mnt/d/Proga/OpenFold_codex/OpenFold3_project/data/raw/fireprot_upload/pdbs/1PGA.pdb
P06654,1PGA,A,233,L,R,2.07,L233R,7,/mnt/d/Proga/OpenFold_codex/OpenFold3_project/data/raw/fireprot_upload/pdbs/1PGA.pdb
P06654,1PGA,A,233,L,S,1.79,L233S,7,/mnt/d/Proga/OpenFold_codex/OpenFold3_project/data/raw/fireprot_upload/pdbs/1PGA.pdb
P06654,1PGA,A,233,L,T,1.14,L233T,7,/mnt/d/Proga/OpenFold_codex/OpenFold3_project/data/raw/fireprot_upload/pdbs/1PGA.pdb
P06654,1PGA,A,233,L,V,-0.08,L233V,7,/mnt/d/Proga/OpenFold_codex/OpenFold3_project/data/raw/fireprot_upload/pdbs/1PGA.pdb
P06654,1PGA,A,233,L,Y,0.02,L233Y,7,/mnt/d/Proga/OpenFold_codex/OpenFold3_project/data/raw/fireprot_upload/pdbs/1PGA.pdb
P06654,1PGA,A,234,N,A,0.28,N234A,8,/mnt/d/Proga/OpenFold_codex/OpenFold3_project/data/raw/fireprot_upload/pdbs/1PGA.pdb
P06654,1PGA,A,234,N,D,-0.19,N234D,8,/mnt/d/Proga/OpenFold_codex/OpenFold3_project/data/raw/fireprot_upload/pdbs/1PGA.pdb
P06654,1PGA,A,234,N,E,0.01,N234E,8,/mnt/d/Proga/OpenFold_codex/OpenFold3_project/data/raw/fireprot_upload/pdbs/1PGA.pdb
P06654,1PGA,A,234,N,F,-0.35,N234F,8,/mnt/d/Proga/OpenFold_codex/OpenFold3_project/data/raw/fireprot_upload/pdbs/1PGA.pdb
P06654,1PGA,A,234,N,G,0.85,N234G,8,/mnt/d/Proga/OpenFold_codex/OpenFold3_project/data/raw/fireprot_upload/pdbs/1PGA.pdb
P06654,1PGA,A,234,N,H,-0.24,N234H,8,/mnt/d/Proga/OpenFold_codex/OpenFold3_project/data/raw/fireprot_upload/pdbs/1PGA.pdb
P06654,1PGA,A,234,N,I,-0.56,N234I,8,/mnt/d/Proga/OpenFold_codex/OpenFold3_project/data/raw/fireprot_upload/pdbs/1PGA.pdb
P06654,1PGA,A,234,N,K,-0.45,N234K,8,/mnt/d/Proga/OpenFold_codex/OpenFold3_project/data/raw/fireprot_upload/pdbs/1PGA.pdb
P06654,1PGA,A,234,N,L,-0.95,N234L,8,/mnt/d/Proga/OpenFold_codex/OpenFold3_project/data/raw/fireprot_upload/pdbs/1PGA.pdb
P06654,1PGA,A,234,N,M,-0.37,N234M,8,/mnt/d/Proga/OpenFold_codex/OpenFold3_project/data/raw/fireprot_upload/pdbs/1PGA.pdb
P06654,1PGA,A,234,N,P,1.45,N234P,8,/mnt/d/Proga/OpenFold_codex/OpenFold3_project/data/raw/fireprot_upload/pdbs/1PGA.pdb
P06654,1PGA,A,234,N,Q,-0.29,N234Q,8,/mnt/d/Proga/OpenFold_codex/OpenFold3_project/data/raw/fireprot_upload/pdbs/1PGA.pdb
P06654,1PGA,A,234,N,R,-0.64,N234R,8,/mnt/d/Proga/OpenFold_codex/OpenFold3_project/data/raw/fireprot_upload/pdbs/1PGA.pdb
P06654,1PGA,A,234,N,S,0.04,N234S,8,/mnt/d/Proga/OpenFold_codex/OpenFold3_project/data/raw/fireprot_upload/pdbs/1PGA.pdb
P06654,1PGA,A,234,N,T,0.61,N234T,8,/mnt/d/Proga/OpenFold_codex/OpenFold3_project/data/raw/fireprot_upload/pdbs/1PGA.pdb
P06654,1PGA,A,234,N,V,-0.13,N234V,8,/mnt/d/Proga/OpenFold_codex/OpenFold3_project/data/raw/fireprot_upload/pdbs/1PGA.pdb
P06654,1PGA,A,234,N,Y,-0.21,N234Y,8,/mnt/d/Proga/OpenFold_codex/OpenFold3_project/data/raw/fireprot_upload/pdbs/1PGA.pdb
P06654,1PGA,A,235,G,A,0.25,G235A,9,/mnt/d/Proga/OpenFold_codex/OpenFold3_project/data/raw/fireprot_upload/pdbs/1PGA.pdb
P06654,1PGA,A,235,G,D,2.5,G235D,9,/mnt/d/Proga/OpenFold_codex/OpenFold3_project/data/raw/fireprot_upload/pdbs/1PGA.pdb
P06654,1PGA,A,235,G,E,2.0,G235E,9,/mnt/d/Proga/OpenFold_codex/OpenFold3_project/data/raw/fireprot_upload/pdbs/1PGA.pdb
P06654,1PGA,A,235,G,F,0.0,G235F,9,/mnt/d/Proga/OpenFold_codex/OpenFold3_project/data/raw/fireprot_upload/pdbs/1PGA.pdb
P06654,1PGA,A,235,G,H,1.22,G235H,9,/mnt/d/Proga/OpenFold_codex/OpenFold3_project/data/raw/fireprot_upload/pdbs/1PGA.pdb
P06654,1PGA,A,235,G,I,0.59,G235I,9,/mnt/d/Proga/OpenFold_codex/OpenFold3_project/data/raw/fireprot_upload/pdbs/1PGA.pdb
P06654,1PGA,A,235,G,K,1.23,G235K,9,/mnt/d/Proga/OpenFold_codex/OpenFold3_project/data/raw/fireprot_upload/pdbs/1PGA.pdb
P06654,1PGA,A,235,G,L,-0.32,G235L,9,/mnt/d/Proga/OpenFold_codex/OpenFold3_project/data/raw/fireprot_upload/pdbs/1PGA.pdb
P06654,1PGA,A,235,G,M,0.55,G235M,9,/mnt/d/Proga/OpenFold_codex/OpenFold3_project/data/raw/fireprot_upload/pdbs/1PGA.pdb
P06654,1PGA,A,235,G,N,1.29,G235N,9,/mnt/d/Proga/OpenFold_codex/OpenFold3_project/data/raw/fireprot_upload/pdbs/1PGA.pdb
P06654,1PGA,A,235,G,P,2.38,G235P,9,/mnt/d/Proga/OpenFold_codex/OpenFold3_project/data/raw/fireprot_upload/pdbs/1PGA.pdb
P06654,1PGA,A,235,G,Q,1.06,G235Q,9,/mnt/d/Proga/OpenFold_codex/OpenFold3_project/data/raw/fireprot_upload/pdbs/1PGA.pdb
P06654,1PGA,A,235,G,R,0.88,G235R,9,/mnt/d/Proga/OpenFold_codex/OpenFold3_project/data/raw/fireprot_upload/pdbs/1PGA.pdb
P06654,1PGA,A,235,G,S,-0.03,G235S,9,/mnt/d/Proga/OpenFold_codex/OpenFold3_project/data/raw/fireprot_upload/pdbs/1PGA.pdb
P06654,1PGA,A,235,G,T,-0.3,G235T,9,/mnt/d/Proga/OpenFold_codex/OpenFold3_project/data/raw/fireprot_upload/pdbs/1PGA.pdb
P06654,1PGA,A,235,G,V,0.42,G235V,9,/mnt/d/Proga/OpenFold_codex/OpenFold3_project/data/raw/fireprot_upload/pdbs/1PGA.pdb
P06654,1PGA,A,235,G,Y,0.54,G235Y,9,/mnt/d/Proga/OpenFold_codex/OpenFold3_project/data/raw/fireprot_upload/pdbs/1PGA.pdb
P06654,1PGA,A,236,K,A,-0.22,K236A,10,/mnt/d/Proga/OpenFold_codex/OpenFold3_project/data/raw/fireprot_upload/pdbs/1PGA.pdb
P06654,1PGA,A,236,K,D,0.5,K236D,10,/mnt/d/Proga/OpenFold_codex/OpenFold3_project/data/raw/fireprot_upload/pdbs/1PGA.pdb
P06654,1PGA,A,236,K,E,-0.55,K236E,10,/mnt/d/Proga/OpenFold_codex/OpenFold3_project/data/raw/fireprot_upload/pdbs/1PGA.pdb
P06654,1PGA,A,236,K,F,-0.22,K236F,10,/mnt/d/Proga/OpenFold_codex/OpenFold3_project/data/raw/fireprot_upload/pdbs/1PGA.pdb
P06654,1PGA,A,236,K,G,0.35,K236G,10,/mnt/d/Proga/OpenFold_codex/OpenFold3_project/data/raw/fireprot_upload/pdbs/1PGA.pdb
P06654,1PGA,A,236,K,H,-0.15,K236H,10,/mnt/d/Proga/OpenFold_codex/OpenFold3_project/data/raw/fireprot_upload/pdbs/1PGA.pdb
P06654,1PGA,A,236,K,I,-0.56,K236I,10,/mnt/d/Proga/OpenFold_codex/OpenFold3_project/data/raw/fireprot_upload/pdbs/1PGA.pdb
P06654,1PGA,A,236,K,L,-0.72,K236L,10,/mnt/d/Proga/OpenFold_codex/OpenFold3_project/data/raw/fireprot_upload/pdbs/1PGA.pdb
P06654,1PGA,A,236,K,M,-0.25,K236M,10,/mnt/d/Proga/OpenFold_codex/OpenFold3_project/data/raw/fireprot_upload/pdbs/1PGA.pdb
P06654,1PGA,A,236,K,N,-0.1,K236N,10,/mnt/d/Proga/OpenFold_codex/OpenFold3_project/data/raw/fireprot_upload/pdbs/1PGA.pdb
P06654,1PGA,A,236,K,P,0.18,K236P,10,/mnt/d/Proga/OpenFold_codex/OpenFold3_project/data/raw/fireprot_upload/pdbs/1PGA.pdb
P06654,1PGA,A,236,K,Q,-0.11,K236Q,10,/mnt/d/Proga/OpenFold_codex/OpenFold3_project/data/raw/fireprot_upload/pdbs/1PGA.pdb
P06654,1PGA,A,236,K,R,-0.65,K236R,10,/mnt/d/Proga/OpenFold_codex/OpenFold3_project/data/raw/fireprot_upload/pdbs/1PGA.pdb
P06654,1PGA,A,236,K,S,0.13,K236S,10,/mnt/d/Proga/OpenFold_codex/OpenFold3_project/data/raw/fireprot_upload/pdbs/1PGA.pdb
P06654,1PGA,A,236,K,T,-0.2,K236T,10,/mnt/d/Proga/OpenFold_codex/OpenFold3_project/data/raw/fireprot_upload/pdbs/1PGA.pdb
P06654,1PGA,A,236,K,V,-0.41,K236V,10,/mnt/d/Proga/OpenFold_codex/OpenFold3_project/data/raw/fireprot_upload/pdbs/1PGA.pdb
P06654,1PGA,A,236,K,Y,-0.51,K236Y,10,/mnt/d/Proga/OpenFold_codex/OpenFold3_project/data/raw/fireprot_upload/pdbs/1PGA.pdb
P06654,1PGA,A,237,T,A,-0.24,T237A,11,/mnt/d/Proga/OpenFold_codex/OpenFold3_project/data/raw/fireprot_upload/pdbs/1PGA.pdb
P06654,1PGA,A,237,T,D,-0.46,T237D,11,/mnt/d/Proga/OpenFold_codex/OpenFold3_project/data/raw/fireprot_upload/pdbs/1PGA.pdb
P06654,1PGA,A,237,T,E,-0.46,T237E,11,/mnt/d/Proga/OpenFold_codex/OpenFold3_project/data/raw/fireprot_upload/pdbs/1PGA.pdb
P06654,1PGA,A,237,T,F,-0.76,T237F,11,/mnt/d/Proga/OpenFold_codex/OpenFold3_project/data/raw/fireprot_upload/pdbs/1PGA.pdb
P06654,1PGA,A,237,T,G,0.01,T237G,11,/mnt/d/Proga/OpenFold_codex/OpenFold3_project/data/raw/fireprot_upload/pdbs/1PGA.pdb
P06654,1PGA,A,237,T,H,-0.42,T237H,11,/mnt/d/Proga/OpenFold_codex/OpenFold3_project/data/raw/fireprot_upload/pdbs/1PGA.pdb
P06654,1PGA,A,237,T,I,-0.56,T237I,11,/mnt/d/Proga/OpenFold_codex/OpenFold3_project/data/raw/fireprot_upload/pdbs/1PGA.pdb
P06654,1PGA,A,237,T,K,-0.35,T237K,11,/mnt/d/Proga/OpenFold_codex/OpenFold3_project/data/raw/fireprot_upload/pdbs/1PGA.pdb
P06654,1PGA,A,237,T,L,-0.38,T237L,11,/mnt/d/Proga/OpenFold_codex/OpenFold3_project/data/raw/fireprot_upload/pdbs/1PGA.pdb
P06654,1PGA,A,237,T,M,-0.39,T237M,11,/mnt/d/Proga/OpenFold_codex/OpenFold3_project/data/raw/fireprot_upload/pdbs/1PGA.pdb
P06654,1PGA,A,237,T,N,-0.17,T237N,11,/mnt/d/Proga/OpenFold_codex/OpenFold3_project/data/raw/fireprot_upload/pdbs/1PGA.pdb
P06654,1PGA,A,237,T,P,1.03,T237P,11,/mnt/d/Proga/OpenFold_codex/OpenFold3_project/data/raw/fireprot_upload/pdbs/1PGA.pdb
P06654,1PGA,A,237,T,Q,-0.59,T237Q,11,/mnt/d/Proga/OpenFold_codex/OpenFold3_project/data/raw/fireprot_upload/pdbs/1PGA.pdb
P06654,1PGA,A,237,T,R,-0.39,T237R,11,/mnt/d/Proga/OpenFold_codex/OpenFold3_project/data/raw/fireprot_upload/pdbs/1PGA.pdb
P06654,1PGA,A,237,T,S,-0.3,T237S,11,/mnt/d/Proga/OpenFold_codex/OpenFold3_project/data/raw/fireprot_upload/pdbs/1PGA.pdb
P06654,1PGA,A,237,T,V,-0.54,T237V,11,/mnt/d/Proga/OpenFold_codex/OpenFold3_project/data/raw/fireprot_upload/pdbs/1PGA.pdb
P06654,1PGA,A,237,T,Y,-0.3,T237Y,11,/mnt/d/Proga/OpenFold_codex/OpenFold3_project/data/raw/fireprot_upload/pdbs/1PGA.pdb
P06654,1PGA,A,238,L,A,0.28,L238A,12,/mnt/d/Proga/OpenFold_codex/OpenFold3_project/data/raw/fireprot_upload/pdbs/1PGA.pdb
P06654,1PGA,A,238,L,D,0.68,L238D,12,/mnt/d/Proga/OpenFold_codex/OpenFold3_project/data/raw/fireprot_upload/pdbs/1PGA.pdb
P06654,1PGA,A,238,L,E,0.25,L238E,12,/mnt/d/Proga/OpenFold_codex/OpenFold3_project/data/raw/fireprot_upload/pdbs/1PGA.pdb
P06654,1PGA,A,238,L,F,-1.26,L238F,12,/mnt/d/Proga/OpenFold_codex/OpenFold3_project/data/raw/fireprot_upload/pdbs/1PGA.pdb
P06654,1PGA,A,238,L,G,0.28,L238G,12,/mnt/d/Proga/OpenFold_codex/OpenFold3_project/data/raw/fireprot_upload/pdbs/1PGA.pdb
P06654,1PGA,A,238,L,H,-0.28,L238H,12,/mnt/d/Proga/OpenFold_codex/OpenFold3_project/data/raw/fireprot_upload/pdbs/1PGA.pdb
P06654,1PGA,A,238,L,I,-0.99,L238I,12,/mnt/d/Proga/OpenFold_codex/OpenFold3_project/data/raw/fireprot_upload/pdbs/1PGA.pdb
P06654,1PGA,A,238,L,K,-0.6,L238K,12,/mnt/d/Proga/OpenFold_codex/OpenFold3_project/data/raw/fireprot_upload/pdbs/1PGA.pdb
P06654,1PGA,A,238,L,M,-0.34,L238M,12,/mnt/d/Proga/OpenFold_codex/OpenFold3_project/data/raw/fireprot_upload/pdbs/1PGA.pdb
P06654,1PGA,A,238,L,N,-0.09,L238N,12,/mnt/d/Proga/OpenFold_codex/OpenFold3_project/data/raw/fireprot_upload/pdbs/1PGA.pdb
P06654,1PGA,A,238,L,P,1.23,L238P,12,/mnt/d/Proga/OpenFold_codex/OpenFold3_project/data/raw/fireprot_upload/pdbs/1PGA.pdb
P06654,1PGA,A,238,L,Q,-0.14,L238Q,12,/mnt/d/Proga/OpenFold_codex/OpenFold3_project/data/raw/fireprot_upload/pdbs/1PGA.pdb
P06654,1PGA,A,238,L,R,-0.24,L238R,12,/mnt/d/Proga/OpenFold_codex/OpenFold3_project/data/raw/fireprot_upload/pdbs/1PGA.pdb
P06654,1PGA,A,238,L,S,0.06,L238S,12,/mnt/d/Proga/OpenFold_codex/OpenFold3_project/data/raw/fireprot_upload/pdbs/1PGA.pdb
P06654,1PGA,A,238,L,T,-0.42,L238T,12,/mnt/d/Proga/OpenFold_codex/OpenFold3_project/data/raw/fireprot_upload/pdbs/1PGA.pdb
P06654,1PGA,A,238,L,V,-0.63,L238V,12,/mnt/d/Proga/OpenFold_codex/OpenFold3_project/data/raw/fireprot_upload/pdbs/1PGA.pdb
P06654,1PGA,A,238,L,Y,-1.78,L238Y,12,/mnt/d/Proga/OpenFold_codex/OpenFold3_project/data/raw/fireprot_upload/pdbs/1PGA.pdb
P06654,1PGA,A,239,K,A,-0.21,K239A,13,/mnt/d/Proga/OpenFold_codex/OpenFold3_project/data/raw/fireprot_upload/pdbs/1PGA.pdb
P06654,1PGA,A,239,K,D,0.45,K239D,13,/mnt/d/Proga/OpenFold_codex/OpenFold3_project/data/raw/fireprot_upload/pdbs/1PGA.pdb
P06654,1PGA,A,239,K,E,-0.02,K239E,13,/mnt/d/Proga/OpenFold_codex/OpenFold3_project/data/raw/fireprot_upload/pdbs/1PGA.pdb
P06654,1PGA,A,239,K,F,-0.64,K239F,13,/mnt/d/Proga/OpenFold_codex/OpenFold3_project/data/raw/fireprot_upload/pdbs/1PGA.pdb
P06654,1PGA,A,239,K,G,0.35,K239G,13,/mnt/d/Proga/OpenFold_codex/OpenFold3_project/data/raw/fireprot_upload/pdbs/1PGA.pdb
P06654,1PGA,A,239,K,H,-0.45,K239H,13,/mnt/d/Proga/OpenFold_codex/OpenFold3_project/data/raw/fireprot_upload/pdbs/1PGA.pdb
P06654,1PGA,A,239,K,I,-0.23,K239I,13,/mnt/d/Proga/OpenFold_codex/OpenFold3_project/data/raw/fireprot_upload/pdbs/1PGA.pdb
P06654,1PGA,A,239,K,L,0.06,K239L,13,/mnt/d/Proga/OpenFold_codex/OpenFold3_project/data/raw/fireprot_upload/pdbs/1PGA.pdb
P06654,1PGA,A,239,K,M,-0.32,K239M,13,/mnt/d/Proga/OpenFold_codex/OpenFold3_project/data/raw/fireprot_upload/pdbs/1PGA.pdb
P06654,1PGA,A,239,K,N,-0.01,K239N,13,/mnt/d/Proga/OpenFold_codex/OpenFold3_project/data/raw/fireprot_upload/pdbs/1PGA.pdb
P06654,1PGA,A,239,K,P,0.99,K239P,13,/mnt/d/Proga/OpenFold_codex/OpenFold3_project/data/raw/fireprot_upload/pdbs/1PGA.pdb
P06654,1PGA,A,239,K,Q,-1.07,K239Q,13,/mnt/d/Proga/OpenFold_codex/OpenFold3_project/data/raw/fireprot_upload/pdbs/1PGA.pdb
P06654,1PGA,A,239,K,R,-0.33,K239R,13,/mnt/d/Proga/OpenFold_codex/OpenFold3_project/data/raw/fireprot_upload/pdbs/1PGA.pdb
P06654,1PGA,A,239,K,S,-0.57,K239S,13,/mnt/d/Proga/OpenFold_codex/OpenFold3_project/data/raw/fireprot_upload/pdbs/1PGA.pdb
P06654,1PGA,A,239,K,T,-0.25,K239T,13,/mnt/d/Proga/OpenFold_codex/OpenFold3_project/data/raw/fireprot_upload/pdbs/1PGA.pdb
P06654,1PGA,A,239,K,V,-0.53,K239V,13,/mnt/d/Proga/OpenFold_codex/OpenFold3_project/data/raw/fireprot_upload/pdbs/1PGA.pdb
P06654,1PGA,A,239,K,Y,-0.69,K239Y,13,/mnt/d/Proga/OpenFold_codex/OpenFold3_project/data/raw/fireprot_upload/pdbs/1PGA.pdb
P06654,1PGA,A,240,G,A,-0.51,G240A,14,/mnt/d/Proga/OpenFold_codex/OpenFold3_project/data/raw/fireprot_upload/pdbs/1PGA.pdb
P06654,1PGA,A,240,G,D,-0.1,G240D,14,/mnt/d/Proga/OpenFold_codex/OpenFold3_project/data/raw/fireprot_upload/pdbs/1PGA.pdb
P06654,1PGA,A,240,G,E,-0.53,G240E,14,/mnt/d/Proga/OpenFold_codex/OpenFold3_project/data/raw/fireprot_upload/pdbs/1PGA.pdb
P06654,1PGA,A,240,G,F,-0.67,G240F,14,/mnt/d/Proga/OpenFold_codex/OpenFold3_project/data/raw/fireprot_upload/pdbs/1PGA.pdb
P06654,1PGA,A,240,G,H,-0.08,G240H,14,/mnt/d/Proga/OpenFold_codex/OpenFold3_project/data/raw/fireprot_upload/pdbs/1PGA.pdb
P06654,1PGA,A,240,G,I,-0.81,G240I,14,/mnt/d/Proga/OpenFold_codex/OpenFold3_project/data/raw/fireprot_upload/pdbs/1PGA.pdb
P06654,1PGA,A,240,G,K,-0.72,G240K,14,/mnt/d/Proga/OpenFold_codex/OpenFold3_project/data/raw/fireprot_upload/pdbs/1PGA.pdb
P06654,1PGA,A,240,G,L,-1.25,G240L,14,/mnt/d/Proga/OpenFold_codex/OpenFold3_project/data/raw/fireprot_upload/pdbs/1PGA.pdb
P06654,1PGA,A,240,G,M,-0.94,G240M,14,/mnt/d/Proga/OpenFold_codex/OpenFold3_project/data/raw/fireprot_upload/pdbs/1PGA.pdb
P06654,1PGA,A,240,G,N,-0.03,G240N,14,/mnt/d/Proga/OpenFold_codex/OpenFold3_project/data/raw/fireprot_upload/pdbs/1PGA.pdb
P06654,1PGA,A,240,G,P,0.88,G240P,14,/mnt/d/Proga/OpenFold_codex/OpenFold3_project/data/raw/fireprot_upload/pdbs/1PGA.pdb
P06654,1PGA,A,240,G,Q,-0.52,G240Q,14,/mnt/d/Proga/OpenFold_codex/OpenFold3_project/data/raw/fireprot_upload/pdbs/1PGA.pdb
P06654,1PGA,A,240,G,R,-0.87,G240R,14,/mnt/d/Proga/OpenFold_codex/OpenFold3_project/data/raw/fireprot_upload/pdbs/1PGA.pdb
P06654,1PGA,A,240,G,S,-0.51,G240S,14,/mnt/d/Proga/OpenFold_codex/OpenFold3_project/data/raw/fireprot_upload/pdbs/1PGA.pdb
P06654,1PGA,A,240,G,T,-0.39,G240T,14,/mnt/d/Proga/OpenFold_codex/OpenFold3_project/data/raw/fireprot_upload/pdbs/1PGA.pdb
P06654,1PGA,A,240,G,V,-0.52,G240V,14,/mnt/d/Proga/OpenFold_codex/OpenFold3_project/data/raw/fireprot_upload/pdbs/1PGA.pdb
P06654,1PGA,A,240,G,Y,-0.24,G240Y,14,/mnt/d/Proga/OpenFold_codex/OpenFold3_project/data/raw/fireprot_upload/pdbs/1PGA.pdb
P06654,1PGA,A,241,E,A,-0.42,E241A,15,/mnt/d/Proga/OpenFold_codex/OpenFold3_project/data/raw/fireprot_upload/pdbs/1PGA.pdb
P06654,1PGA,A,241,E,D,0.19,E241D,15,/mnt/d/Proga/OpenFold_codex/OpenFold3_project/data/raw/fireprot_upload/pdbs/1PGA.pdb
P06654,1PGA,A,241,E,F,-0.57,E241F,15,/mnt/d/Proga/OpenFold_codex/OpenFold3_project/data/raw/fireprot_upload/pdbs/1PGA.pdb
P06654,1PGA,A,241,E,G,0.22,E241G,15,/mnt/d/Proga/OpenFold_codex/OpenFold3_project/data/raw/fireprot_upload/pdbs/1PGA.pdb
P06654,1PGA,A,241,E,H,0.25,E241H,15,/mnt/d/Proga/OpenFold_codex/OpenFold3_project/data/raw/fireprot_upload/pdbs/1PGA.pdb
P06654,1PGA,A,241,E,I,-0.6,E241I,15,/mnt/d/Proga/OpenFold_codex/OpenFold3_project/data/raw/fireprot_upload/pdbs/1PGA.pdb
P06654,1PGA,A,241,E,K,-0.13,E241K,15,/mnt/d/Proga/OpenFold_codex/OpenFold3_project/data/raw/fireprot_upload/pdbs/1PGA.pdb
P06654,1PGA,A,241,E,L,-0.16,E241L,15,/mnt/d/Proga/OpenFold_codex/OpenFold3_project/data/raw/fireprot_upload/pdbs/1PGA.pdb
P06654,1PGA,A,241,E,M,-0.72,E241M,15,/mnt/d/Proga/OpenFold_codex/OpenFold3_project/data/raw/fireprot_upload/pdbs/1PGA.pdb
P06654,1PGA,A,241,E,N,-0.16,E241N,15,/mnt/d/Proga/OpenFold_codex/OpenFold3_project/data/raw/fireprot_upload/pdbs/1PGA.pdb
P06654,1PGA,A,241,E,P,1.98,E241P,15,/mnt/d/Proga/OpenFold_codex/OpenFold3_project/data/raw/fireprot_upload/pdbs/1PGA.pdb
P06654,1PGA,A,241,E,Q,-0.87,E241Q,15,/mnt/d/Proga/OpenFold_codex/OpenFold3_project/data/raw/fireprot_upload/pdbs/1PGA.pdb
P06654,1PGA,A,241,E,R,-0.28,E241R,15,/mnt/d/Proga/OpenFold_codex/OpenFold3_project/data/raw/fireprot_upload/pdbs/1PGA.pdb
P06654,1PGA,A,241,E,S,-0.17,E241S,15,/mnt/d/Proga/OpenFold_codex/OpenFold3_project/data/raw/fireprot_upload/pdbs/1PGA.pdb
P06654,1PGA,A,241,E,T,-0.01,E241T,15,/mnt/d/Proga/OpenFold_codex/OpenFold3_project/data/raw/fireprot_upload/pdbs/1PGA.pdb
P06654,1PGA,A,241,E,V,-0.92,E241V,15,/mnt/d/Proga/OpenFold_codex/OpenFold3_project/data/raw/fireprot_upload/pdbs/1PGA.pdb
P06654,1PGA,A,241,E,Y,-0.66,E241Y,15,/mnt/d/Proga/OpenFold_codex/OpenFold3_project/data/raw/fireprot_upload/pdbs/1PGA.pdb
P06654,1PGA,A,242,T,A,-0.26,T242A,16,/mnt/d/Proga/OpenFold_codex/OpenFold3_project/data/raw/fireprot_upload/pdbs/1PGA.pdb
P06654,1PGA,A,242,T,D,1.04,T242D,16,/mnt/d/Proga/OpenFold_codex/OpenFold3_project/data/raw/fireprot_upload/pdbs/1PGA.pdb
P06654,1PGA,A,242,T,E,0.23,T242E,16,/mnt/d/Proga/OpenFold_codex/OpenFold3_project/data/raw/fireprot_upload/pdbs/1PGA.pdb
P06654,1PGA,A,242,T,F,-1.85,T242F,16,/mnt/d/Proga/OpenFold_codex/OpenFold3_project/data/raw/fireprot_upload/pdbs/1PGA.pdb
P06654,1PGA,A,242,T,G,1.21,T242G,16,/mnt/d/Proga/OpenFold_codex/OpenFold3_project/data/raw/fireprot_upload/pdbs/1PGA.pdb
P06654,1PGA,A,242,T,H,-0.51,T242H,16,/mnt/d/Proga/OpenFold_codex/OpenFold3_project/data/raw/fireprot_upload/pdbs/1PGA.pdb
P06654,1PGA,A,242,T,I,-1.01,T242I,16,/mnt/d/Proga/OpenFold_codex/OpenFold3_project/data/raw/fireprot_upload/pdbs/1PGA.pdb
P06654,1PGA,A,242,T,K,-0.32,T242K,16,/mnt/d/Proga/OpenFold_codex/OpenFold3_project/data/raw/fireprot_upload/pdbs/1PGA.pdb
P06654,1PGA,A,242,T,L,-0.97,T242L,16,/mnt/d/Proga/OpenFold_codex/OpenFold3_project/data/raw/fireprot_upload/pdbs/1PGA.pdb
P06654,1PGA,A,242,T,M,-0.7,T242M,16,/mnt/d/Proga/OpenFold_codex/OpenFold3_project/data/raw/fireprot_upload/pdbs/1PGA.pdb
P06654,1PGA,A,242,T,N,0.14,T242N,16,/mnt/d/Proga/OpenFold_codex/OpenFold3_project/data/raw/fireprot_upload/pdbs/1PGA.pdb
P06654,1PGA,A,242,T,P,1.99,T242P,16,/mnt/d/Proga/OpenFold_codex/OpenFold3_project/data/raw/fireprot_upload/pdbs/1PGA.pdb
P06654,1PGA,A,242,T,Q,-0.33,T242Q,16,/mnt/d/Proga/OpenFold_codex/OpenFold3_project/data/raw/fireprot_upload/pdbs/1PGA.pdb
P06654,1PGA,A,242,T,R,-0.55,T242R,16,/mnt/d/Proga/OpenFold_codex/OpenFold3_project/data/raw/fireprot_upload/pdbs/1PGA.pdb
P06654,1PGA,A,242,T,S,-0.01,T242S,16,/mnt/d/Proga/OpenFold_codex/OpenFold3_project/data/raw/fireprot_upload/pdbs/1PGA.pdb
P06654,1PGA,A,242,T,V,-0.5,T242V,16,/mnt/d/Proga/OpenFold_codex/OpenFold3_project/data/raw/fireprot_upload/pdbs/1PGA.pdb
P06654,1PGA,A,242,T,Y,-1.31,T242Y,16,/mnt/d/Proga/OpenFold_codex/OpenFold3_project/data/raw/fireprot_upload/pdbs/1PGA.pdb
P06654,1PGA,A,243,T,A,0.21,T243A,17,/mnt/d/Proga/OpenFold_codex/OpenFold3_project/data/raw/fireprot_upload/pdbs/1PGA.pdb
P06654,1PGA,A,243,T,D,0.32,T243D,17,/mnt/d/Proga/OpenFold_codex/OpenFold3_project/data/raw/fireprot_upload/pdbs/1PGA.pdb
P06654,1PGA,A,243,T,E,-0.33,T243E,17,/mnt/d/Proga/OpenFold_codex/OpenFold3_project/data/raw/fireprot_upload/pdbs/1PGA.pdb
P06654,1PGA,A,243,T,F,-0.68,T243F,17,/mnt/d/Proga/OpenFold_codex/OpenFold3_project/data/raw/fireprot_upload/pdbs/1PGA.pdb
P06654,1PGA,A,243,T,G,1.05,T243G,17,/mnt/d/Proga/OpenFold_codex/OpenFold3_project/data/raw/fireprot_upload/pdbs/1PGA.pdb
P06654,1PGA,A,243,T,H,0.05,T243H,17,/mnt/d/Proga/OpenFold_codex/OpenFold3_project/data/raw/fireprot_upload/pdbs/1PGA.pdb
P06654,1PGA,A,243,T,I,-0.06,T243I,17,/mnt/d/Proga/OpenFold_codex/OpenFold3_project/data/raw/fireprot_upload/pdbs/1PGA.pdb
P06654,1PGA,A,243,T,K,0.08,T243K,17,/mnt/d/Proga/OpenFold_codex/OpenFold3_project/data/raw/fireprot_upload/pdbs/1PGA.pdb
P06654,1PGA,A,243,T,L,0.07,T243L,17,/mnt/d/Proga/OpenFold_codex/OpenFold3_project/data/raw/fireprot_upload/pdbs/1PGA.pdb
P06654,1PGA,A,243,T,M,-0.06,T243M,17,/mnt/d/Proga/OpenFold_codex/OpenFold3_project/data/raw/fireprot_upload/pdbs/1PGA.pdb
P06654,1PGA,A,243,T,N,0.13,T243N,17,/mnt/d/Proga/OpenFold_codex/OpenFold3_project/data/raw/fireprot_upload/pdbs/1PGA.pdb
P06654,1PGA,A,243,T,P,2.08,T243P,17,/mnt/d/Proga/OpenFold_codex/OpenFold3_project/data/raw/fireprot_upload/pdbs/1PGA.pdb
P06654,1PGA,A,243,T,Q,-0.28,T243Q,17,/mnt/d/Proga/OpenFold_codex/OpenFold3_project/data/raw/fireprot_upload/pdbs/1PGA.pdb
P06654,1PGA,A,243,T,R,-0.21,T243R,17,/mnt/d/Proga/OpenFold_codex/OpenFold3_project/data/raw/fireprot_upload/pdbs/1PGA.pdb
P06654,1PGA,A,243,T,S,-0.39,T243S,17,/mnt/d/Proga/OpenFold_codex/OpenFold3_project/data/raw/fireprot_upload/pdbs/1PGA.pdb
P06654,1PGA,A,243,T,V,-0.18,T243V,17,/mnt/d/Proga/OpenFold_codex/OpenFold3_project/data/raw/fireprot_upload/pdbs/1PGA.pdb
P06654,1PGA,A,243,T,Y,-0.71,T243Y,17,/mnt/d/Proga/OpenFold_codex/OpenFold3_project/data/raw/fireprot_upload/pdbs/1PGA.pdb
P06654,1PGA,A,244,T,A,-0.22,T244A,18,/mnt/d/Proga/OpenFold_codex/OpenFold3_project/data/raw/fireprot_upload/pdbs/1PGA.pdb
P06654,1PGA,A,244,T,D,1.79,T244D,18,/mnt/d/Proga/OpenFold_codex/OpenFold3_project/data/raw/fireprot_upload/pdbs/1PGA.pdb
P06654,1PGA,A,244,T,E,0.67,T244E,18,/mnt/d/Proga/OpenFold_codex/OpenFold3_project/data/raw/fireprot_upload/pdbs/1PGA.pdb
P06654,1PGA,A,244,T,F,-0.56,T244F,18,/mnt/d/Proga/OpenFold_codex/OpenFold3_project/data/raw/fireprot_upload/pdbs/1PGA.pdb
P06654,1PGA,A,244,T,G,1.74,T244G,18,/mnt/d/Proga/OpenFold_codex/OpenFold3_project/data/raw/fireprot_upload/pdbs/1PGA.pdb
P06654,1PGA,A,244,T,H,0.42,T244H,18,/mnt/d/Proga/OpenFold_codex/OpenFold3_project/data/raw/fireprot_upload/pdbs/1PGA.pdb
P06654,1PGA,A,244,T,I,-0.84,T244I,18,/mnt/d/Proga/OpenFold_codex/OpenFold3_project/data/raw/fireprot_upload/pdbs/1PGA.pdb
P06654,1PGA,A,244,T,K,0.95,T244K,18,/mnt/d/Proga/OpenFold_codex/OpenFold3_project/data/raw/fireprot_upload/pdbs/1PGA.pdb
P06654,1PGA,A,244,T,L,-0.8,T244L,18,/mnt/d/Proga/OpenFold_codex/OpenFold3_project/data/raw/fireprot_upload/pdbs/1PGA.pdb
P06654,1PGA,A,244,T,M,-0.62,T244M,18,/mnt/d/Proga/OpenFold_codex/OpenFold3_project/data/raw/fireprot_upload/pdbs/1PGA.pdb
P06654,1PGA,A,244,T,N,0.87,T244N,18,/mnt/d/Proga/OpenFold_codex/OpenFold3_project/data/raw/fireprot_upload/pdbs/1PGA.pdb
P06654,1PGA,A,244,T,P,4.0,T244P,18,/mnt/d/Proga/OpenFold_codex/OpenFold3_project/data/raw/fireprot_upload/pdbs/1PGA.pdb
P06654,1PGA,A,244,T,Q,0.59,T244Q,18,/mnt/d/Proga/OpenFold_codex/OpenFold3_project/data/raw/fireprot_upload/pdbs/1PGA.pdb
P06654,1PGA,A,244,T,R,0.44,T244R,18,/mnt/d/Proga/OpenFold_codex/OpenFold3_project/data/raw/fireprot_upload/pdbs/1PGA.pdb
P06654,1PGA,A,244,T,S,0.78,T244S,18,/mnt/d/Proga/OpenFold_codex/OpenFold3_project/data/raw/fireprot_upload/pdbs/1PGA.pdb
P06654,1PGA,A,244,T,V,-0.39,T244V,18,/mnt/d/Proga/OpenFold_codex/OpenFold3_project/data/raw/fireprot_upload/pdbs/1PGA.pdb
P06654,1PGA,A,244,T,Y,-0.16,T244Y,18,/mnt/d/Proga/OpenFold_codex/OpenFold3_project/data/raw/fireprot_upload/pdbs/1PGA.pdb
P06654,1PGA,A,245,E,A,-0.05,E245A,19,/mnt/d/Proga/OpenFold_codex/OpenFold3_project/data/raw/fireprot_upload/pdbs/1PGA.pdb
P06654,1PGA,A,245,E,D,-0.2,E245D,19,/mnt/d/Proga/OpenFold_codex/OpenFold3_project/data/raw/fireprot_upload/pdbs/1PGA.pdb
P06654,1PGA,A,245,E,F,-0.84,E245F,19,/mnt/d/Proga/OpenFold_codex/OpenFold3_project/data/raw/fireprot_upload/pdbs/1PGA.pdb
P06654,1PGA,A,245,E,G,1.47,E245G,19,/mnt/d/Proga/OpenFold_codex/OpenFold3_project/data/raw/fireprot_upload/pdbs/1PGA.pdb
P06654,1PGA,A,245,E,H,-0.02,E245H,19,/mnt/d/Proga/OpenFold_codex/OpenFold3_project/data/raw/fireprot_upload/pdbs/1PGA.pdb
P06654,1PGA,A,245,E,I,-0.93,E245I,19,/mnt/d/Proga/OpenFold_codex/OpenFold3_project/data/raw/fireprot_upload/pdbs/1PGA.pdb
P06654,1PGA,A,245,E,K,-0.42,E245K,19,/mnt/d/Proga/OpenFold_codex/OpenFold3_project/data/raw/fireprot_upload/pdbs/1PGA.pdb
P06654,1PGA,A,245,E,L,-0.37,E245L,19,/mnt/d/Proga/OpenFold_codex/OpenFold3_project/data/raw/fireprot_upload/pdbs/1PGA.pdb
P06654,1PGA,A,245,E,M,-0.19,E245M,19,/mnt/d/Proga/OpenFold_codex/OpenFold3_project/data/raw/fireprot_upload/pdbs/1PGA.pdb
P06654,1PGA,A,245,E,N,-0.64,E245N,19,/mnt/d/Proga/OpenFold_codex/OpenFold3_project/data/raw/fireprot_upload/pdbs/1PGA.pdb
P06654,1PGA,A,245,E,P,0.78,E245P,19,/mnt/d/Proga/OpenFold_codex/OpenFold3_project/data/raw/fireprot_upload/pdbs/1PGA.pdb
P06654,1PGA,A,245,E,Q,-0.52,E245Q,19,/mnt/d/Proga/OpenFold_codex/OpenFold3_project/data/raw/fireprot_upload/pdbs/1PGA.pdb
P06654,1PGA,A,245,E,R,-0.72,E245R,19,/mnt/d/Proga/OpenFold_codex/OpenFold3_project/data/raw/fireprot_upload/pdbs/1PGA.pdb
P06654,1PGA,A,245,E,S,-0.11,E245S,19,/mnt/d/Proga/OpenFold_codex/OpenFold3_project/data/raw/fireprot_upload/pdbs/1PGA.pdb
P06654,1PGA,A,245,E,T,-0.65,E245T,19,/mnt/d/Proga/OpenFold_codex/OpenFold3_project/data/raw/fireprot_upload/pdbs/1PGA.pdb
P06654,1PGA,A,245,E,V,0.09,E245V,19,/mnt/d/Proga/OpenFold_codex/OpenFold3_project/data/raw/fireprot_upload/pdbs/1PGA.pdb
P06654,1PGA,A,245,E,Y,-0.77,E245Y,19,/mnt/d/Proga/OpenFold_codex/OpenFold3_project/data/raw/fireprot_upload/pdbs/1PGA.pdb
P06654,1PGA,A,246,A,D,1.65,A246D,20,/mnt/d/Proga/OpenFold_codex/OpenFold3_project/data/raw/fireprot_upload/pdbs/1PGA.pdb
P06654,1PGA,A,246,A,E,0.58,A246E,20,/mnt/d/Proga/OpenFold_codex/OpenFold3_project/data/raw/fireprot_upload/pdbs/1PGA.pdb
P06654,1PGA,A,246,A,F,1.73,A246F,20,/mnt/d/Proga/OpenFold_codex/OpenFold3_project/data/raw/fireprot_upload/pdbs/1PGA.pdb
P06654,1PGA,A,246,A,G,1.11,A246G,20,/mnt/d/Proga/OpenFold_codex/OpenFold3_project/data/raw/fireprot_upload/pdbs/1PGA.pdb
P06654,1PGA,A,246,A,H,1.91,A246H,20,/mnt/d/Proga/OpenFold_codex/OpenFold3_project/data/raw/fireprot_upload/pdbs/1PGA.pdb
P06654,1PGA,A,246,A,I,1.86,A246I,20,/mnt/d/Proga/OpenFold_codex/OpenFold3_project/data/raw/fireprot_upload/pdbs/1PGA.pdb
P06654,1PGA,A,246,A,K,1.77,A246K,20,/mnt/d/Proga/OpenFold_codex/OpenFold3_project/data/raw/fireprot_upload/pdbs/1PGA.pdb
P06654,1PGA,A,246,A,L,2.03,A246L,20,/mnt/d/Proga/OpenFold_codex/OpenFold3_project/data/raw/fireprot_upload/pdbs/1PGA.pdb
P06654,1PGA,A,246,A,M,1.43,A246M,20,/mnt/d/Proga/OpenFold_codex/OpenFold3_project/data/raw/fireprot_upload/pdbs/1PGA.pdb
P06654,1PGA,A,246,A,N,2.85,A246N,20,/mnt/d/Proga/OpenFold_codex/OpenFold3_project/data/raw/fireprot_upload/pdbs/1PGA.pdb
P06654,1PGA,A,246,A,P,3.48,A246P,20,/mnt/d/Proga/OpenFold_codex/OpenFold3_project/data/raw/fireprot_upload/pdbs/1PGA.pdb
P06654,1PGA,A,246,A,Q,-0.12,A246Q,20,/mnt/d/Proga/OpenFold_codex/OpenFold3_project/data/raw/fireprot_upload/pdbs/1PGA.pdb
P06654,1PGA,A,246,A,R,1.47,A246R,20,/mnt/d/Proga/OpenFold_codex/OpenFold3_project/data/raw/fireprot_upload/pdbs/1PGA.pdb
P06654,1PGA,A,246,A,S,0.2,A246S,20,/mnt/d/Proga/OpenFold_codex/OpenFold3_project/data/raw/fireprot_upload/pdbs/1PGA.pdb
P06654,1PGA,A,246,A,T,0.95,A246T,20,/mnt/d/Proga/OpenFold_codex/OpenFold3_project/data/raw/fireprot_upload/pdbs/1PGA.pdb
P06654,1PGA,A,246,A,V,0.88,A246V,20,/mnt/d/Proga/OpenFold_codex/OpenFold3_project/data/raw/fireprot_upload/pdbs/1PGA.pdb
P06654,1PGA,A,246,A,Y,1.94,A246Y,20,/mnt/d/Proga/OpenFold_codex/OpenFold3_project/data/raw/fireprot_upload/pdbs/1PGA.pdb
P06654,1PGA,A,247,V,A,-0.42,V247A,21,/mnt/d/Proga/OpenFold_codex/OpenFold3_project/data/raw/fireprot_upload/pdbs/1PGA.pdb
P06654,1PGA,A,247,V,D,-0.46,V247D,21,/mnt/d/Proga/OpenFold_codex/OpenFold3_project/data/raw/fireprot_upload/pdbs/1PGA.pdb
P06654,1PGA,A,247,V,E,-0.76,V247E,21,/mnt/d/Proga/OpenFold_codex/OpenFold3_project/data/raw/fireprot_upload/pdbs/1PGA.pdb
P06654,1PGA,A,247,V,F,-1.1,V247F,21,/mnt/d/Proga/OpenFold_codex/OpenFold3_project/data/raw/fireprot_upload/pdbs/1PGA.pdb
P06654,1PGA,A,247,V,G,-0.19,V247G,21,/mnt/d/Proga/OpenFold_codex/OpenFold3_project/data/raw/fireprot_upload/pdbs/1PGA.pdb
P06654,1PGA,A,247,V,H,-0.19,V247H,21,/mnt/d/Proga/OpenFold_codex/OpenFold3_project/data/raw/fireprot_upload/pdbs/1PGA.pdb
P06654,1PGA,A,247,V,I,-0.54,V247I,21,/mnt/d/Proga/OpenFold_codex/OpenFold3_project/data/raw/fireprot_upload/pdbs/1PGA.pdb
P06654,1PGA,A,247,V,K,-0.54,V247K,21,/mnt/d/Proga/OpenFold_codex/OpenFold3_project/data/raw/fireprot_upload/pdbs/1PGA.pdb
P06654,1PGA,A,247,V,L,-0.41,V247L,21,/mnt/d/Proga/OpenFold_codex/OpenFold3_project/data/raw/fireprot_upload/pdbs/1PGA.pdb
P06654,1PGA,A,247,V,M,-0.52,V247M,21,/mnt/d/Proga/OpenFold_codex/OpenFold3_project/data/raw/fireprot_upload/pdbs/1PGA.pdb
P06654,1PGA,A,247,V,N,-0.5,V247N,21,/mnt/d/Proga/OpenFold_codex/OpenFold3_project/data/raw/fireprot_upload/pdbs/1PGA.pdb
P06654,1PGA,A,247,V,P,-0.83,V247P,21,/mnt/d/Proga/OpenFold_codex/OpenFold3_project/data/raw/fireprot_upload/pdbs/1PGA.pdb
P06654,1PGA,A,247,V,Q,-0.27,V247Q,21,/mnt/d/Proga/OpenFold_codex/OpenFold3_project/data/raw/fireprot_upload/pdbs/1PGA.pdb
P06654,1PGA,A,247,V,R,-0.51,V247R,21,/mnt/d/Proga/OpenFold_codex/OpenFold3_project/data/raw/fireprot_upload/pdbs/1PGA.pdb
P06654,1PGA,A,247,V,S,-0.44,V247S,21,/mnt/d/Proga/OpenFold_codex/OpenFold3_project/data/raw/fireprot_upload/pdbs/1PGA.pdb
P06654,1PGA,A,247,V,T,-0.13,V247T,21,/mnt/d/Proga/OpenFold_codex/OpenFold3_project/data/raw/fireprot_upload/pdbs/1PGA.pdb
P06654,1PGA,A,247,V,Y,-0.64,V247Y,21,/mnt/d/Proga/OpenFold_codex/OpenFold3_project/data/raw/fireprot_upload/pdbs/1PGA.pdb
P06654,1PGA,A,248,D,A,1.08,D248A,22,/mnt/d/Proga/OpenFold_codex/OpenFold3_project/data/raw/fireprot_upload/pdbs/1PGA.pdb
P06654,1PGA,A,248,D,E,0.82,D248E,22,/mnt/d/Proga/OpenFold_codex/OpenFold3_project/data/raw/fireprot_upload/pdbs/1PGA.pdb
P06654,1PGA,A,248,D,F,1.08,D248F,22,/mnt/d/Proga/OpenFold_codex/OpenFold3_project/data/raw/fireprot_upload/pdbs/1PGA.pdb
P06654,1PGA,A,248,D,G,1.03,D248G,22,/mnt/d/Proga/OpenFold_codex/OpenFold3_project/data/raw/fireprot_upload/pdbs/1PGA.pdb
P06654,1PGA,A,248,D,H,0.99,D248H,22,/mnt/d/Proga/OpenFold_codex/OpenFold3_project/data/raw/fireprot_upload/pdbs/1PGA.pdb
P06654,1PGA,A,248,D,I,2.21,D248I,22,/mnt/d/Proga/OpenFold_codex/OpenFold3_project/data/raw/fireprot_upload/pdbs/1PGA.pdb
P06654,1PGA,A,248,D,K,1.22,D248K,22,/mnt/d/Proga/OpenFold_codex/OpenFold3_project/data/raw/fireprot_upload/pdbs/1PGA.pdb
P06654,1PGA,A,248,D,L,1.18,D248L,22,/mnt/d/Proga/OpenFold_codex/OpenFold3_project/data/raw/fireprot_upload/pdbs/1PGA.pdb
P06654,1PGA,A,248,D,M,1.35,D248M,22,/mnt/d/Proga/OpenFold_codex/OpenFold3_project/data/raw/fireprot_upload/pdbs/1PGA.pdb
P06654,1PGA,A,248,D,N,-0.21,D248N,22,/mnt/d/Proga/OpenFold_codex/OpenFold3_project/data/raw/fireprot_upload/pdbs/1PGA.pdb
P06654,1PGA,A,248,D,P,2.93,D248P,22,/mnt/d/Proga/OpenFold_codex/OpenFold3_project/data/raw/fireprot_upload/pdbs/1PGA.pdb
P06654,1PGA,A,248,D,Q,1.21,D248Q,22,/mnt/d/Proga/OpenFold_codex/OpenFold3_project/data/raw/fireprot_upload/pdbs/1PGA.pdb
P06654,1PGA,A,248,D,R,1.47,D248R,22,/mnt/d/Proga/OpenFold_codex/OpenFold3_project/data/raw/fireprot_upload/pdbs/1PGA.pdb
P06654,1PGA,A,248,D,S,-0.62,D248S,22,/mnt/d/Proga/OpenFold_codex/OpenFold3_project/data/raw/fireprot_upload/pdbs/1PGA.pdb
P06654,1PGA,A,248,D,T,0.44,D248T,22,/mnt/d/Proga/OpenFold_codex/OpenFold3_project/data/raw/fireprot_upload/pdbs/1PGA.pdb
P06654,1PGA,A,248,D,V,1.43,D248V,22,/mnt/d/Proga/OpenFold_codex/OpenFold3_project/data/raw/fireprot_upload/pdbs/1PGA.pdb
P06654,1PGA,A,248,D,Y,1.17,D248Y,22,/mnt/d/Proga/OpenFold_codex/OpenFold3_project/data/raw/fireprot_upload/pdbs/1PGA.pdb
P06654,1PGA,A,249,A,D,0.44,A249D,23,/mnt/d/Proga/OpenFold_codex/OpenFold3_project/data/raw/fireprot_upload/pdbs/1PGA.pdb
P06654,1PGA,A,249,A,E,-0.04,A249E,23,/mnt/d/Proga/OpenFold_codex/OpenFold3_project/data/raw/fireprot_upload/pdbs/1PGA.pdb
P06654,1PGA,A,249,A,F,-0.59,A249F,23,/mnt/d/Proga/OpenFold_codex/OpenFold3_project/data/raw/fireprot_upload/pdbs/1PGA.pdb
P06654,1PGA,A,249,A,G,0.83,A249G,23,/mnt/d/Proga/OpenFold_codex/OpenFold3_project/data/raw/fireprot_upload/pdbs/1PGA.pdb
P06654,1PGA,A,249,A,H,0.2,A249H,23,/mnt/d/Proga/OpenFold_codex/OpenFold3_project/data/raw/fireprot_upload/pdbs/1PGA.pdb
P06654,1PGA,A,249,A,I,-0.56,A249I,23,/mnt/d/Proga/OpenFold_codex/OpenFold3_project/data/raw/fireprot_upload/pdbs/1PGA.pdb
P06654,1PGA,A,249,A,K,-0.48,A249K,23,/mnt/d/Proga/OpenFold_codex/OpenFold3_project/data/raw/fireprot_upload/pdbs/1PGA.pdb
P06654,1PGA,A,249,A,L,-0.22,A249L,23,/mnt/d/Proga/OpenFold_codex/OpenFold3_project/data/raw/fireprot_upload/pdbs/1PGA.pdb
P06654,1PGA,A,249,A,M,-0.51,A249M,23,/mnt/d/Proga/OpenFold_codex/OpenFold3_project/data/raw/fireprot_upload/pdbs/1PGA.pdb
P06654,1PGA,A,249,A,N,0.19,A249N,23,/mnt/d/Proga/OpenFold_codex/OpenFold3_project/data/raw/fireprot_upload/pdbs/1PGA.pdb
P06654,1PGA,A,249,A,P,0.14,A249P,23,/mnt/d/Proga/OpenFold_codex/OpenFold3_project/data/raw/fireprot_upload/pdbs/1PGA.pdb
P06654,1PGA,A,249,A,Q,-0.8,A249Q,23,/mnt/d/Proga/OpenFold_codex/OpenFold3_project/data/raw/fireprot_upload/pdbs/1PGA.pdb
P06654,1PGA,A,249,A,R,-0.59,A249R,23,/mnt/d/Proga/OpenFold_codex/OpenFold3_project/data/raw/fireprot_upload/pdbs/1PGA.pdb
P06654,1PGA,A,249,A,S,-0.16,A249S,23,/mnt/d/Proga/OpenFold_codex/OpenFold3_project/data/raw/fireprot_upload/pdbs/1PGA.pdb
P06654,1PGA,A,249,A,T,-0.32,A249T,23,/mnt/d/Proga/OpenFold_codex/OpenFold3_project/data/raw/fireprot_upload/pdbs/1PGA.pdb
P06654,1PGA,A,249,A,V,-0.38,A249V,23,/mnt/d/Proga/OpenFold_codex/OpenFold3_project/data/raw/fireprot_upload/pdbs/1PGA.pdb
P06654,1PGA,A,249,A,Y,-0.38,A249Y,23,/mnt/d/Proga/OpenFold_codex/OpenFold3_project/data/raw/fireprot_upload/pdbs/1PGA.pdb
P06654,1PGA,A,250,A,D,-0.27,A250D,24,/mnt/d/Proga/OpenFold_codex/OpenFold3_project/data/raw/fireprot_upload/pdbs/1PGA.pdb
P06654,1PGA,A,250,A,E,-0.67,A250E,24,/mnt/d/Proga/OpenFold_codex/OpenFold3_project/data/raw/fireprot_upload/pdbs/1PGA.pdb
P06654,1PGA,A,250,A,F,-0.62,A250F,24,/mnt/d/Proga/OpenFold_codex/OpenFold3_project/data/raw/fireprot_upload/pdbs/1PGA.pdb
P06654,1PGA,A,250,A,G,-0.15,A250G,24,/mnt/d/Proga/OpenFold_codex/OpenFold3_project/data/raw/fireprot_upload/pdbs/1PGA.pdb
P06654,1PGA,A,250,A,H,0.39,A250H,24,/mnt/d/Proga/OpenFold_codex/OpenFold3_project/data/raw/fireprot_upload/pdbs/1PGA.pdb
P06654,1PGA,A,250,A,I,-0.55,A250I,24,/mnt/d/Proga/OpenFold_codex/OpenFold3_project/data/raw/fireprot_upload/pdbs/1PGA.pdb
P06654,1PGA,A,250,A,K,-0.78,A250K,24,/mnt/d/Proga/OpenFold_codex/OpenFold3_project/data/raw/fireprot_upload/pdbs/1PGA.pdb
P06654,1PGA,A,250,A,L,-0.27,A250L,24,/mnt/d/Proga/OpenFold_codex/OpenFold3_project/data/raw/fireprot_upload/pdbs/1PGA.pdb
P06654,1PGA,A,250,A,M,-0.41,A250M,24,/mnt/d/Proga/OpenFold_codex/OpenFold3_project/data/raw/fireprot_upload/pdbs/1PGA.pdb
P06654,1PGA,A,250,A,N,0.24,A250N,24,/mnt/d/Proga/OpenFold_codex/OpenFold3_project/data/raw/fireprot_upload/pdbs/1PGA.pdb
P06654,1PGA,A,250,A,P,0.19,A250P,24,/mnt/d/Proga/OpenFold_codex/OpenFold3_project/data/raw/fireprot_upload/pdbs/1PGA.pdb
P06654,1PGA,A,250,A,Q,-0.05,A250Q,24,/mnt/d/Proga/OpenFold_codex/OpenFold3_project/data/raw/fireprot_upload/pdbs/1PGA.pdb
P06654,1PGA,A,250,A,R,-0.54,A250R,24,/mnt/d/Proga/OpenFold_codex/OpenFold3_project/data/raw/fireprot_upload/pdbs/1PGA.pdb
P06654,1PGA,A,250,A,S,-0.22,A250S,24,/mnt/d/Proga/OpenFold_codex/OpenFold3_project/data/raw/fireprot_upload/pdbs/1PGA.pdb
P06654,1PGA,A,250,A,T,-0.23,A250T,24,/mnt/d/Proga/OpenFold_codex/OpenFold3_project/data/raw/fireprot_upload/pdbs/1PGA.pdb
P06654,1PGA,A,250,A,V,-0.19,A250V,24,/mnt/d/Proga/OpenFold_codex/OpenFold3_project/data/raw/fireprot_upload/pdbs/1PGA.pdb
P06654,1PGA,A,250,A,Y,-0.44,A250Y,24,/mnt/d/Proga/OpenFold_codex/OpenFold3_project/data/raw/fireprot_upload/pdbs/1PGA.pdb
P06654,1PGA,A,251,T,A,-0.85,T251A,25,/mnt/d/Proga/OpenFold_codex/OpenFold3_project/data/raw/fireprot_upload/pdbs/1PGA.pdb
P06654,1PGA,A,251,T,D,-0.23,T251D,25,/mnt/d/Proga/OpenFold_codex/OpenFold3_project/data/raw/fireprot_upload/pdbs/1PGA.pdb
P06654,1PGA,A,251,T,E,-0.62,T251E,25,/mnt/d/Proga/OpenFold_codex/OpenFold3_project/data/raw/fireprot_upload/pdbs/1PGA.pdb
P06654,1PGA,A,251,T,F,-0.39,T251F,25,/mnt/d/Proga/OpenFold_codex/OpenFold3_project/data/raw/fireprot_upload/pdbs/1PGA.pdb
P06654,1PGA,A,251,T,G,-0.17,T251G,25,/mnt/d/Proga/OpenFold_codex/OpenFold3_project/data/raw/fireprot_upload/pdbs/1PGA.pdb
P06654,1PGA,A,251,T,H,-0.67,T251H,25,/mnt/d/Proga/OpenFold_codex/OpenFold3_project/data/raw/fireprot_upload/pdbs/1PGA.pdb
P06654,1PGA,A,251,T,I,0.35,T251I,25,/mnt/d/Proga/OpenFold_codex/OpenFold3_project/data/raw/fireprot_upload/pdbs/1PGA.pdb
P06654,1PGA,A,251,T,K,0.08,T251K,25,/mnt/d/Proga/OpenFold_codex/OpenFold3_project/data/raw/fireprot_upload/pdbs/1PGA.pdb
P06654,1PGA,A,251,T,L,0.06,T251L,25,/mnt/d/Proga/OpenFold_codex/OpenFold3_project/data/raw/fireprot_upload/pdbs/1PGA.pdb
P06654,1PGA,A,251,T,M,-0.2,T251M,25,/mnt/d/Proga/OpenFold_codex/OpenFold3_project/data/raw/fireprot_upload/pdbs/1PGA.pdb
P06654,1PGA,A,251,T,N,-0.02,T251N,25,/mnt/d/Proga/OpenFold_codex/OpenFold3_project/data/raw/fireprot_upload/pdbs/1PGA.pdb
P06654,1PGA,A,251,T,P,2.1,T251P,25,/mnt/d/Proga/OpenFold_codex/OpenFold3_project/data/raw/fireprot_upload/pdbs/1PGA.pdb
P06654,1PGA,A,251,T,Q,-0.47,T251Q,25,/mnt/d/Proga/OpenFold_codex/OpenFold3_project/data/raw/fireprot_upload/pdbs/1PGA.pdb
P06654,1PGA,A,251,T,R,-0.03,T251R,25,/mnt/d/Proga/OpenFold_codex/OpenFold3_project/data/raw/fireprot_upload/pdbs/1PGA.pdb
P06654,1PGA,A,251,T,S,-0.51,T251S,25,/mnt/d/Proga/OpenFold_codex/OpenFold3_project/data/raw/fireprot_upload/pdbs/1PGA.pdb
P06654,1PGA,A,251,T,V,0.1,T251V,25,/mnt/d/Proga/OpenFold_codex/OpenFold3_project/data/raw/fireprot_upload/pdbs/1PGA.pdb
P06654,1PGA,A,251,T,Y,-0.1,T251Y,25,/mnt/d/Proga/OpenFold_codex/OpenFold3_project/data/raw/fireprot_upload/pdbs/1PGA.pdb
P06654,1PGA,A,252,A,D,4.0,A252D,26,/mnt/d/Proga/OpenFold_codex/OpenFold3_project/data/raw/fireprot_upload/pdbs/1PGA.pdb
P06654,1PGA,A,252,A,E,4.0,A252E,26,/mnt/d/Proga/OpenFold_codex/OpenFold3_project/data/raw/fireprot_upload/pdbs/1PGA.pdb
P06654,1PGA,A,252,A,F,4.0,A252F,26,/mnt/d/Proga/OpenFold_codex/OpenFold3_project/data/raw/fireprot_upload/pdbs/1PGA.pdb
P06654,1PGA,A,252,A,G,4.0,A252G,26,/mnt/d/Proga/OpenFold_codex/OpenFold3_project/data/raw/fireprot_upload/pdbs/1PGA.pdb
P06654,1PGA,A,252,A,H,4.0,A252H,26,/mnt/d/Proga/OpenFold_codex/OpenFold3_project/data/raw/fireprot_upload/pdbs/1PGA.pdb
P06654,1PGA,A,252,A,I,4.0,A252I,26,/mnt/d/Proga/OpenFold_codex/OpenFold3_project/data/raw/fireprot_upload/pdbs/1PGA.pdb
P06654,1PGA,A,252,A,K,4.0,A252K,26,/mnt/d/Proga/OpenFold_codex/OpenFold3_project/data/raw/fireprot_upload/pdbs/1PGA.pdb
P06654,1PGA,A,252,A,L,4.0,A252L,26,/mnt/d/Proga/OpenFold_codex/OpenFold3_project/data/raw/fireprot_upload/pdbs/1PGA.pdb
P06654,1PGA,A,252,A,M,4.0,A252M,26,/mnt/d/Proga/OpenFold_codex/OpenFold3_project/data/raw/fireprot_upload/pdbs/1PGA.pdb
P06654,1PGA,A,252,A,N,4.0,A252N,26,/mnt/d/Proga/OpenFold_codex/OpenFold3_project/data/raw/fireprot_upload/pdbs/1PGA.pdb
P06654,1PGA,A,252,A,P,4.0,A252P,26,/mnt/d/Proga/OpenFold_codex/OpenFold3_project/data/raw/fireprot_upload/pdbs/1PGA.pdb
P06654,1PGA,A,252,A,Q,4.0,A252Q,26,/mnt/d/Proga/OpenFold_codex/OpenFold3_project/data/raw/fireprot_upload/pdbs/1PGA.pdb
P06654,1PGA,A,252,A,R,4.0,A252R,26,/mnt/d/Proga/OpenFold_codex/OpenFold3_project/data/raw/fireprot_upload/pdbs/1PGA.pdb
P06654,1PGA,A,252,A,S,2.33,A252S,26,/mnt/d/Proga/OpenFold_codex/OpenFold3_project/data/raw/fireprot_upload/pdbs/1PGA.pdb
P06654,1PGA,A,252,A,T,4.0,A252T,26,/mnt/d/Proga/OpenFold_codex/OpenFold3_project/data/raw/fireprot_upload/pdbs/1PGA.pdb
P06654,1PGA,A,252,A,V,2.41,A252V,26,/mnt/d/Proga/OpenFold_codex/OpenFold3_project/data/raw/fireprot_upload/pdbs/1PGA.pdb
P06654,1PGA,A,252,A,Y,4.0,A252Y,26,/mnt/d/Proga/OpenFold_codex/OpenFold3_project/data/raw/fireprot_upload/pdbs/1PGA.pdb
P06654,1PGA,A,253,E,A,-0.41,E253A,27,/mnt/d/Proga/OpenFold_codex/OpenFold3_project/data/raw/fireprot_upload/pdbs/1PGA.pdb
P06654,1PGA,A,253,E,D,0.72,E253D,27,/mnt/d/Proga/OpenFold_codex/OpenFold3_project/data/raw/fireprot_upload/pdbs/1PGA.pdb
P06654,1PGA,A,253,E,F,-1.92,E253F,27,/mnt/d/Proga/OpenFold_codex/OpenFold3_project/data/raw/fireprot_upload/pdbs/1PGA.pdb
P06654,1PGA,A,253,E,G,-0.01,E253G,27,/mnt/d/Proga/OpenFold_codex/OpenFold3_project/data/raw/fireprot_upload/pdbs/1PGA.pdb
P06654,1PGA,A,253,E,H,4.0,E253H,27,/mnt/d/Proga/OpenFold_codex/OpenFold3_project/data/raw/fireprot_upload/pdbs/1PGA.pdb
P06654,1PGA,A,253,E,I,-0.1,E253I,27,/mnt/d/Proga/OpenFold_codex/OpenFold3_project/data/raw/fireprot_upload/pdbs/1PGA.pdb
P06654,1PGA,A,253,E,K,-0.83,E253K,27,/mnt/d/Proga/OpenFold_codex/OpenFold3_project/data/raw/fireprot_upload/pdbs/1PGA.pdb
P06654,1PGA,A,253,E,L,-1.82,E253L,27,/mnt/d/Proga/OpenFold_codex/OpenFold3_project/data/raw/fireprot_upload/pdbs/1PGA.pdb
P06654,1PGA,A,253,E,M,-0.93,E253M,27,/mnt/d/Proga/OpenFold_codex/OpenFold3_project/data/raw/fireprot_upload/pdbs/1PGA.pdb
P06654,1PGA,A,253,E,N,1.64,E253N,27,/mnt/d/Proga/OpenFold_codex/OpenFold3_project/data/raw/fireprot_upload/pdbs/1PGA.pdb
P06654,1PGA,A,253,E,P,4.0,E253P,27,/mnt/d/Proga/OpenFold_codex/OpenFold3_project/data/raw/fireprot_upload/pdbs/1PGA.pdb
P06654,1PGA,A,253,E,Q,-0.44,E253Q,27,/mnt/d/Proga/OpenFold_codex/OpenFold3_project/data/raw/fireprot_upload/pdbs/1PGA.pdb
P06654,1PGA,A,253,E,R,-0.44,E253R,27,/mnt/d/Proga/OpenFold_codex/OpenFold3_project/data/raw/fireprot_upload/pdbs/1PGA.pdb
P06654,1PGA,A,253,E,S,0.36,E253S,27,/mnt/d/Proga/OpenFold_codex/OpenFold3_project/data/raw/fireprot_upload/pdbs/1PGA.pdb
P06654,1PGA,A,253,E,T,1.04,E253T,27,/mnt/d/Proga/OpenFold_codex/OpenFold3_project/data/raw/fireprot_upload/pdbs/1PGA.pdb
P06654,1PGA,A,253,E,V,0.91,E253V,27,/mnt/d/Proga/OpenFold_codex/OpenFold3_project/data/raw/fireprot_upload/pdbs/1PGA.pdb
P06654,1PGA,A,253,E,Y,-0.26,E253Y,27,/mnt/d/Proga/OpenFold_codex/OpenFold3_project/data/raw/fireprot_upload/pdbs/1PGA.pdb
P06654,1PGA,A,254,K,A,-0.57,K254A,28,/mnt/d/Proga/OpenFold_codex/OpenFold3_project/data/raw/fireprot_upload/pdbs/1PGA.pdb
P06654,1PGA,A,254,K,D,-0.1,K254D,28,/mnt/d/Proga/OpenFold_codex/OpenFold3_project/data/raw/fireprot_upload/pdbs/1PGA.pdb
P06654,1PGA,A,254,K,E,-0.56,K254E,28,/mnt/d/Proga/OpenFold_codex/OpenFold3_project/data/raw/fireprot_upload/pdbs/1PGA.pdb
P06654,1PGA,A,254,K,F,-0.27,K254F,28,/mnt/d/Proga/OpenFold_codex/OpenFold3_project/data/raw/fireprot_upload/pdbs/1PGA.pdb
P06654,1PGA,A,254,K,G,0.01,K254G,28,/mnt/d/Proga/OpenFold_codex/OpenFold3_project/data/raw/fireprot_upload/pdbs/1PGA.pdb
P06654,1PGA,A,254,K,H,-0.07,K254H,28,/mnt/d/Proga/OpenFold_codex/OpenFold3_project/data/raw/fireprot_upload/pdbs/1PGA.pdb
P06654,1PGA,A,254,K,I,-0.72,K254I,28,/mnt/d/Proga/OpenFold_codex/OpenFold3_project/data/raw/fireprot_upload/pdbs/1PGA.pdb
P06654,1PGA,A,254,K,L,-0.31,K254L,28,/mnt/d/Proga/OpenFold_codex/OpenFold3_project/data/raw/fireprot_upload/pdbs/1PGA.pdb
P06654,1PGA,A,254,K,M,-0.58,K254M,28,/mnt/d/Proga/OpenFold_codex/OpenFold3_project/data/raw/fireprot_upload/pdbs/1PGA.pdb
P06654,1PGA,A,254,K,N,-0.44,K254N,28,/mnt/d/Proga/OpenFold_codex/OpenFold3_project/data/raw/fireprot_upload/pdbs/1PGA.pdb
P06654,1PGA,A,254,K,P,1.23,K254P,28,/mnt/d/Proga/OpenFold_codex/OpenFold3_project/data/raw/fireprot_upload/pdbs/1PGA.pdb
P06654,1PGA,A,254,K,Q,-0.61,K254Q,28,/mnt/d/Proga/OpenFold_codex/OpenFold3_project/data/raw/fireprot_upload/pdbs/1PGA.pdb
P06654,1PGA,A,254,K,R,-0.91,K254R,28,/mnt/d/Proga/OpenFold_codex/OpenFold3_project/data/raw/fireprot_upload/pdbs/1PGA.pdb
P06654,1PGA,A,254,K,S,-0.36,K254S,28,/mnt/d/Proga/OpenFold_codex/OpenFold3_project/data/raw/fireprot_upload/pdbs/1PGA.pdb
P06654,1PGA,A,254,K,T,-0.19,K254T,28,/mnt/d/Proga/OpenFold_codex/OpenFold3_project/data/raw/fireprot_upload/pdbs/1PGA.pdb
P06654,1PGA,A,254,K,V,-0.23,K254V,28,/mnt/d/Proga/OpenFold_codex/OpenFold3_project/data/raw/fireprot_upload/pdbs/1PGA.pdb
P06654,1PGA,A,254,K,Y,-0.25,K254Y,28,/mnt/d/Proga/OpenFold_codex/OpenFold3_project/data/raw/fireprot_upload/pdbs/1PGA.pdb
P06654,1PGA,A,255,V,A,-0.14,V255A,29,/mnt/d/Proga/OpenFold_codex/OpenFold3_project/data/raw/fireprot_upload/pdbs/1PGA.pdb
P06654,1PGA,A,255,V,D,0.22,V255D,29,/mnt/d/Proga/OpenFold_codex/OpenFold3_project/data/raw/fireprot_upload/pdbs/1PGA.pdb
P06654,1PGA,A,255,V,E,-0.12,V255E,29,/mnt/d/Proga/OpenFold_codex/OpenFold3_project/data/raw/fireprot_upload/pdbs/1PGA.pdb
P06654,1PGA,A,255,V,F,-0.59,V255F,29,/mnt/d/Proga/OpenFold_codex/OpenFold3_project/data/raw/fireprot_upload/pdbs/1PGA.pdb
P06654,1PGA,A,255,V,G,0.91,V255G,29,/mnt/d/Proga/OpenFold_codex/OpenFold3_project/data/raw/fireprot_upload/pdbs/1PGA.pdb
P06654,1PGA,A,255,V,H,-0.16,V255H,29,/mnt/d/Proga/OpenFold_codex/OpenFold3_project/data/raw/fireprot_upload/pdbs/1PGA.pdb
P06654,1PGA,A,255,V,I,-0.68,V255I,29,/mnt/d/Proga/OpenFold_codex/OpenFold3_project/data/raw/fireprot_upload/pdbs/1PGA.pdb
P06654,1PGA,A,255,V,K,-0.33,V255K,29,/mnt/d/Proga/OpenFold_codex/OpenFold3_project/data/raw/fireprot_upload/pdbs/1PGA.pdb
P06654,1PGA,A,255,V,L,-0.29,V255L,29,/mnt/d/Proga/OpenFold_codex/OpenFold3_project/data/raw/fireprot_upload/pdbs/1PGA.pdb
P06654,1PGA,A,255,V,M,-0.14,V255M,29,/mnt/d/Proga/OpenFold_codex/OpenFold3_project/data/raw/fireprot_upload/pdbs/1PGA.pdb
P06654,1PGA,A,255,V,N,0.22,V255N,29,/mnt/d/Proga/OpenFold_codex/OpenFold3_project/data/raw/fireprot_upload/pdbs/1PGA.pdb
P06654,1PGA,A,255,V,P,2.72,V255P,29,/mnt/d/Proga/OpenFold_codex/OpenFold3_project/data/raw/fireprot_upload/pdbs/1PGA.pdb
P06654,1PGA,A,255,V,Q,-0.38,V255Q,29,/mnt/d/Proga/OpenFold_codex/OpenFold3_project/data/raw/fireprot_upload/pdbs/1PGA.pdb
P06654,1PGA,A,255,V,R,-0.44,V255R,29,/mnt/d/Proga/OpenFold_codex/OpenFold3_project/data/raw/fireprot_upload/pdbs/1PGA.pdb
P06654,1PGA,A,255,V,S,0.17,V255S,29,/mnt/d/Proga/OpenFold_codex/OpenFold3_project/data/raw/fireprot_upload/pdbs/1PGA.pdb
P06654,1PGA,A,255,V,T,-0.41,V255T,29,/mnt/d/Proga/OpenFold_codex/OpenFold3_project/data/raw/fireprot_upload/pdbs/1PGA.pdb
P06654,1PGA,A,255,V,Y,-0.19,V255Y,29,/mnt/d/Proga/OpenFold_codex/OpenFold3_project/data/raw/fireprot_upload/pdbs/1PGA.pdb
P06654,1PGA,A,256,F,A,3.04,F256A,30,/mnt/d/Proga/OpenFold_codex/OpenFold3_project/data/raw/fireprot_upload/pdbs/1PGA.pdb
P06654,1PGA,A,256,F,D,0.5,F256D,30,/mnt/d/Proga/OpenFold_codex/OpenFold3_project/data/raw/fireprot_upload/pdbs/1PGA.pdb
P06654,1PGA,A,256,F,E,4.0,F256E,30,/mnt/d/Proga/OpenFold_codex/OpenFold3_project/data/raw/fireprot_upload/pdbs/1PGA.pdb
P06654,1PGA,A,256,F,G,4.0,F256G,30,/mnt/d/Proga/OpenFold_codex/OpenFold3_project/data/raw/fireprot_upload/pdbs/1PGA.pdb
P06654,1PGA,A,256,F,H,4.0,F256H,30,/mnt/d/Proga/OpenFold_codex/OpenFold3_project/data/raw/fireprot_upload/pdbs/1PGA.pdb
P06654,1PGA,A,256,F,I,4.0,F256I,30,/mnt/d/Proga/OpenFold_codex/OpenFold3_project/data/raw/fireprot_upload/pdbs/1PGA.pdb
P06654,1PGA,A,256,F,K,4.0,F256K,30,/mnt/d/Proga/OpenFold_codex/OpenFold3_project/data/raw/fireprot_upload/pdbs/1PGA.pdb
P06654,1PGA,A,256,F,L,0.48,F256L,30,/mnt/d/Proga/OpenFold_codex/OpenFold3_project/data/raw/fireprot_upload/pdbs/1PGA.pdb
P06654,1PGA,A,256,F,M,1.66,F256M,30,/mnt/d/Proga/OpenFold_codex/OpenFold3_project/data/raw/fireprot_upload/pdbs/1PGA.pdb
P06654,1PGA,A,256,F,N,4.0,F256N,30,/mnt/d/Proga/OpenFold_codex/OpenFold3_project/data/raw/fireprot_upload/pdbs/1PGA.pdb
P06654,1PGA,A,256,F,P,4.0,F256P,30,/mnt/d/Proga/OpenFold_codex/OpenFold3_project/data/raw/fireprot_upload/pdbs/1PGA.pdb
P06654,1PGA,A,256,F,Q,4.0,F256Q,30,/mnt/d/Proga/OpenFold_codex/OpenFold3_project/data/raw/fireprot_upload/pdbs/1PGA.pdb
P06654,1PGA,A,256,F,R,0.28,F256R,30,/mnt/d/Proga/OpenFold_codex/OpenFold3_project/data/raw/fireprot_upload/pdbs/1PGA.pdb
P06654,1PGA,A,256,F,S,4.0,F256S,30,/mnt/d/Proga/OpenFold_codex/OpenFold3_project/data/raw/fireprot_upload/pdbs/1PGA.pdb
P06654,1PGA,A,256,F,T,4.0,F256T,30,/mnt/d/Proga/OpenFold_codex/OpenFold3_project/data/raw/fireprot_upload/pdbs/1PGA.pdb
P06654,1PGA,A,256,F,V,2.53,F256V,30,/mnt/d/Proga/OpenFold_codex/OpenFold3_project/data/raw/fireprot_upload/pdbs/1PGA.pdb
P06654,1PGA,A,256,F,Y,-0.91,F256Y,30,/mnt/d/Proga/OpenFold_codex/OpenFold3_project/data/raw/fireprot_upload/pdbs/1PGA.pdb
P06654,1PGA,A,257,K,A,0.44,K257A,31,/mnt/d/Proga/OpenFold_codex/OpenFold3_project/data/raw/fireprot_upload/pdbs/1PGA.pdb
P06654,1PGA,A,257,K,D,4.0,K257D,31,/mnt/d/Proga/OpenFold_codex/OpenFold3_project/data/raw/fireprot_upload/pdbs/1PGA.pdb
P06654,1PGA,A,257,K,E,0.78,K257E,31,/mnt/d/Proga/OpenFold_codex/OpenFold3_project/data/raw/fireprot_upload/pdbs/1PGA.pdb
P06654,1PGA,A,257,K,F,0.22,K257F,31,/mnt/d/Proga/OpenFold_codex/OpenFold3_project/data/raw/fireprot_upload/pdbs/1PGA.pdb
P06654,1PGA,A,257,K,G,1.16,K257G,31,/mnt/d/Proga/OpenFold_codex/OpenFold3_project/data/raw/fireprot_upload/pdbs/1PGA.pdb
P06654,1PGA,A,257,K,H,4.0,K257H,31,/mnt/d/Proga/OpenFold_codex/OpenFold3_project/data/raw/fireprot_upload/pdbs/1PGA.pdb
P06654,1PGA,A,257,K,I,-0.19,K257I,31,/mnt/d/Proga/OpenFold_codex/OpenFold3_project/data/raw/fireprot_upload/pdbs/1PGA.pdb
P06654,1PGA,A,257,K,L,-0.17,K257L,31,/mnt/d/Proga/OpenFold_codex/OpenFold3_project/data/raw/fireprot_upload/pdbs/1PGA.pdb
P06654,1PGA,A,257,K,M,-0.39,K257M,31,/mnt/d/Proga/OpenFold_codex/OpenFold3_project/data/raw/fireprot_upload/pdbs/1PGA.pdb
P06654,1PGA,A,257,K,N,0.58,K257N,31,/mnt/d/Proga/OpenFold_codex/OpenFold3_project/data/raw/fireprot_upload/pdbs/1PGA.pdb
P06654,1PGA,A,257,K,P,4.0,K257P,31,/mnt/d/Proga/OpenFold_codex/OpenFold3_project/data/raw/fireprot_upload/pdbs/1PGA.pdb
P06654,1PGA,A,257,K,Q,-0.45,K257Q,31,/mnt/d/Proga/OpenFold_codex/OpenFold3_project/data/raw/fireprot_upload/pdbs/1PGA.pdb
P06654,1PGA,A,257,K,R,4.0,K257R,31,/mnt/d/Proga/OpenFold_codex/OpenFold3_project/data/raw/fireprot_upload/pdbs/1PGA.pdb
P06654,1PGA,A,257,K,S,0.72,K257S,31,/mnt/d/Proga/OpenFold_codex/OpenFold3_project/data/raw/fireprot_upload/pdbs/1PGA.pdb
P06654,1PGA,A,257,K,T,0.48,K257T,31,/mnt/d/Proga/OpenFold_codex/OpenFold3_project/data/raw/fireprot_upload/pdbs/1PGA.pdb
P06654,1PGA,A,257,K,V,-0.19,K257V,31,/mnt/d/Proga/OpenFold_codex/OpenFold3_project/data/raw/fireprot_upload/pdbs/1PGA.pdb
P06654,1PGA,A,257,K,Y,0.48,K257Y,31,/mnt/d/Proga/OpenFold_codex/OpenFold3_project/data/raw/fireprot_upload/pdbs/1PGA.pdb
P06654,1PGA,A,258,Q,A,-0.16,Q258A,32,/mnt/d/Proga/OpenFold_codex/OpenFold3_project/data/raw/fireprot_upload/pdbs/1PGA.pdb
P06654,1PGA,A,258,Q,D,-0.05,Q258D,32,/mnt/d/Proga/OpenFold_codex/OpenFold3_project/data/raw/fireprot_upload/pdbs/1PGA.pdb
P06654,1PGA,A,258,Q,E,-0.38,Q258E,32,/mnt/d/Proga/OpenFold_codex/OpenFold3_project/data/raw/fireprot_upload/pdbs/1PGA.pdb
P06654,1PGA,A,258,Q,F,0.32,Q258F,32,/mnt/d/Proga/OpenFold_codex/OpenFold3_project/data/raw/fireprot_upload/pdbs/1PGA.pdb
P06654,1PGA,A,258,Q,G,0.42,Q258G,32,/mnt/d/Proga/OpenFold_codex/OpenFold3_project/data/raw/fireprot_upload/pdbs/1PGA.pdb
P06654,1PGA,A,258,Q,H,0.2,Q258H,32,/mnt/d/Proga/OpenFold_codex/OpenFold3_project/data/raw/fireprot_upload/pdbs/1PGA.pdb
P06654,1PGA,A,258,Q,I,-0.11,Q258I,32,/mnt/d/Proga/OpenFold_codex/OpenFold3_project/data/raw/fireprot_upload/pdbs/1PGA.pdb
P06654,1PGA,A,258,Q,K,-0.58,Q258K,32,/mnt/d/Proga/OpenFold_codex/OpenFold3_project/data/raw/fireprot_upload/pdbs/1PGA.pdb
P06654,1PGA,A,258,Q,L,-0.14,Q258L,32,/mnt/d/Proga/OpenFold_codex/OpenFold3_project/data/raw/fireprot_upload/pdbs/1PGA.pdb
P06654,1PGA,A,258,Q,M,-0.5,Q258M,32,/mnt/d/Proga/OpenFold_codex/OpenFold3_project/data/raw/fireprot_upload/pdbs/1PGA.pdb
P06654,1PGA,A,258,Q,N,0.01,Q258N,32,/mnt/d/Proga/OpenFold_codex/OpenFold3_project/data/raw/fireprot_upload/pdbs/1PGA.pdb
P06654,1PGA,A,258,Q,P,-0.61,Q258P,32,/mnt/d/Proga/OpenFold_codex/OpenFold3_project/data/raw/fireprot_upload/pdbs/1PGA.pdb
P06654,1PGA,A,258,Q,R,-0.39,Q258R,32,/mnt/d/Proga/OpenFold_codex/OpenFold3_project/data/raw/fireprot_upload/pdbs/1PGA.pdb
P06654,1PGA,A,258,Q,S,-0.2,Q258S,32,/mnt/d/Proga/OpenFold_codex/OpenFold3_project/data/raw/fireprot_upload/pdbs/1PGA.pdb
P06654,1PGA,A,258,Q,T,-0.32,Q258T,32,/mnt/d/Proga/OpenFold_codex/OpenFold3_project/data/raw/fireprot_upload/pdbs/1PGA.pdb
P06654,1PGA,A,258,Q,V,0.13,Q258V,32,/mnt/d/Proga/OpenFold_codex/OpenFold3_project/data/raw/fireprot_upload/pdbs/1PGA.pdb
P06654,1PGA,A,258,Q,Y,0.39,Q258Y,32,/mnt/d/Proga/OpenFold_codex/OpenFold3_project/data/raw/fireprot_upload/pdbs/1PGA.pdb
P06654,1PGA,A,259,Y,A,1.77,Y259A,33,/mnt/d/Proga/OpenFold_codex/OpenFold3_project/data/raw/fireprot_upload/pdbs/1PGA.pdb
P06654,1PGA,A,259,Y,D,4.0,Y259D,33,/mnt/d/Proga/OpenFold_codex/OpenFold3_project/data/raw/fireprot_upload/pdbs/1PGA.pdb
P06654,1PGA,A,259,Y,E,1.74,Y259E,33,/mnt/d/Proga/OpenFold_codex/OpenFold3_project/data/raw/fireprot_upload/pdbs/1PGA.pdb
P06654,1PGA,A,259,Y,F,-0.29,Y259F,33,/mnt/d/Proga/OpenFold_codex/OpenFold3_project/data/raw/fireprot_upload/pdbs/1PGA.pdb
P06654,1PGA,A,259,Y,G,3.46,Y259G,33,/mnt/d/Proga/OpenFold_codex/OpenFold3_project/data/raw/fireprot_upload/pdbs/1PGA.pdb
P06654,1PGA,A,259,Y,H,1.44,Y259H,33,/mnt/d/Proga/OpenFold_codex/OpenFold3_project/data/raw/fireprot_upload/pdbs/1PGA.pdb
P06654,1PGA,A,259,Y,I,0.14,Y259I,33,/mnt/d/Proga/OpenFold_codex/OpenFold3_project/data/raw/fireprot_upload/pdbs/1PGA.pdb
P06654,1PGA,A,259,Y,K,1.53,Y259K,33,/mnt/d/Proga/OpenFold_codex/OpenFold3_project/data/raw/fireprot_upload/pdbs/1PGA.pdb
P06654,1PGA,A,259,Y,L,0.72,Y259L,33,/mnt/d/Proga/OpenFold_codex/OpenFold3_project/data/raw/fireprot_upload/pdbs/1PGA.pdb
P06654,1PGA,A,259,Y,M,0.6,Y259M,33,/mnt/d/Proga/OpenFold_codex/OpenFold3_project/data/raw/fireprot_upload/pdbs/1PGA.pdb
P06654,1PGA,A,259,Y,N,1.95,Y259N,33,/mnt/d/Proga/OpenFold_codex/OpenFold3_project/data/raw/fireprot_upload/pdbs/1PGA.pdb
P06654,1PGA,A,259,Y,P,4.0,Y259P,33,/mnt/d/Proga/OpenFold_codex/OpenFold3_project/data/raw/fireprot_upload/pdbs/1PGA.pdb
P06654,1PGA,A,259,Y,Q,1.34,Y259Q,33,/mnt/d/Proga/OpenFold_codex/OpenFold3_project/data/raw/fireprot_upload/pdbs/1PGA.pdb
P06654,1PGA,A,259,Y,R,1.72,Y259R,33,/mnt/d/Proga/OpenFold_codex/OpenFold3_project/data/raw/fireprot_upload/pdbs/1PGA.pdb
P06654,1PGA,A,259,Y,S,2.09,Y259S,33,/mnt/d/Proga/OpenFold_codex/OpenFold3_project/data/raw/fireprot_upload/pdbs/1PGA.pdb
P06654,1PGA,A,259,Y,T,1.64,Y259T,33,/mnt/d/Proga/OpenFold_codex/OpenFold3_project/data/raw/fireprot_upload/pdbs/1PGA.pdb
P06654,1PGA,A,259,Y,V,0.44,Y259V,33,/mnt/d/Proga/OpenFold_codex/OpenFold3_project/data/raw/fireprot_upload/pdbs/1PGA.pdb
P06654,1PGA,A,260,A,D,4.0,A260D,34,/mnt/d/Proga/OpenFold_codex/OpenFold3_project/data/raw/fireprot_upload/pdbs/1PGA.pdb
P06654,1PGA,A,260,A,E,2.6,A260E,34,/mnt/d/Proga/OpenFold_codex/OpenFold3_project/data/raw/fireprot_upload/pdbs/1PGA.pdb
P06654,1PGA,A,260,A,F,1.85,A260F,34,/mnt/d/Proga/OpenFold_codex/OpenFold3_project/data/raw/fireprot_upload/pdbs/1PGA.pdb
P06654,1PGA,A,260,A,G,1.46,A260G,34,/mnt/d/Proga/OpenFold_codex/OpenFold3_project/data/raw/fireprot_upload/pdbs/1PGA.pdb
P06654,1PGA,A,260,A,H,3.19,A260H,34,/mnt/d/Proga/OpenFold_codex/OpenFold3_project/data/raw/fireprot_upload/pdbs/1PGA.pdb
P06654,1PGA,A,260,A,I,0.67,A260I,34,/mnt/d/Proga/OpenFold_codex/OpenFold3_project/data/raw/fireprot_upload/pdbs/1PGA.pdb
P06654,1PGA,A,260,A,K,2.81,A260K,34,/mnt/d/Proga/OpenFold_codex/OpenFold3_project/data/raw/fireprot_upload/pdbs/1PGA.pdb
P06654,1PGA,A,260,A,L,-0.11,A260L,34,/mnt/d/Proga/OpenFold_codex/OpenFold3_project/data/raw/fireprot_upload/pdbs/1PGA.pdb
P06654,1PGA,A,260,A,M,0.45,A260M,34,/mnt/d/Proga/OpenFold_codex/OpenFold3_project/data/raw/fireprot_upload/pdbs/1PGA.pdb
P06654,1PGA,A,260,A,N,1.46,A260N,34,/mnt/d/Proga/OpenFold_codex/OpenFold3_project/data/raw/fireprot_upload/pdbs/1PGA.pdb
P06654,1PGA,A,260,A,P,4.0,A260P,34,/mnt/d/Proga/OpenFold_codex/OpenFold3_project/data/raw/fireprot_upload/pdbs/1PGA.pdb
P06654,1PGA,A,260,A,Q,2.33,A260Q,34,/mnt/d/Proga/OpenFold_codex/OpenFold3_project/data/raw/fireprot_upload/pdbs/1PGA.pdb
P06654,1PGA,A,260,A,R,2.93,A260R,34,/mnt/d/Proga/OpenFold_codex/OpenFold3_project/data/raw/fireprot_upload/pdbs/1PGA.pdb
P06654,1PGA,A,260,A,S,0.53,A260S,34,/mnt/d/Proga/OpenFold_codex/OpenFold3_project/data/raw/fireprot_upload/pdbs/1PGA.pdb
P06654,1PGA,A,260,A,T,0.38,A260T,34,/mnt/d/Proga/OpenFold_codex/OpenFold3_project/data/raw/fireprot_upload/pdbs/1PGA.pdb
P06654,1PGA,A,260,A,V,-0.02,A260V,34,/mnt/d/Proga/OpenFold_codex/OpenFold3_project/data/raw/fireprot_upload/pdbs/1PGA.pdb
P06654,1PGA,A,260,A,Y,2.0,A260Y,34,/mnt/d/Proga/OpenFold_codex/OpenFold3_project/data/raw/fireprot_upload/pdbs/1PGA.pdb
P06654,1PGA,A,261,N,A,-0.59,N261A,35,/mnt/d/Proga/OpenFold_codex/OpenFold3_project/data/raw/fireprot_upload/pdbs/1PGA.pdb
P06654,1PGA,A,261,N,D,-0.16,N261D,35,/mnt/d/Proga/OpenFold_codex/OpenFold3_project/data/raw/fireprot_upload/pdbs/1PGA.pdb
P06654,1PGA,A,261,N,E,-0.75,N261E,35,/mnt/d/Proga/OpenFold_codex/OpenFold3_project/data/raw/fireprot_upload/pdbs/1PGA.pdb
P06654,1PGA,A,261,N,F,-1.0,N261F,35,/mnt/d/Proga/OpenFold_codex/OpenFold3_project/data/raw/fireprot_upload/pdbs/1PGA.pdb
P06654,1PGA,A,261,N,G,-0.11,N261G,35,/mnt/d/Proga/OpenFold_codex/OpenFold3_project/data/raw/fireprot_upload/pdbs/1PGA.pdb
P06654,1PGA,A,261,N,H,-0.04,N261H,35,/mnt/d/Proga/OpenFold_codex/OpenFold3_project/data/raw/fireprot_upload/pdbs/1PGA.pdb
P06654,1PGA,A,261,N,I,-0.68,N261I,35,/mnt/d/Proga/OpenFold_codex/OpenFold3_project/data/raw/fireprot_upload/pdbs/1PGA.pdb
P06654,1PGA,A,261,N,K,-1.04,N261K,35,/mnt/d/Proga/OpenFold_codex/OpenFold3_project/data/raw/fireprot_upload/pdbs/1PGA.pdb
P06654,1PGA,A,261,N,L,-0.85,N261L,35,/mnt/d/Proga/OpenFold_codex/OpenFold3_project/data/raw/fireprot_upload/pdbs/1PGA.pdb
P06654,1PGA,A,261,N,M,-0.18,N261M,35,/mnt/d/Proga/OpenFold_codex/OpenFold3_project/data/raw/fireprot_upload/pdbs/1PGA.pdb
P06654,1PGA,A,261,N,P,4.0,N261P,35,/mnt/d/Proga/OpenFold_codex/OpenFold3_project/data/raw/fireprot_upload/pdbs/1PGA.pdb
P06654,1PGA,A,261,N,Q,-0.84,N261Q,35,/mnt/d/Proga/OpenFold_codex/OpenFold3_project/data/raw/fireprot_upload/pdbs/1PGA.pdb
P06654,1PGA,A,261,N,R,-0.33,N261R,35,/mnt/d/Proga/OpenFold_codex/OpenFold3_project/data/raw/fireprot_upload/pdbs/1PGA.pdb
P06654,1PGA,A,261,N,S,-0.76,N261S,35,/mnt/d/Proga/OpenFold_codex/OpenFold3_project/data/raw/fireprot_upload/pdbs/1PGA.pdb
P06654,1PGA,A,261,N,T,-0.48,N261T,35,/mnt/d/Proga/OpenFold_codex/OpenFold3_project/data/raw/fireprot_upload/pdbs/1PGA.pdb
P06654,1PGA,A,261,N,V,-0.42,N261V,35,/mnt/d/Proga/OpenFold_codex/OpenFold3_project/data/raw/fireprot_upload/pdbs/1PGA.pdb
P06654,1PGA,A,261,N,Y,-0.93,N261Y,35,/mnt/d/Proga/OpenFold_codex/OpenFold3_project/data/raw/fireprot_upload/pdbs/1PGA.pdb
P06654,1PGA,A,262,D,A,-0.4,D262A,36,/mnt/d/Proga/OpenFold_codex/OpenFold3_project/data/raw/fireprot_upload/pdbs/1PGA.pdb
P06654,1PGA,A,262,D,E,-1.05,D262E,36,/mnt/d/Proga/OpenFold_codex/OpenFold3_project/data/raw/fireprot_upload/pdbs/1PGA.pdb
P06654,1PGA,A,262,D,F,0.06,D262F,36,/mnt/d/Proga/OpenFold_codex/OpenFold3_project/data/raw/fireprot_upload/pdbs/1PGA.pdb
P06654,1PGA,A,262,D,G,0.95,D262G,36,/mnt/d/Proga/OpenFold_codex/OpenFold3_project/data/raw/fireprot_upload/pdbs/1PGA.pdb
P06654,1PGA,A,262,D,H,0.09,D262H,36,/mnt/d/Proga/OpenFold_codex/OpenFold3_project/data/raw/fireprot_upload/pdbs/1PGA.pdb
P06654,1PGA,A,262,D,I,-0.28,D262I,36,/mnt/d/Proga/OpenFold_codex/OpenFold3_project/data/raw/fireprot_upload/pdbs/1PGA.pdb
P06654,1PGA,A,262,D,K,-0.2,D262K,36,/mnt/d/Proga/OpenFold_codex/OpenFold3_project/data/raw/fireprot_upload/pdbs/1PGA.pdb
P06654,1PGA,A,262,D,L,-0.29,D262L,36,/mnt/d/Proga/OpenFold_codex/OpenFold3_project/data/raw/fireprot_upload/pdbs/1PGA.pdb
P06654,1PGA,A,262,D,M,-0.5,D262M,36,/mnt/d/Proga/OpenFold_codex/OpenFold3_project/data/raw/fireprot_upload/pdbs/1PGA.pdb
P06654,1PGA,A,262,D,N,-0.49,D262N,36,/mnt/d/Proga/OpenFold_codex/OpenFold3_project/data/raw/fireprot_upload/pdbs/1PGA.pdb
P06654,1PGA,A,262,D,P,2.7,D262P,36,/mnt/d/Proga/OpenFold_codex/OpenFold3_project/data/raw/fireprot_upload/pdbs/1PGA.pdb
P06654,1PGA,A,262,D,Q,-0.41,D262Q,36,/mnt/d/Proga/OpenFold_codex/OpenFold3_project/data/raw/fireprot_upload/pdbs/1PGA.pdb
P06654,1PGA,A,262,D,R,-0.41,D262R,36,/mnt/d/Proga/OpenFold_codex/OpenFold3_project/data/raw/fireprot_upload/pdbs/1PGA.pdb
P06654,1PGA,A,262,D,S,-0.46,D262S,36,/mnt/d/Proga/OpenFold_codex/OpenFold3_project/data/raw/fireprot_upload/pdbs/1PGA.pdb
P06654,1PGA,A,262,D,T,0.2,D262T,36,/mnt/d/Proga/OpenFold_codex/OpenFold3_project/data/raw/fireprot_upload/pdbs/1PGA.pdb
P06654,1PGA,A,262,D,V,-0.3,D262V,36,/mnt/d/Proga/OpenFold_codex/OpenFold3_project/data/raw/fireprot_upload/pdbs/1PGA.pdb
P06654,1PGA,A,262,D,Y,-0.43,D262Y,36,/mnt/d/Proga/OpenFold_codex/OpenFold3_project/data/raw/fireprot_upload/pdbs/1PGA.pdb
P06654,1PGA,A,263,N,A,-0.36,N263A,37,/mnt/d/Proga/OpenFold_codex/OpenFold3_project/data/raw/fireprot_upload/pdbs/1PGA.pdb
P06654,1PGA,A,263,N,D,1.12,N263D,37,/mnt/d/Proga/OpenFold_codex/OpenFold3_project/data/raw/fireprot_upload/pdbs/1PGA.pdb
P06654,1PGA,A,263,N,E,0.0,N263E,37,/mnt/d/Proga/OpenFold_codex/OpenFold3_project/data/raw/fireprot_upload/pdbs/1PGA.pdb
P06654,1PGA,A,263,N,F,-1.01,N263F,37,/mnt/d/Proga/OpenFold_codex/OpenFold3_project/data/raw/fireprot_upload/pdbs/1PGA.pdb
P06654,1PGA,A,263,N,G,0.94,N263G,37,/mnt/d/Proga/OpenFold_codex/OpenFold3_project/data/raw/fireprot_upload/pdbs/1PGA.pdb
P06654,1PGA,A,263,N,H,-0.7,N263H,37,/mnt/d/Proga/OpenFold_codex/OpenFold3_project/data/raw/fireprot_upload/pdbs/1PGA.pdb
P06654,1PGA,A,263,N,I,-0.57,N263I,37,/mnt/d/Proga/OpenFold_codex/OpenFold3_project/data/raw/fireprot_upload/pdbs/1PGA.pdb
P06654,1PGA,A,263,N,K,-1.02,N263K,37,/mnt/d/Proga/OpenFold_codex/OpenFold3_project/data/raw/fireprot_upload/pdbs/1PGA.pdb
P06654,1PGA,A,263,N,L,-0.95,N263L,37,/mnt/d/Proga/OpenFold_codex/OpenFold3_project/data/raw/fireprot_upload/pdbs/1PGA.pdb
P06654,1PGA,A,263,N,M,-0.3,N263M,37,/mnt/d/Proga/OpenFold_codex/OpenFold3_project/data/raw/fireprot_upload/pdbs/1PGA.pdb
P06654,1PGA,A,263,N,P,3.69,N263P,37,/mnt/d/Proga/OpenFold_codex/OpenFold3_project/data/raw/fireprot_upload/pdbs/1PGA.pdb
P06654,1PGA,A,263,N,Q,-0.94,N263Q,37,/mnt/d/Proga/OpenFold_codex/OpenFold3_project/data/raw/fireprot_upload/pdbs/1PGA.pdb
P06654,1PGA,A,263,N,R,-0.42,N263R,37,/mnt/d/Proga/OpenFold_codex/OpenFold3_project/data/raw/fireprot_upload/pdbs/1PGA.pdb
P06654,1PGA,A,263,N,S,-0.22,N263S,37,/mnt/d/Proga/OpenFold_codex/OpenFold3_project/data/raw/fireprot_upload/pdbs/1PGA.pdb
P06654,1PGA,A,263,N,T,-0.08,N263T,37,/mnt/d/Proga/OpenFold_codex/OpenFold3_project/data/raw/fireprot_upload/pdbs/1PGA.pdb
P06654,1PGA,A,263,N,V,-0.48,N263V,37,/mnt/d/Proga/OpenFold_codex/OpenFold3_project/data/raw/fireprot_upload/pdbs/1PGA.pdb
P06654,1PGA,A,263,N,Y,-0.78,N263Y,37,/mnt/d/Proga/OpenFold_codex/OpenFold3_project/data/raw/fireprot_upload/pdbs/1PGA.pdb
P06654,1PGA,A,267,G,A,-0.49,G267A,38,/mnt/d/Proga/OpenFold_codex/OpenFold3_project/data/raw/fireprot_upload/pdbs/1PGA.pdb
P06654,1PGA,A,267,G,C,-1.3,G267C,38,/mnt/d/Proga/OpenFold_codex/OpenFold3_project/data/raw/fireprot_upload/pdbs/1PGA.pdb
P06654,1PGA,A,267,G,D,4.0,G267D,38,/mnt/d/Proga/OpenFold_codex/OpenFold3_project/data/raw/fireprot_upload/pdbs/1PGA.pdb
P06654,1PGA,A,267,G,E,4.0,G267E,38,/mnt/d/Proga/OpenFold_codex/OpenFold3_project/data/raw/fireprot_upload/pdbs/1PGA.pdb
P06654,1PGA,A,267,G,F,2.32,G267F,38,/mnt/d/Proga/OpenFold_codex/OpenFold3_project/data/raw/fireprot_upload/pdbs/1PGA.pdb
P06654,1PGA,A,267,G,H,4.0,G267H,38,/mnt/d/Proga/OpenFold_codex/OpenFold3_project/data/raw/fireprot_upload/pdbs/1PGA.pdb
P06654,1PGA,A,267,G,I,-0.58,G267I,38,/mnt/d/Proga/OpenFold_codex/OpenFold3_project/data/raw/fireprot_upload/pdbs/1PGA.pdb
P06654,1PGA,A,267,G,K,2.41,G267K,38,/mnt/d/Proga/OpenFold_codex/OpenFold3_project/data/raw/fireprot_upload/pdbs/1PGA.pdb
P06654,1PGA,A,267,G,L,4.0,G267L,38,/mnt/d/Proga/OpenFold_codex/OpenFold3_project/data/raw/fireprot_upload/pdbs/1PGA.pdb
P06654,1PGA,A,267,G,M,-0.19,G267M,38,/mnt/d/Proga/OpenFold_codex/OpenFold3_project/data/raw/fireprot_upload/pdbs/1PGA.pdb
P06654,1PGA,A,267,G,N,4.0,G267N,38,/mnt/d/Proga/OpenFold_codex/OpenFold3_project/data/raw/fireprot_upload/pdbs/1PGA.pdb
P06654,1PGA,A,267,G,P,4.0,G267P,38,/mnt/d/Proga/OpenFold_codex/OpenFold3_project/data/raw/fireprot_upload/pdbs/1PGA.pdb
P06654,1PGA,A,267,G,Q,4.0,G267Q,38,/mnt/d/Proga/OpenFold_codex/OpenFold3_project/data/raw/fireprot_upload/pdbs/1PGA.pdb
P06654,1PGA,A,267,G,R,-0.43,G267R,38,/mnt/d/Proga/OpenFold_codex/OpenFold3_project/data/raw/fireprot_upload/pdbs/1PGA.pdb
P06654,1PGA,A,267,G,S,4.0,G267S,38,/mnt/d/Proga/OpenFold_codex/OpenFold3_project/data/raw/fireprot_upload/pdbs/1PGA.pdb
P06654,1PGA,A,267,G,T,4.0,G267T,38,/mnt/d/Proga/OpenFold_codex/OpenFold3_project/data/raw/fireprot_upload/pdbs/1PGA.pdb
P06654,1PGA,A,267,G,V,4.0,G267V,38,/mnt/d/Proga/OpenFold_codex/OpenFold3_project/data/raw/fireprot_upload/pdbs/1PGA.pdb
P06654,1PGA,A,267,G,Y,2.49,G267Y,38,/mnt/d/Proga/OpenFold_codex/OpenFold3_project/data/raw/fireprot_upload/pdbs/1PGA.pdb
P06876,1GV2,A,103,V,A,2.32,V103A,103,/mnt/d/Proga/OpenFold_codex/OpenFold3_project/data/raw/fireprot_upload/pdbs/1GV2.pdb
P06876,1GV2,A,103,V,I,-0.69,V103I,103,/mnt/d/Proga/OpenFold_codex/OpenFold3_project/data/raw/fireprot_upload/pdbs/1GV2.pdb
P06876,1GV2,A,103,V,L,-2.1,V103L,103,/mnt/d/Proga/OpenFold_codex/OpenFold3_project/data/raw/fireprot_upload/pdbs/1GV2.pdb
P07107,2ABD,A,6,F,A,2.575,F6A,5,/mnt/d/Proga/OpenFold_codex/OpenFold3_project/data/raw/fireprot_upload/pdbs/2ABD.pdb
P07107,2ABD,A,9,A,G,1.9,A9G,8,/mnt/d/Proga/OpenFold_codex/OpenFold3_project/data/raw/fireprot_upload/pdbs/2ABD.pdb
P07107,2ABD,A,10,A,G,1.905,A10G,9,/mnt/d/Proga/OpenFold_codex/OpenFold3_project/data/raw/fireprot_upload/pdbs/2ABD.pdb
P07107,2ABD,A,13,V,A,1.596666666666667,V13A,12,/mnt/d/Proga/OpenFold_codex/OpenFold3_project/data/raw/fireprot_upload/pdbs/2ABD.pdb
P07107,2ABD,A,16,L,A,3.323333333333333,L16A,15,/mnt/d/Proga/OpenFold_codex/OpenFold3_project/data/raw/fireprot_upload/pdbs/2ABD.pdb
P07107,2ABD,A,20,P,A,0.9933333333333332,P20A,19,/mnt/d/Proga/OpenFold_codex/OpenFold3_project/data/raw/fireprot_upload/pdbs/2ABD.pdb
P07107,2ABD,A,22,D,A,-0.0066666666666666,D22A,21,/mnt/d/Proga/OpenFold_codex/OpenFold3_project/data/raw/fireprot_upload/pdbs/2ABD.pdb
P07107,2ABD,A,22,D,H,0.56,D22H,21,/mnt/d/Proga/OpenFold_codex/OpenFold3_project/data/raw/fireprot_upload/pdbs/2ABD.pdb
P07107,2ABD,A,26,L,A,1.535,L26A,25,/mnt/d/Proga/OpenFold_codex/OpenFold3_project/data/raw/fireprot_upload/pdbs/2ABD.pdb
P07107,2ABD,A,27,F,A,1.665,F27A,26,/mnt/d/Proga/OpenFold_codex/OpenFold3_project/data/raw/fireprot_upload/pdbs/2ABD.pdb
P07107,2ABD,A,29,Y,A,2.563333333333333,Y29A,28,/mnt/d/Proga/OpenFold_codex/OpenFold3_project/data/raw/fireprot_upload/pdbs/2ABD.pdb
P07107,2ABD,A,29,Y,F,1.1733333333333336,Y29F,28,/mnt/d/Proga/OpenFold_codex/OpenFold3_project/data/raw/fireprot_upload/pdbs/2ABD.pdb
P07107,2ABD,A,29,Y,N,2.3666666666666667,Y29N,28,/mnt/d/Proga/OpenFold_codex/OpenFold3_project/data/raw/fireprot_upload/pdbs/2ABD.pdb
P07107,2ABD,A,32,Y,N,1.3975000000000002,Y32N,31,/mnt/d/Proga/OpenFold_codex/OpenFold3_project/data/raw/fireprot_upload/pdbs/2ABD.pdb
P07107,2ABD,A,33,K,A,1.3099999999999998,K33A,32,/mnt/d/Proga/OpenFold_codex/OpenFold3_project/data/raw/fireprot_upload/pdbs/2ABD.pdb
P07107,2ABD,A,33,K,E,1.5833333333333333,K33E,32,/mnt/d/Proga/OpenFold_codex/OpenFold3_project/data/raw/fireprot_upload/pdbs/2ABD.pdb
P07107,2ABD,A,33,K,R,2.016666666666667,K33R,32,/mnt/d/Proga/OpenFold_codex/OpenFold3_project/data/raw/fireprot_upload/pdbs/2ABD.pdb
P07107,2ABD,A,34,Q,A,3.4225,Q34A,33,/mnt/d/Proga/OpenFold_codex/OpenFold3_project/data/raw/fireprot_upload/pdbs/2ABD.pdb
P07107,2ABD,A,35,A,G,1.3166666666666669,A35G,34,/mnt/d/Proga/OpenFold_codex/OpenFold3_project/data/raw/fireprot_upload/pdbs/2ABD.pdb
P07107,2ABD,A,36,T,A,1.2675,T36A,35,/mnt/d/Proga/OpenFold_codex/OpenFold3_project/data/raw/fireprot_upload/pdbs/2ABD.pdb
P07107,2ABD,A,40,I,A,1.06,I40A,39,/mnt/d/Proga/OpenFold_codex/OpenFold3_project/data/raw/fireprot_upload/pdbs/2ABD.pdb
P07107,2ABD,A,45,P,A,1.3099999999999998,P45A,44,/mnt/d/Proga/OpenFold_codex/OpenFold3_project/data/raw/fireprot_upload/pdbs/2ABD.pdb
P07107,2ABD,A,53,K,M,-0.32,K53M,52,/mnt/d/Proga/OpenFold_codex/OpenFold3_project/data/raw/fireprot_upload/pdbs/2ABD.pdb
P07107,2ABD,A,55,K,A,1.0925,K55A,54,/mnt/d/Proga/OpenFold_codex/OpenFold3_project/data/raw/fireprot_upload/pdbs/2ABD.pdb
P07107,2ABD,A,55,K,M,0.0124999999999999,K55M,54,/mnt/d/Proga/OpenFold_codex/OpenFold3_project/data/raw/fireprot_upload/pdbs/2ABD.pdb
P07107,2ABD,A,68,E,A,0.5866666666666668,E68A,67,/mnt/d/Proga/OpenFold_codex/OpenFold3_project/data/raw/fireprot_upload/pdbs/2ABD.pdb
P07107,2ABD,A,70,A,G,1.925,A70G,69,/mnt/d/Proga/OpenFold_codex/OpenFold3_project/data/raw/fireprot_upload/pdbs/2ABD.pdb
P07107,2ABD,A,74,Y,A,4.68,Y74A,73,/mnt/d/Proga/OpenFold_codex/OpenFold3_project/data/raw/fireprot_upload/pdbs/2ABD.pdb
P07107,2ABD,A,74,Y,F,-0.1333333333333333,Y74F,73,/mnt/d/Proga/OpenFold_codex/OpenFold3_project/data/raw/fireprot_upload/pdbs/2ABD.pdb
P07107,2ABD,A,75,I,A,1.52,I75A,74,/mnt/d/Proga/OpenFold_codex/OpenFold3_project/data/raw/fireprot_upload/pdbs/2ABD.pdb
P07107,2ABD,A,78,V,A,1.3949999999999998,V78A,77,/mnt/d/Proga/OpenFold_codex/OpenFold3_project/data/raw/fireprot_upload/pdbs/2ABD.pdb
P07107,2ABD,A,81,L,A,4.1425,L81A,80,/mnt/d/Proga/OpenFold_codex/OpenFold3_project/data/raw/fireprot_upload/pdbs/2ABD.pdb
P07170,1AKY,A,10,V,I,1.1949999999999998,V10I,8,/mnt/d/Proga/OpenFold_codex/OpenFold3_project/data/raw/fireprot_upload/pdbs/1AKY.pdb
P07170,1AKY,A,50,Q,E,1.0,Q50E,48,/mnt/d/Proga/OpenFold_codex/OpenFold3_project/data/raw/fireprot_upload/pdbs/1AKY.pdb
P07170,1AKY,A,79,T,H,2.125,T79H,77,/mnt/d/Proga/OpenFold_codex/OpenFold3_project/data/raw/fireprot_upload/pdbs/1AKY.pdb
P07170,1AKY,A,112,T,H,2.6,T112H,110,/mnt/d/Proga/OpenFold_codex/OpenFold3_project/data/raw/fireprot_upload/pdbs/1AKY.pdb
P07170,1AKY,A,171,N,D,2.125,N171D,169,/mnt/d/Proga/OpenFold_codex/OpenFold3_project/data/raw/fireprot_upload/pdbs/1AKY.pdb
P07170,1AKY,A,215,I,F,1.905,I215F,213,/mnt/d/Proga/OpenFold_codex/OpenFold3_project/data/raw/fireprot_upload/pdbs/1AKY.pdb
P08877,2HPR,A,46,S,D,-0.72,S46D,46,/mnt/d/Proga/OpenFold_codex/OpenFold3_project/data/raw/fireprot_upload/pdbs/2HPR.pdb
P08877,2HPR,A,49,G,A,-0.8500000000000001,G49A,49,/mnt/d/Proga/OpenFold_codex/OpenFold3_project/data/raw/fireprot_upload/pdbs/2HPR.pdb
P08877,2HPR,A,49,G,E,-1.2999999999999998,G49E,49,/mnt/d/Proga/OpenFold_codex/OpenFold3_project/data/raw/fireprot_upload/pdbs/2HPR.pdb
P08877,2HPR,A,49,G,K,0.9,G49K,49,/mnt/d/Proga/OpenFold_codex/OpenFold3_project/data/raw/fireprot_upload/pdbs/2HPR.pdb
P09012,1OIA,A,13,Y,F,0.7,Y13F,13,/mnt/d/Proga/OpenFold_codex/OpenFold3_project/data/raw/fireprot_upload/pdbs/1OIA.pdb
P09012,1OIA,A,13,Y,T,1.3,Y13T,13,/mnt/d/Proga/OpenFold_codex/OpenFold3_project/data/raw/fireprot_upload/pdbs/1OIA.pdb
P09012,1OIA,A,31,Y,F,0.0,Y31F,31,/mnt/d/Proga/OpenFold_codex/OpenFold3_project/data/raw/fireprot_upload/pdbs/1OIA.pdb
P09012,1OIA,A,31,Y,S,2.3,Y31S,31,/mnt/d/Proga/OpenFold_codex/OpenFold3_project/data/raw/fireprot_upload/pdbs/1OIA.pdb
P09012,1OIA,A,78,Y,D,5.1,Y78D,78,/mnt/d/Proga/OpenFold_codex/OpenFold3_project/data/raw/fireprot_upload/pdbs/1OIA.pdb
P09012,1OIA,A,78,Y,F,0.0,Y78F,78,/mnt/d/Proga/OpenFold_codex/OpenFold3_project/data/raw/fireprot_upload/pdbs/1OIA.pdb
P09012,1OIA,A,86,Y,F,2.6,Y86F,86,/mnt/d/Proga/OpenFold_codex/OpenFold3_project/data/raw/fireprot_upload/pdbs/1OIA.pdb
P09012,1OIA,A,86,Y,T,2.9,Y86T,86,/mnt/d/Proga/OpenFold_codex/OpenFold3_project/data/raw/fireprot_upload/pdbs/1OIA.pdb
P09850,1BCX,A,126,V,C,-1.3,V126C,98,/mnt/d/Proga/OpenFold_codex/OpenFold3_project/data/raw/fireprot_upload/pdbs/1BCX.pdb
P09850,1BCX,A,128,S,C,-3.0,S128C,100,/mnt/d/Proga/OpenFold_codex/OpenFold3_project/data/raw/fireprot_upload/pdbs/1BCX.pdb
P0A2D5,2CHF,A,10,V,T,4.0,V10T,10,/mnt/d/Proga/OpenFold_codex/OpenFold3_project/data/raw/fireprot_upload/pdbs/2CHF.pdb
P0A2D5,2CHF,A,11,V,T,3.2,V11T,11,/mnt/d/Proga/OpenFold_codex/OpenFold3_project/data/raw/fireprot_upload/pdbs/2CHF.pdb
P0A2D5,2CHF,A,12,D,A,-2.5,D12A,12,/mnt/d/Proga/OpenFold_codex/OpenFold3_project/data/raw/fireprot_upload/pdbs/2CHF.pdb
P0A2D5,2CHF,A,13,D,A,-2.7,D13A,13,/mnt/d/Proga/OpenFold_codex/OpenFold3_project/data/raw/fireprot_upload/pdbs/2CHF.pdb
P0A2D5,2CHF,A,14,F,A,-0.8,F14A,14,/mnt/d/Proga/OpenFold_codex/OpenFold3_project/data/raw/fireprot_upload/pdbs/2CHF.pdb
P0A2D5,2CHF,A,21,V,T,0.2,V21T,21,/mnt/d/Proga/OpenFold_codex/OpenFold3_project/data/raw/fireprot_upload/pdbs/2CHF.pdb
P0A2D5,2CHF,A,23,N,G,0.0,N23G,23,/mnt/d/Proga/OpenFold_codex/OpenFold3_project/data/raw/fireprot_upload/pdbs/2CHF.pdb
P0A2D5,2CHF,A,33,V,T,1.5,V33T,33,/mnt/d/Proga/OpenFold_codex/OpenFold3_project/data/raw/fireprot_upload/pdbs/2CHF.pdb
P0A2D5,2CHF,A,36,A,G,3.1,A36G,36,/mnt/d/Proga/OpenFold_codex/OpenFold3_project/data/raw/fireprot_upload/pdbs/2CHF.pdb
P0A2D5,2CHF,A,38,D,A,1.9,D38A,38,/mnt/d/Proga/OpenFold_codex/OpenFold3_project/data/raw/fireprot_upload/pdbs/2CHF.pdb
P0A2D5,2CHF,A,38,D,G,1.0,D38G,38,/mnt/d/Proga/OpenFold_codex/OpenFold3_project/data/raw/fireprot_upload/pdbs/2CHF.pdb
P0A2D5,2CHF,A,40,V,T,0.8,V40T,40,/mnt/d/Proga/OpenFold_codex/OpenFold3_project/data/raw/fireprot_upload/pdbs/2CHF.pdb
P0A2D5,2CHF,A,42,A,G,2.3,A42G,42,/mnt/d/Proga/OpenFold_codex/OpenFold3_project/data/raw/fireprot_upload/pdbs/2CHF.pdb
P0A2D5,2CHF,A,55,I,V,1.5,I55V,55,/mnt/d/Proga/OpenFold_codex/OpenFold3_project/data/raw/fireprot_upload/pdbs/2CHF.pdb
P0A2D5,2CHF,A,57,D,A,-3.4,D57A,57,/mnt/d/Proga/OpenFold_codex/OpenFold3_project/data/raw/fireprot_upload/pdbs/2CHF.pdb
P0A2D5,2CHF,A,61,P,G,0.6,P61G,61,/mnt/d/Proga/OpenFold_codex/OpenFold3_project/data/raw/fireprot_upload/pdbs/2CHF.pdb
P0A2D5,2CHF,A,64,D,A,1.0,D64A,64,/mnt/d/Proga/OpenFold_codex/OpenFold3_project/data/raw/fireprot_upload/pdbs/2CHF.pdb
P0A2D5,2CHF,A,72,I,V,1.5,I72V,72,/mnt/d/Proga/OpenFold_codex/OpenFold3_project/data/raw/fireprot_upload/pdbs/2CHF.pdb
P0A2D5,2CHF,A,74,A,G,0.3,A74G,74,/mnt/d/Proga/OpenFold_codex/OpenFold3_project/data/raw/fireprot_upload/pdbs/2CHF.pdb
P0A2D5,2CHF,A,83,V,T,3.5,V83T,83,/mnt/d/Proga/OpenFold_codex/OpenFold3_project/data/raw/fireprot_upload/pdbs/2CHF.pdb
P0A2D5,2CHF,A,97,A,G,1.4,A97G,97,/mnt/d/Proga/OpenFold_codex/OpenFold3_project/data/raw/fireprot_upload/pdbs/2CHF.pdb
P0A2D5,2CHF,A,98,A,G,1.3,A98G,98,/mnt/d/Proga/OpenFold_codex/OpenFold3_project/data/raw/fireprot_upload/pdbs/2CHF.pdb
P0A2D5,2CHF,A,99,A,G,0.5,A99G,99,/mnt/d/Proga/OpenFold_codex/OpenFold3_project/data/raw/fireprot_upload/pdbs/2CHF.pdb
P0A2D5,2CHF,A,101,A,G,1.0,A101G,101,/mnt/d/Proga/OpenFold_codex/OpenFold3_project/data/raw/fireprot_upload/pdbs/2CHF.pdb
P0A2D5,2CHF,A,103,A,G,1.7,A103G,103,/mnt/d/Proga/OpenFold_codex/OpenFold3_project/data/raw/fireprot_upload/pdbs/2CHF.pdb
P0A2D5,2CHF,A,108,V,T,1.0,V108T,108,/mnt/d/Proga/OpenFold_codex/OpenFold3_project/data/raw/fireprot_upload/pdbs/2CHF.pdb
P0A2D5,2CHF,A,112,T,A,1.5,T112A,112,/mnt/d/Proga/OpenFold_codex/OpenFold3_project/data/raw/fireprot_upload/pdbs/2CHF.pdb
P0A2D5,2CHF,A,112,T,G,1.0,T112G,112,/mnt/d/Proga/OpenFold_codex/OpenFold3_project/data/raw/fireprot_upload/pdbs/2CHF.pdb
P0A2D5,2CHF,A,113,A,G,1.3,A113G,113,/mnt/d/Proga/OpenFold_codex/OpenFold3_project/data/raw/fireprot_upload/pdbs/2CHF.pdb
P0A2D5,2CHF,A,114,A,G,0.8,A114G,114,/mnt/d/Proga/OpenFold_codex/OpenFold3_project/data/raw/fireprot_upload/pdbs/2CHF.pdb
P0A2D5,2CHF,A,123,I,V,0.8,I123V,123,/mnt/d/Proga/OpenFold_codex/OpenFold3_project/data/raw/fireprot_upload/pdbs/2CHF.pdb
P0A3C7,1FXA,A,43,R,A,2.4,R43A,42,/mnt/d/Proga/OpenFold_codex/OpenFold3_project/data/raw/fireprot_upload/pdbs/1FXA.pdb
P0A3C7,1FXA,A,43,R,H,1.4,R43H,42,/mnt/d/Proga/OpenFold_codex/OpenFold3_project/data/raw/fireprot_upload/pdbs/1FXA.pdb
P0A3C7,1FXA,A,49,T,A,-0.1,T49A,48,/mnt/d/Proga/OpenFold_codex/OpenFold3_project/data/raw/fireprot_upload/pdbs/1FXA.pdb
P0A3C7,1FXA,A,66,F,A,1.0,F66A,65,/mnt/d/Proga/OpenFold_codex/OpenFold3_project/data/raw/fireprot_upload/pdbs/1FXA.pdb
P0A3C7,1FXA,A,66,F,I,0.9,F66I,65,/mnt/d/Proga/OpenFold_codex/OpenFold3_project/data/raw/fireprot_upload/pdbs/1FXA.pdb
P0A3C7,1FXA,A,66,F,W,0.6,F66W,65,/mnt/d/Proga/OpenFold_codex/OpenFold3_project/data/raw/fireprot_upload/pdbs/1FXA.pdb
P0A3C7,1FXA,A,66,F,Y,0.5,F66Y,65,/mnt/d/Proga/OpenFold_codex/OpenFold3_project/data/raw/fireprot_upload/pdbs/1FXA.pdb
P0A3C7,1FXA,A,95,E,D,1.1,E95D,94,/mnt/d/Proga/OpenFold_codex/OpenFold3_project/data/raw/fireprot_upload/pdbs/1FXA.pdb
P0A3C7,1FXA,A,95,E,K,-0.3,E95K,94,/mnt/d/Proga/OpenFold_codex/OpenFold3_project/data/raw/fireprot_upload/pdbs/1FXA.pdb
P0A3C7,1FXA,A,95,E,Q,-0.6,E95Q,94,/mnt/d/Proga/OpenFold_codex/OpenFold3_project/data/raw/fireprot_upload/pdbs/1FXA.pdb
P0A3E0,1FTG,A,7,L,A,2.596666666666667,L7A,6,/mnt/d/Proga/OpenFold_codex/OpenFold3_project/data/raw/fireprot_upload/pdbs/1FTG.pdb
P0A3E0,1FTG,A,8,F,L,0.1,F8L,7,/mnt/d/Proga/OpenFold_codex/OpenFold3_project/data/raw/fireprot_upload/pdbs/1FTG.pdb
P0A3E0,1FTG,A,19,V,I,-0.4614285714285714,V19I,18,/mnt/d/Proga/OpenFold_codex/OpenFold3_project/data/raw/fireprot_upload/pdbs/1FTG.pdb
P0A3E0,1FTG,A,19,V,L,-0.2575,V19L,18,/mnt/d/Proga/OpenFold_codex/OpenFold3_project/data/raw/fireprot_upload/pdbs/1FTG.pdb
P0A3E0,1FTG,A,21,E,K,0.2689999999999999,E21K,20,/mnt/d/Proga/OpenFold_codex/OpenFold3_project/data/raw/fireprot_upload/pdbs/1FTG.pdb
P0A3E0,1FTG,A,22,I,A,0.86,I22A,21,/mnt/d/Proga/OpenFold_codex/OpenFold3_project/data/raw/fireprot_upload/pdbs/1FTG.pdb
P0A3E0,1FTG,A,22,I,G,-0.09,I22G,21,/mnt/d/Proga/OpenFold_codex/OpenFold3_project/data/raw/fireprot_upload/pdbs/1FTG.pdb
P0A3E0,1FTG,A,22,I,V,1.5499999999999998,I22V,21,/mnt/d/Proga/OpenFold_codex/OpenFold3_project/data/raw/fireprot_upload/pdbs/1FTG.pdb
P0A3E0,1FTG,A,23,I,A,0.7333333333333334,I23A,22,/mnt/d/Proga/OpenFold_codex/OpenFold3_project/data/raw/fireprot_upload/pdbs/1FTG.pdb
P0A3E0,1FTG,A,23,I,G,0.35,I23G,22,/mnt/d/Proga/OpenFold_codex/OpenFold3_project/data/raw/fireprot_upload/pdbs/1FTG.pdb
P0A3E0,1FTG,A,23,I,V,1.94,I23V,22,/mnt/d/Proga/OpenFold_codex/OpenFold3_project/data/raw/fireprot_upload/pdbs/1FTG.pdb
P0A3E0,1FTG,A,31,V,A,1.7999999999999998,V31A,30,/mnt/d/Proga/OpenFold_codex/OpenFold3_project/data/raw/fireprot_upload/pdbs/1FTG.pdb
P0A3E0,1FTG,A,32,V,A,1.28,V32A,31,/mnt/d/Proga/OpenFold_codex/OpenFold3_project/data/raw/fireprot_upload/pdbs/1FTG.pdb
P0A3E0,1FTG,A,35,H,A,1.3,H35A,34,/mnt/d/Proga/OpenFold_codex/OpenFold3_project/data/raw/fireprot_upload/pdbs/1FTG.pdb
P0A3E0,1FTG,A,41,E,K,0.4745454545454546,E41K,40,/mnt/d/Proga/OpenFold_codex/OpenFold3_project/data/raw/fireprot_upload/pdbs/1FTG.pdb
P0A3E0,1FTG,A,44,D,A,-0.0333333333333333,D44A,43,/mnt/d/Proga/OpenFold_codex/OpenFold3_project/data/raw/fireprot_upload/pdbs/1FTG.pdb
P0A3E0,1FTG,A,48,Y,F,0.8,Y48F,47,/mnt/d/Proga/OpenFold_codex/OpenFold3_project/data/raw/fireprot_upload/pdbs/1FTG.pdb
P0A3E0,1FTG,A,51,L,A,-0.9566666666666666,L51A,50,/mnt/d/Proga/OpenFold_codex/OpenFold3_project/data/raw/fireprot_upload/pdbs/1FTG.pdb
P0A3E0,1FTG,A,52,I,V,1.146,I52V,51,/mnt/d/Proga/OpenFold_codex/OpenFold3_project/data/raw/fireprot_upload/pdbs/1FTG.pdb
P0A3E0,1FTG,A,53,I,V,1.132,I53V,52,/mnt/d/Proga/OpenFold_codex/OpenFold3_project/data/raw/fireprot_upload/pdbs/1FTG.pdb
P0A3E0,1FTG,A,62,E,K,-0.06,E62K,61,/mnt/d/Proga/OpenFold_codex/OpenFold3_project/data/raw/fireprot_upload/pdbs/1FTG.pdb
P0A3E0,1FTG,A,66,D,K,0.0159999999999999,D66K,65,/mnt/d/Proga/OpenFold_codex/OpenFold3_project/data/raw/fireprot_upload/pdbs/1FTG.pdb
P0A3E0,1FTG,A,69,G,A,-0.4766666666666667,G69A,68,/mnt/d/Proga/OpenFold_codex/OpenFold3_project/data/raw/fireprot_upload/pdbs/1FTG.pdb
P0A3E0,1FTG,A,72,S,A,-0.014,S72A,71,/mnt/d/Proga/OpenFold_codex/OpenFold3_project/data/raw/fireprot_upload/pdbs/1FTG.pdb
P0A3E0,1FTG,A,73,E,K,0.3954545454545455,E73K,72,/mnt/d/Proga/OpenFold_codex/OpenFold3_project/data/raw/fireprot_upload/pdbs/1FTG.pdb
P0A3E0,1FTG,A,75,D,K,0.55,D75K,74,/mnt/d/Proga/OpenFold_codex/OpenFold3_project/data/raw/fireprot_upload/pdbs/1FTG.pdb
P0A3E0,1FTG,A,76,D,K,0.0416666666666666,D76K,75,/mnt/d/Proga/OpenFold_codex/OpenFold3_project/data/raw/fireprot_upload/pdbs/1FTG.pdb
P0A3E0,1FTG,A,84,V,I,-0.052,V84I,83,/mnt/d/Proga/OpenFold_codex/OpenFold3_project/data/raw/fireprot_upload/pdbs/1FTG.pdb
P0A3E0,1FTG,A,85,A,G,1.5179999999999998,A85G,84,/mnt/d/Proga/OpenFold_codex/OpenFold3_project/data/raw/fireprot_upload/pdbs/1FTG.pdb
P0A3E0,1FTG,A,88,G,A,0.11,G88A,87,/mnt/d/Proga/OpenFold_codex/OpenFold3_project/data/raw/fireprot_upload/pdbs/1FTG.pdb
P0A3E0,1FTG,A,88,G,L,0.4166666666666667,G88L,87,/mnt/d/Proga/OpenFold_codex/OpenFold3_project/data/raw/fireprot_upload/pdbs/1FTG.pdb
P0A3E0,1FTG,A,88,G,V,0.0033333333333333,G88V,87,/mnt/d/Proga/OpenFold_codex/OpenFold3_project/data/raw/fireprot_upload/pdbs/1FTG.pdb
P0A3E0,1FTG,A,98,N,A,0.515,N98A,97,/mnt/d/Proga/OpenFold_codex/OpenFold3_project/data/raw/fireprot_upload/pdbs/1FTG.pdb
P0A3E0,1FTG,A,100,Q,A,-0.89,Q100A,99,/mnt/d/Proga/OpenFold_codex/OpenFold3_project/data/raw/fireprot_upload/pdbs/1FTG.pdb
P0A3E0,1FTG,A,102,A,L,0.0833333333333333,A102L,101,/mnt/d/Proga/OpenFold_codex/OpenFold3_project/data/raw/fireprot_upload/pdbs/1FTG.pdb
P0A3E0,1FTG,A,102,A,V,0.0259999999999999,A102V,101,/mnt/d/Proga/OpenFold_codex/OpenFold3_project/data/raw/fireprot_upload/pdbs/1FTG.pdb
P0A3E0,1FTG,A,103,I,V,0.7,I103V,102,/mnt/d/Proga/OpenFold_codex/OpenFold3_project/data/raw/fireprot_upload/pdbs/1FTG.pdb
P0A3E0,1FTG,A,105,I,V,0.44,I105V,104,/mnt/d/Proga/OpenFold_codex/OpenFold3_project/data/raw/fireprot_upload/pdbs/1FTG.pdb
P0A3E0,1FTG,A,107,E,A,-0.6,E107A,106,/mnt/d/Proga/OpenFold_codex/OpenFold3_project/data/raw/fireprot_upload/pdbs/1FTG.pdb
P0A3E0,1FTG,A,108,E,A,-0.19,E108A,107,/mnt/d/Proga/OpenFold_codex/OpenFold3_project/data/raw/fireprot_upload/pdbs/1FTG.pdb
P0A3E0,1FTG,A,111,S,A,0.6083333333333334,S111A,110,/mnt/d/Proga/OpenFold_codex/OpenFold3_project/data/raw/fireprot_upload/pdbs/1FTG.pdb
P0A3E0,1FTG,A,112,Q,G,-0.2066666666666666,Q112G,111,/mnt/d/Proga/OpenFold_codex/OpenFold3_project/data/raw/fireprot_upload/pdbs/1FTG.pdb
P0A3E0,1FTG,A,118,V,A,1.644,V118A,117,/mnt/d/Proga/OpenFold_codex/OpenFold3_project/data/raw/fireprot_upload/pdbs/1FTG.pdb
P0A3E0,1FTG,A,123,T,S,-0.0816666666666666,T123S,122,/mnt/d/Proga/OpenFold_codex/OpenFold3_project/data/raw/fireprot_upload/pdbs/1FTG.pdb
P0A3E0,1FTG,A,127,D,K,0.1522222222222222,D127K,126,/mnt/d/Proga/OpenFold_codex/OpenFold3_project/data/raw/fireprot_upload/pdbs/1FTG.pdb
P0A3E0,1FTG,A,140,V,A,0.9333333333333336,V140A,139,/mnt/d/Proga/OpenFold_codex/OpenFold3_project/data/raw/fireprot_upload/pdbs/1FTG.pdb
P0A3E0,1FTG,A,142,L,A,0.1,L142A,141,/mnt/d/Proga/OpenFold_codex/OpenFold3_project/data/raw/fireprot_upload/pdbs/1FTG.pdb
P0A3E0,1FTG,A,144,L,A,0.15,L144A,143,/mnt/d/Proga/OpenFold_codex/OpenFold3_project/data/raw/fireprot_upload/pdbs/1FTG.pdb
P0A3E0,1FTG,A,151,D,K,-0.0971428571428571,D151K,150,/mnt/d/Proga/OpenFold_codex/OpenFold3_project/data/raw/fireprot_upload/pdbs/1FTG.pdb
P0A3E0,1FTG,A,157,I,V,2.418,I157V,156,/mnt/d/Proga/OpenFold_codex/OpenFold3_project/data/raw/fireprot_upload/pdbs/1FTG.pdb
P0A3E0,1FTG,A,161,V,A,1.658,V161A,160,/mnt/d/Proga/OpenFold_codex/OpenFold3_project/data/raw/fireprot_upload/pdbs/1FTG.pdb
P0A7Y4,2RN2,A,10,D,A,-3.033333333333333,D10A,10,/mnt/d/Proga/OpenFold_codex/OpenFold3_project/data/raw/fireprot_upload/pdbs/2RN2.pdb
P0A7Y4,2RN2,A,10,D,E,-0.75,D10E,10,/mnt/d/Proga/OpenFold_codex/OpenFold3_project/data/raw/fireprot_upload/pdbs/2RN2.pdb
P0A7Y4,2RN2,A,10,D,H,-1.6,D10H,10,/mnt/d/Proga/OpenFold_codex/OpenFold3_project/data/raw/fireprot_upload/pdbs/2RN2.pdb
P0A7Y4,2RN2,A,10,D,N,1.0,D10N,10,/mnt/d/Proga/OpenFold_codex/OpenFold3_project/data/raw/fireprot_upload/pdbs/2RN2.pdb
P0A7Y4,2RN2,A,10,D,S,-1.9,D10S,10,/mnt/d/Proga/OpenFold_codex/OpenFold3_project/data/raw/fireprot_upload/pdbs/2RN2.pdb
P0A7Y4,2RN2,A,23,G,A,-0.75,G23A,23,/mnt/d/Proga/OpenFold_codex/OpenFold3_project/data/raw/fireprot_upload/pdbs/2RN2.pdb
P0A7Y4,2RN2,A,24,A,V,-0.88,A24V,24,/mnt/d/Proga/OpenFold_codex/OpenFold3_project/data/raw/fireprot_upload/pdbs/2RN2.pdb
P0A7Y4,2RN2,A,27,R,A,2.2,R27A,27,/mnt/d/Proga/OpenFold_codex/OpenFold3_project/data/raw/fireprot_upload/pdbs/2RN2.pdb
P0A7Y4,2RN2,A,28,Y,F,0.7,Y28F,28,/mnt/d/Proga/OpenFold_codex/OpenFold3_project/data/raw/fireprot_upload/pdbs/2RN2.pdb
P0A7Y4,2RN2,A,41,R,C,-0.44,R41C,41,/mnt/d/Proga/OpenFold_codex/OpenFold3_project/data/raw/fireprot_upload/pdbs/2RN2.pdb
P0A7Y4,2RN2,A,48,E,A,0.2,E48A,48,/mnt/d/Proga/OpenFold_codex/OpenFold3_project/data/raw/fireprot_upload/pdbs/2RN2.pdb
P0A7Y4,2RN2,A,48,E,D,0.1,E48D,48,/mnt/d/Proga/OpenFold_codex/OpenFold3_project/data/raw/fireprot_upload/pdbs/2RN2.pdb
P0A7Y4,2RN2,A,48,E,Q,-0.0499999999999999,E48Q,48,/mnt/d/Proga/OpenFold_codex/OpenFold3_project/data/raw/fireprot_upload/pdbs/2RN2.pdb
P0A7Y4,2RN2,A,52,A,C,-0.8,A52C,52,/mnt/d/Proga/OpenFold_codex/OpenFold3_project/data/raw/fireprot_upload/pdbs/2RN2.pdb
P0A7Y4,2RN2,A,52,A,D,1.9,A52D,52,/mnt/d/Proga/OpenFold_codex/OpenFold3_project/data/raw/fireprot_upload/pdbs/2RN2.pdb
P0A7Y4,2RN2,A,52,A,E,1.5,A52E,52,/mnt/d/Proga/OpenFold_codex/OpenFold3_project/data/raw/fireprot_upload/pdbs/2RN2.pdb
P0A7Y4,2RN2,A,52,A,F,-0.5,A52F,52,/mnt/d/Proga/OpenFold_codex/OpenFold3_project/data/raw/fireprot_upload/pdbs/2RN2.pdb
P0A7Y4,2RN2,A,52,A,G,2.7,A52G,52,/mnt/d/Proga/OpenFold_codex/OpenFold3_project/data/raw/fireprot_upload/pdbs/2RN2.pdb
P0A7Y4,2RN2,A,52,A,H,3.6,A52H,52,/mnt/d/Proga/OpenFold_codex/OpenFold3_project/data/raw/fireprot_upload/pdbs/2RN2.pdb
P0A7Y4,2RN2,A,52,A,I,-1.9,A52I,52,/mnt/d/Proga/OpenFold_codex/OpenFold3_project/data/raw/fireprot_upload/pdbs/2RN2.pdb
P0A7Y4,2RN2,A,52,A,K,5.9,A52K,52,/mnt/d/Proga/OpenFold_codex/OpenFold3_project/data/raw/fireprot_upload/pdbs/2RN2.pdb
P0A7Y4,2RN2,A,52,A,L,-1.3,A52L,52,/mnt/d/Proga/OpenFold_codex/OpenFold3_project/data/raw/fireprot_upload/pdbs/2RN2.pdb
P0A7Y4,2RN2,A,52,A,M,-0.5,A52M,52,/mnt/d/Proga/OpenFold_codex/OpenFold3_project/data/raw/fireprot_upload/pdbs/2RN2.pdb
P0A7Y4,2RN2,A,52,A,N,1.8,A52N,52,/mnt/d/Proga/OpenFold_codex/OpenFold3_project/data/raw/fireprot_upload/pdbs/2RN2.pdb
P0A7Y4,2RN2,A,52,A,P,1.6,A52P,52,/mnt/d/Proga/OpenFold_codex/OpenFold3_project/data/raw/fireprot_upload/pdbs/2RN2.pdb
P0A7Y4,2RN2,A,52,A,Q,1.2,A52Q,52,/mnt/d/Proga/OpenFold_codex/OpenFold3_project/data/raw/fireprot_upload/pdbs/2RN2.pdb
P0A7Y4,2RN2,A,52,A,S,1.8,A52S,52,/mnt/d/Proga/OpenFold_codex/OpenFold3_project/data/raw/fireprot_upload/pdbs/2RN2.pdb
P0A7Y4,2RN2,A,52,A,T,0.8,A52T,52,/mnt/d/Proga/OpenFold_codex/OpenFold3_project/data/raw/fireprot_upload/pdbs/2RN2.pdb
P0A7Y4,2RN2,A,52,A,V,-1.7,A52V,52,/mnt/d/Proga/OpenFold_codex/OpenFold3_project/data/raw/fireprot_upload/pdbs/2RN2.pdb
P0A7Y4,2RN2,A,52,A,Y,2.3,A52Y,52,/mnt/d/Proga/OpenFold_codex/OpenFold3_project/data/raw/fireprot_upload/pdbs/2RN2.pdb
P0A7Y4,2RN2,A,53,I,A,2.1,I53A,53,/mnt/d/Proga/OpenFold_codex/OpenFold3_project/data/raw/fireprot_upload/pdbs/2RN2.pdb
P0A7Y4,2RN2,A,53,I,D,3.1,I53D,53,/mnt/d/Proga/OpenFold_codex/OpenFold3_project/data/raw/fireprot_upload/pdbs/2RN2.pdb
P0A7Y4,2RN2,A,53,I,F,3.9,I53F,53,/mnt/d/Proga/OpenFold_codex/OpenFold3_project/data/raw/fireprot_upload/pdbs/2RN2.pdb
P0A7Y4,2RN2,A,53,I,L,1.4,I53L,53,/mnt/d/Proga/OpenFold_codex/OpenFold3_project/data/raw/fireprot_upload/pdbs/2RN2.pdb
P0A7Y4,2RN2,A,53,I,V,0.2,I53V,53,/mnt/d/Proga/OpenFold_codex/OpenFold3_project/data/raw/fireprot_upload/pdbs/2RN2.pdb
P0A7Y4,2RN2,A,62,H,A,-0.58,H62A,62,/mnt/d/Proga/OpenFold_codex/OpenFold3_project/data/raw/fireprot_upload/pdbs/2RN2.pdb
P0A7Y4,2RN2,A,62,H,D,0.17,H62D,62,/mnt/d/Proga/OpenFold_codex/OpenFold3_project/data/raw/fireprot_upload/pdbs/2RN2.pdb
P0A7Y4,2RN2,A,62,H,P,-1.346666666666667,H62P,62,/mnt/d/Proga/OpenFold_codex/OpenFold3_project/data/raw/fireprot_upload/pdbs/2RN2.pdb
P0A7Y4,2RN2,A,62,H,R,-0.36,H62R,62,/mnt/d/Proga/OpenFold_codex/OpenFold3_project/data/raw/fireprot_upload/pdbs/2RN2.pdb
P0A7Y4,2RN2,A,68,S,A,-0.19,S68A,68,/mnt/d/Proga/OpenFold_codex/OpenFold3_project/data/raw/fireprot_upload/pdbs/2RN2.pdb
P0A7Y4,2RN2,A,68,S,G,2.2,S68G,68,/mnt/d/Proga/OpenFold_codex/OpenFold3_project/data/raw/fireprot_upload/pdbs/2RN2.pdb
P0A7Y4,2RN2,A,68,S,L,1.0,S68L,68,/mnt/d/Proga/OpenFold_codex/OpenFold3_project/data/raw/fireprot_upload/pdbs/2RN2.pdb
P0A7Y4,2RN2,A,68,S,T,-0.1,S68T,68,/mnt/d/Proga/OpenFold_codex/OpenFold3_project/data/raw/fireprot_upload/pdbs/2RN2.pdb
P0A7Y4,2RN2,A,68,S,V,-1.29,S68V,68,/mnt/d/Proga/OpenFold_codex/OpenFold3_project/data/raw/fireprot_upload/pdbs/2RN2.pdb
P0A7Y4,2RN2,A,70,D,A,0.7,D70A,70,/mnt/d/Proga/OpenFold_codex/OpenFold3_project/data/raw/fireprot_upload/pdbs/2RN2.pdb
P0A7Y4,2RN2,A,70,D,E,-0.2,D70E,70,/mnt/d/Proga/OpenFold_codex/OpenFold3_project/data/raw/fireprot_upload/pdbs/2RN2.pdb
P0A7Y4,2RN2,A,70,D,N,0.9,D70N,70,/mnt/d/Proga/OpenFold_codex/OpenFold3_project/data/raw/fireprot_upload/pdbs/2RN2.pdb
P0A7Y4,2RN2,A,74,V,A,3.4,V74A,74,/mnt/d/Proga/OpenFold_codex/OpenFold3_project/data/raw/fireprot_upload/pdbs/2RN2.pdb
P0A7Y4,2RN2,A,74,V,I,-0.6,V74I,74,/mnt/d/Proga/OpenFold_codex/OpenFold3_project/data/raw/fireprot_upload/pdbs/2RN2.pdb
P0A7Y4,2RN2,A,74,V,L,-0.9,V74L,74,/mnt/d/Proga/OpenFold_codex/OpenFold3_project/data/raw/fireprot_upload/pdbs/2RN2.pdb
P0A7Y4,2RN2,A,76,Q,L,-0.24,Q76L,76,/mnt/d/Proga/OpenFold_codex/OpenFold3_project/data/raw/fireprot_upload/pdbs/2RN2.pdb
P0A7Y4,2RN2,A,77,G,A,0.9,G77A,77,/mnt/d/Proga/OpenFold_codex/OpenFold3_project/data/raw/fireprot_upload/pdbs/2RN2.pdb
P0A7Y4,2RN2,A,80,Q,L,-0.3,Q80L,80,/mnt/d/Proga/OpenFold_codex/OpenFold3_project/data/raw/fireprot_upload/pdbs/2RN2.pdb
P0A7Y4,2RN2,A,83,H,A,0.09,H83A,83,/mnt/d/Proga/OpenFold_codex/OpenFold3_project/data/raw/fireprot_upload/pdbs/2RN2.pdb
P0A7Y4,2RN2,A,91,K,R,0.0,K91R,91,/mnt/d/Proga/OpenFold_codex/OpenFold3_project/data/raw/fireprot_upload/pdbs/2RN2.pdb
P0A7Y4,2RN2,A,94,D,E,0.4,D94E,94,/mnt/d/Proga/OpenFold_codex/OpenFold3_project/data/raw/fireprot_upload/pdbs/2RN2.pdb
P0A7Y4,2RN2,A,94,D,R,-1.1,D94R,94,/mnt/d/Proga/OpenFold_codex/OpenFold3_project/data/raw/fireprot_upload/pdbs/2RN2.pdb
P0A7Y4,2RN2,A,95,K,A,-0.1,K95A,95,/mnt/d/Proga/OpenFold_codex/OpenFold3_project/data/raw/fireprot_upload/pdbs/2RN2.pdb
P0A7Y4,2RN2,A,95,K,G,-1.6,K95G,95,/mnt/d/Proga/OpenFold_codex/OpenFold3_project/data/raw/fireprot_upload/pdbs/2RN2.pdb
P0A7Y4,2RN2,A,95,K,N,-0.89,K95N,95,/mnt/d/Proga/OpenFold_codex/OpenFold3_project/data/raw/fireprot_upload/pdbs/2RN2.pdb
P0A7Y4,2RN2,A,105,Q,G,2.2,Q105G,105,/mnt/d/Proga/OpenFold_codex/OpenFold3_project/data/raw/fireprot_upload/pdbs/2RN2.pdb
P0A7Y4,2RN2,A,113,Q,P,0.6,Q113P,113,/mnt/d/Proga/OpenFold_codex/OpenFold3_project/data/raw/fireprot_upload/pdbs/2RN2.pdb
P0A7Y4,2RN2,A,114,H,A,2.265,H114A,114,/mnt/d/Proga/OpenFold_codex/OpenFold3_project/data/raw/fireprot_upload/pdbs/2RN2.pdb
P0A7Y4,2RN2,A,117,K,R,-0.03,K117R,117,/mnt/d/Proga/OpenFold_codex/OpenFold3_project/data/raw/fireprot_upload/pdbs/2RN2.pdb
P0A7Y4,2RN2,A,119,E,V,-0.74,E119V,119,/mnt/d/Proga/OpenFold_codex/OpenFold3_project/data/raw/fireprot_upload/pdbs/2RN2.pdb
P0A7Y4,2RN2,A,124,H,A,-0.05,H124A,124,/mnt/d/Proga/OpenFold_codex/OpenFold3_project/data/raw/fireprot_upload/pdbs/2RN2.pdb
P0A7Y4,2RN2,A,125,A,T,0.0,A125T,125,/mnt/d/Proga/OpenFold_codex/OpenFold3_project/data/raw/fireprot_upload/pdbs/2RN2.pdb
P0A7Y4,2RN2,A,127,H,A,0.31,H127A,127,/mnt/d/Proga/OpenFold_codex/OpenFold3_project/data/raw/fireprot_upload/pdbs/2RN2.pdb
P0A7Y4,2RN2,A,134,D,A,-1.5,D134A,134,/mnt/d/Proga/OpenFold_codex/OpenFold3_project/data/raw/fireprot_upload/pdbs/2RN2.pdb
P0A7Y4,2RN2,A,134,D,E,-0.86,D134E,134,/mnt/d/Proga/OpenFold_codex/OpenFold3_project/data/raw/fireprot_upload/pdbs/2RN2.pdb
P0A7Y4,2RN2,A,134,D,H,-2.28,D134H,134,/mnt/d/Proga/OpenFold_codex/OpenFold3_project/data/raw/fireprot_upload/pdbs/2RN2.pdb
P0A7Y4,2RN2,A,134,D,I,-1.335,D134I,134,/mnt/d/Proga/OpenFold_codex/OpenFold3_project/data/raw/fireprot_upload/pdbs/2RN2.pdb
P0A7Y4,2RN2,A,134,D,L,-1.51,D134L,134,/mnt/d/Proga/OpenFold_codex/OpenFold3_project/data/raw/fireprot_upload/pdbs/2RN2.pdb
P0A7Y4,2RN2,A,134,D,N,-1.8,D134N,134,/mnt/d/Proga/OpenFold_codex/OpenFold3_project/data/raw/fireprot_upload/pdbs/2RN2.pdb
P0A7Y4,2RN2,A,134,D,Q,-1.32,D134Q,134,/mnt/d/Proga/OpenFold_codex/OpenFold3_project/data/raw/fireprot_upload/pdbs/2RN2.pdb
P0A7Y4,2RN2,A,134,D,S,-1.08,D134S,134,/mnt/d/Proga/OpenFold_codex/OpenFold3_project/data/raw/fireprot_upload/pdbs/2RN2.pdb
P0A7Y4,2RN2,A,134,D,T,-1.08,D134T,134,/mnt/d/Proga/OpenFold_codex/OpenFold3_project/data/raw/fireprot_upload/pdbs/2RN2.pdb
P0A7Y4,2RN2,A,134,D,V,-1.16,D134V,134,/mnt/d/Proga/OpenFold_codex/OpenFold3_project/data/raw/fireprot_upload/pdbs/2RN2.pdb
P0A7Y4,2RN2,A,135,E,K,0.22,E135K,135,/mnt/d/Proga/OpenFold_codex/OpenFold3_project/data/raw/fireprot_upload/pdbs/2RN2.pdb
P0A877,1WQ5,A,22,F,L,-7.401486830834377e-17,F22L,22,/mnt/d/Proga/OpenFold_codex/OpenFold3_project/data/raw/fireprot_upload/pdbs/1WQ5.pdb
P0A877,1WQ5,A,28,P,A,-2.6,P28A,28,/mnt/d/Proga/OpenFold_codex/OpenFold3_project/data/raw/fireprot_upload/pdbs/1WQ5.pdb
P0A877,1WQ5,A,28,P,G,0.948,P28G,28,/mnt/d/Proga/OpenFold_codex/OpenFold3_project/data/raw/fireprot_upload/pdbs/1WQ5.pdb
P0A877,1WQ5,A,37,I,A,2.94,I37A,37,/mnt/d/Proga/OpenFold_codex/OpenFold3_project/data/raw/fireprot_upload/pdbs/1WQ5.pdb
P0A877,1WQ5,A,49,E,A,-0.1099999999999999,E49A,49,/mnt/d/Proga/OpenFold_codex/OpenFold3_project/data/raw/fireprot_upload/pdbs/1WQ5.pdb
P0A877,1WQ5,A,49,E,C,1.0950000000000002,E49C,49,/mnt/d/Proga/OpenFold_codex/OpenFold3_project/data/raw/fireprot_upload/pdbs/1WQ5.pdb
P0A877,1WQ5,A,49,E,D,0.55,E49D,49,/mnt/d/Proga/OpenFold_codex/OpenFold3_project/data/raw/fireprot_upload/pdbs/1WQ5.pdb
P0A877,1WQ5,A,49,E,F,1.63,E49F,49,/mnt/d/Proga/OpenFold_codex/OpenFold3_project/data/raw/fireprot_upload/pdbs/1WQ5.pdb
P0A877,1WQ5,A,49,E,G,-0.89,E49G,49,/mnt/d/Proga/OpenFold_codex/OpenFold3_project/data/raw/fireprot_upload/pdbs/1WQ5.pdb
P0A877,1WQ5,A,49,E,H,-0.8150000000000001,E49H,49,/mnt/d/Proga/OpenFold_codex/OpenFold3_project/data/raw/fireprot_upload/pdbs/1WQ5.pdb
P0A877,1WQ5,A,49,E,I,-4.23,E49I,49,/mnt/d/Proga/OpenFold_codex/OpenFold3_project/data/raw/fireprot_upload/pdbs/1WQ5.pdb
P0A877,1WQ5,A,49,E,K,-0.55,E49K,49,/mnt/d/Proga/OpenFold_codex/OpenFold3_project/data/raw/fireprot_upload/pdbs/1WQ5.pdb
P0A877,1WQ5,A,49,E,L,-3.3200000000000003,E49L,49,/mnt/d/Proga/OpenFold_codex/OpenFold3_project/data/raw/fireprot_upload/pdbs/1WQ5.pdb
P0A877,1WQ5,A,49,E,M,3.1,E49M,49,/mnt/d/Proga/OpenFold_codex/OpenFold3_project/data/raw/fireprot_upload/pdbs/1WQ5.pdb
P0A877,1WQ5,A,49,E,N,0.0449999999999999,E49N,49,/mnt/d/Proga/OpenFold_codex/OpenFold3_project/data/raw/fireprot_upload/pdbs/1WQ5.pdb
P0A877,1WQ5,A,49,E,P,0.0,E49P,49,/mnt/d/Proga/OpenFold_codex/OpenFold3_project/data/raw/fireprot_upload/pdbs/1WQ5.pdb
P0A877,1WQ5,A,49,E,Q,-0.6,E49Q,49,/mnt/d/Proga/OpenFold_codex/OpenFold3_project/data/raw/fireprot_upload/pdbs/1WQ5.pdb
P0A877,1WQ5,A,49,E,S,0.0,E49S,49,/mnt/d/Proga/OpenFold_codex/OpenFold3_project/data/raw/fireprot_upload/pdbs/1WQ5.pdb
P0A877,1WQ5,A,49,E,T,0.31,E49T,49,/mnt/d/Proga/OpenFold_codex/OpenFold3_project/data/raw/fireprot_upload/pdbs/1WQ5.pdb
P0A877,1WQ5,A,49,E,V,-2.4,E49V,49,/mnt/d/Proga/OpenFold_codex/OpenFold3_project/data/raw/fireprot_upload/pdbs/1WQ5.pdb
P0A877,1WQ5,A,49,E,W,0.97,E49W,49,/mnt/d/Proga/OpenFold_codex/OpenFold3_project/data/raw/fireprot_upload/pdbs/1WQ5.pdb
P0A877,1WQ5,A,49,E,Y,0.085,E49Y,49,/mnt/d/Proga/OpenFold_codex/OpenFold3_project/data/raw/fireprot_upload/pdbs/1WQ5.pdb
P0A877,1WQ5,A,50,L,A,1.9966666666666668,L50A,50,/mnt/d/Proga/OpenFold_codex/OpenFold3_project/data/raw/fireprot_upload/pdbs/1WQ5.pdb
P0A877,1WQ5,A,207,P,A,-1.5,P207A,217,/mnt/d/Proga/OpenFold_codex/OpenFold3_project/data/raw/fireprot_upload/pdbs/1WQ5.pdb
P0A910,1QJP,A,28,W,A,3.6,W28A,7,/mnt/d/Proga/OpenFold_codex/OpenFold3_project/data/raw/fireprot_upload/pdbs/1QJP.pdb
P0A910,1QJP,A,36,W,A,2.0,W36A,15,/mnt/d/Proga/OpenFold_codex/OpenFold3_project/data/raw/fireprot_upload/pdbs/1QJP.pdb
P0A9X9,1MJC,A,18,F,L,1.0,F18L,18,/mnt/d/Proga/OpenFold_codex/OpenFold3_project/data/raw/fireprot_upload/pdbs/1MJC.pdb
P0A9X9,1MJC,A,18,F,S,1.54,F18S,18,/mnt/d/Proga/OpenFold_codex/OpenFold3_project/data/raw/fireprot_upload/pdbs/1MJC.pdb
P0A9X9,1MJC,A,20,F,L,0.31,F20L,20,/mnt/d/Proga/OpenFold_codex/OpenFold3_project/data/raw/fireprot_upload/pdbs/1MJC.pdb
P0A9X9,1MJC,A,20,F,S,1.16,F20S,20,/mnt/d/Proga/OpenFold_codex/OpenFold3_project/data/raw/fireprot_upload/pdbs/1MJC.pdb
P0A9X9,1MJC,A,31,F,L,0.66,F31L,31,/mnt/d/Proga/OpenFold_codex/OpenFold3_project/data/raw/fireprot_upload/pdbs/1MJC.pdb
P0A9X9,1MJC,A,31,F,S,1.03,F31S,31,/mnt/d/Proga/OpenFold_codex/OpenFold3_project/data/raw/fireprot_upload/pdbs/1MJC.pdb
P0A9X9,1MJC,A,42,Y,W,-0.15,Y42W,42,/mnt/d/Proga/OpenFold_codex/OpenFold3_project/data/raw/fireprot_upload/pdbs/1MJC.pdb
P0A9X9,1MJC,A,52,S,W,0.2,S52W,52,/mnt/d/Proga/OpenFold_codex/OpenFold3_project/data/raw/fireprot_upload/pdbs/1MJC.pdb
P0A9X9,1MJC,A,68,T,W,-0.7,T68W,68,/mnt/d/Proga/OpenFold_codex/OpenFold3_project/data/raw/fireprot_upload/pdbs/1MJC.pdb
P0AA04,1POH,A,31,S,A,0.365,S31A,31,/mnt/d/Proga/OpenFold_codex/OpenFold3_project/data/raw/fireprot_upload/pdbs/1POH.pdb
P0AA04,1POH,A,46,S,A,1.0,S46A,46,/mnt/d/Proga/OpenFold_codex/OpenFold3_project/data/raw/fireprot_upload/pdbs/1POH.pdb
P0AA04,1POH,A,46,S,D,-1.45,S46D,46,/mnt/d/Proga/OpenFold_codex/OpenFold3_project/data/raw/fireprot_upload/pdbs/1POH.pdb
P0AA04,1POH,A,46,S,N,-0.4000000000000001,S46N,46,/mnt/d/Proga/OpenFold_codex/OpenFold3_project/data/raw/fireprot_upload/pdbs/1POH.pdb
P0AA04,1POH,A,49,K,A,-1.5,K49A,49,/mnt/d/Proga/OpenFold_codex/OpenFold3_project/data/raw/fireprot_upload/pdbs/1POH.pdb
P0AA04,1POH,A,49,K,D,-1.5666666666666664,K49D,49,/mnt/d/Proga/OpenFold_codex/OpenFold3_project/data/raw/fireprot_upload/pdbs/1POH.pdb
P0AA04,1POH,A,49,K,E,-2.0,K49E,49,/mnt/d/Proga/OpenFold_codex/OpenFold3_project/data/raw/fireprot_upload/pdbs/1POH.pdb
P0AA04,1POH,A,49,K,G,-1.1,K49G,49,/mnt/d/Proga/OpenFold_codex/OpenFold3_project/data/raw/fireprot_upload/pdbs/1POH.pdb
P0AA04,1POH,A,49,K,M,-0.95,K49M,49,/mnt/d/Proga/OpenFold_codex/OpenFold3_project/data/raw/fireprot_upload/pdbs/1POH.pdb
P0AA04,1POH,A,49,K,N,-0.35,K49N,49,/mnt/d/Proga/OpenFold_codex/OpenFold3_project/data/raw/fireprot_upload/pdbs/1POH.pdb
P0AA04,1POH,A,49,K,Q,-1.5,K49Q,49,/mnt/d/Proga/OpenFold_codex/OpenFold3_project/data/raw/fireprot_upload/pdbs/1POH.pdb
P0AA04,1POH,A,49,K,R,0.15,K49R,49,/mnt/d/Proga/OpenFold_codex/OpenFold3_project/data/raw/fireprot_upload/pdbs/1POH.pdb
P0AA04,1POH,A,49,K,S,-1.0333333333333334,K49S,49,/mnt/d/Proga/OpenFold_codex/OpenFold3_project/data/raw/fireprot_upload/pdbs/1POH.pdb
P0AA25,2TRX,A,27,D,A,-4.2,D27A,26,/mnt/d/Proga/OpenFold_codex/OpenFold3_project/data/raw/fireprot_upload/pdbs/2TRX.pdb
P0AA25,2TRX,A,27,D,I,-6.2,D27I,26,/mnt/d/Proga/OpenFold_codex/OpenFold3_project/data/raw/fireprot_upload/pdbs/2TRX.pdb
P0AA25,2TRX,A,33,C,A,-4.166666666666667,C33A,32,/mnt/d/Proga/OpenFold_codex/OpenFold3_project/data/raw/fireprot_upload/pdbs/2TRX.pdb
P0AA25,2TRX,A,35,P,S,0.1,P35S,34,/mnt/d/Proga/OpenFold_codex/OpenFold3_project/data/raw/fireprot_upload/pdbs/2TRX.pdb
P0AA25,2TRX,A,36,C,A,-4.0,C36A,35,/mnt/d/Proga/OpenFold_codex/OpenFold3_project/data/raw/fireprot_upload/pdbs/2TRX.pdb
P0AA25,2TRX,A,41,P,S,-1.4,P41S,40,/mnt/d/Proga/OpenFold_codex/OpenFold3_project/data/raw/fireprot_upload/pdbs/2TRX.pdb
P0AA25,2TRX,A,67,T,L,-3.333333333333333,T67L,66,/mnt/d/Proga/OpenFold_codex/OpenFold3_project/data/raw/fireprot_upload/pdbs/2TRX.pdb
P0AA25,2TRX,A,77,P,A,3.9,P77A,76,/mnt/d/Proga/OpenFold_codex/OpenFold3_project/data/raw/fireprot_upload/pdbs/2TRX.pdb
P0AA25,2TRX,A,78,T,C,-2.1,T78C,77,/mnt/d/Proga/OpenFold_codex/OpenFold3_project/data/raw/fireprot_upload/pdbs/2TRX.pdb
P0AA25,2TRX,A,78,T,V,-3.233333333333333,T78V,77,/mnt/d/Proga/OpenFold_codex/OpenFold3_project/data/raw/fireprot_upload/pdbs/2TRX.pdb
P0AA25,2TRX,A,79,L,C,0.0,L79C,78,/mnt/d/Proga/OpenFold_codex/OpenFold3_project/data/raw/fireprot_upload/pdbs/2TRX.pdb
P0AA25,2TRX,A,79,L,K,2.9,L79K,78,/mnt/d/Proga/OpenFold_codex/OpenFold3_project/data/raw/fireprot_upload/pdbs/2TRX.pdb
P0AA25,2TRX,A,79,L,R,3.0,L79R,78,/mnt/d/Proga/OpenFold_codex/OpenFold3_project/data/raw/fireprot_upload/pdbs/2TRX.pdb
P0ABQ4,5DFR,A,2,I,V,0.6,I2V,2,/mnt/d/Proga/OpenFold_codex/OpenFold3_project/data/raw/fireprot_upload/pdbs/5DFR.pdb
P0ABQ4,5DFR,A,15,G,A,-0.55,G15A,15,/mnt/d/Proga/OpenFold_codex/OpenFold3_project/data/raw/fireprot_upload/pdbs/5DFR.pdb
P0ABQ4,5DFR,A,88,V,A,-0.3,V88A,93,/mnt/d/Proga/OpenFold_codex/OpenFold3_project/data/raw/fireprot_upload/pdbs/5DFR.pdb
P0ABQ4,5DFR,A,88,V,I,0.18,V88I,93,/mnt/d/Proga/OpenFold_codex/OpenFold3_project/data/raw/fireprot_upload/pdbs/5DFR.pdb
P0ABQ4,5DFR,A,122,D,A,1.3,D122A,127,/mnt/d/Proga/OpenFold_codex/OpenFold3_project/data/raw/fireprot_upload/pdbs/5DFR.pdb
P0AE67,1CEY,A,12,D,A,-2.5,D12A,12,/mnt/d/Proga/OpenFold_codex/OpenFold3_project/data/raw/fireprot_upload/pdbs/1CEY.pdb
P0AE67,1CEY,A,13,D,A,-2.7,D13A,13,/mnt/d/Proga/OpenFold_codex/OpenFold3_project/data/raw/fireprot_upload/pdbs/1CEY.pdb
P0AE67,1CEY,A,14,F,N,-2.6,F14N,14,/mnt/d/Proga/OpenFold_codex/OpenFold3_project/data/raw/fireprot_upload/pdbs/1CEY.pdb
P0AE67,1CEY,A,48,A,G,-0.15,A48G,48,/mnt/d/Proga/OpenFold_codex/OpenFold3_project/data/raw/fireprot_upload/pdbs/1CEY.pdb
P0AE67,1CEY,A,57,D,A,-3.3,D57A,57,/mnt/d/Proga/OpenFold_codex/OpenFold3_project/data/raw/fireprot_upload/pdbs/1CEY.pdb
P0AE67,1CEY,A,74,A,G,0.3,A74G,74,/mnt/d/Proga/OpenFold_codex/OpenFold3_project/data/raw/fireprot_upload/pdbs/1CEY.pdb
P0AE67,1CEY,A,77,A,G,0.3,A77G,77,/mnt/d/Proga/OpenFold_codex/OpenFold3_project/data/raw/fireprot_upload/pdbs/1CEY.pdb
P0AE67,1CEY,A,80,A,G,-0.5,A80G,80,/mnt/d/Proga/OpenFold_codex/OpenFold3_project/data/raw/fireprot_upload/pdbs/1CEY.pdb
P0AE67,1CEY,A,88,A,G,-0.05,A88G,88,/mnt/d/Proga/OpenFold_codex/OpenFold3_project/data/raw/fireprot_upload/pdbs/1CEY.pdb
P0AE67,1CEY,A,90,A,G,-0.4,A90G,90,/mnt/d/Proga/OpenFold_codex/OpenFold3_project/data/raw/fireprot_upload/pdbs/1CEY.pdb
P0AE67,1CEY,A,99,A,G,0.5,A99G,99,/mnt/d/Proga/OpenFold_codex/OpenFold3_project/data/raw/fireprot_upload/pdbs/1CEY.pdb
P0AE67,1CEY,A,101,A,G,0.95,A101G,101,/mnt/d/Proga/OpenFold_codex/OpenFold3_project/data/raw/fireprot_upload/pdbs/1CEY.pdb
P0AE67,1CEY,A,113,A,G,0.8,A113G,113,/mnt/d/Proga/OpenFold_codex/OpenFold3_project/data/raw/fireprot_upload/pdbs/1CEY.pdb
P0AE67,1CEY,A,114,A,G,0.5,A114G,114,/mnt/d/Proga/OpenFold_codex/OpenFold3_project/data/raw/fireprot_upload/pdbs/1CEY.pdb
P0AEG4,1A23,A,49,C,S,1.8,C49S,30,/mnt/d/Proga/OpenFold_codex/OpenFold3_project/data/raw/fireprot_upload/pdbs/1A23.pdb
P0AEG4,1A23,A,51,H,L,-4.966666666666666,H51L,32,/mnt/d/Proga/OpenFold_codex/OpenFold3_project/data/raw/fireprot_upload/pdbs/1A23.pdb
P0AEG4,1A23,A,51,H,S,-4.4,H51S,32,/mnt/d/Proga/OpenFold_codex/OpenFold3_project/data/raw/fireprot_upload/pdbs/1A23.pdb
P0AEG4,1A23,A,51,H,Y,-3.9666666666666655,H51Y,32,/mnt/d/Proga/OpenFold_codex/OpenFold3_project/data/raw/fireprot_upload/pdbs/1A23.pdb
P0AEG4,1A23,A,52,C,S,1.1,C52S,33,/mnt/d/Proga/OpenFold_codex/OpenFold3_project/data/raw/fireprot_upload/pdbs/1A23.pdb
P0AEX9,3MBP,A,34,V,G,0.75,V34G,8,/mnt/d/Proga/OpenFold_codex/OpenFold3_project/data/raw/fireprot_upload/pdbs/3MBP.pdb
P0AEX9,3MBP,A,36,W,A,4.3,W36A,10,/mnt/d/Proga/OpenFold_codex/OpenFold3_project/data/raw/fireprot_upload/pdbs/3MBP.pdb
P0AEX9,3MBP,A,45,G,C,2.2,G45C,19,/mnt/d/Proga/OpenFold_codex/OpenFold3_project/data/raw/fireprot_upload/pdbs/3MBP.pdb
P0AEX9,3MBP,A,59,I,A,1.0,I59A,33,/mnt/d/Proga/OpenFold_codex/OpenFold3_project/data/raw/fireprot_upload/pdbs/3MBP.pdb
P0AEX9,3MBP,A,74,P,A,-0.5,P74A,48,/mnt/d/Proga/OpenFold_codex/OpenFold3_project/data/raw/fireprot_upload/pdbs/3MBP.pdb
P0AEX9,3MBP,A,74,P,S,0.3,P74S,48,/mnt/d/Proga/OpenFold_codex/OpenFold3_project/data/raw/fireprot_upload/pdbs/3MBP.pdb
P0AEX9,3MBP,A,81,D,N,-0.35,D81N,55,/mnt/d/Proga/OpenFold_codex/OpenFold3_project/data/raw/fireprot_upload/pdbs/3MBP.pdb
P0AEX9,3MBP,A,85,I,A,1.2,I85A,59,/mnt/d/Proga/OpenFold_codex/OpenFold3_project/data/raw/fireprot_upload/pdbs/3MBP.pdb
P0AEX9,3MBP,A,115,L,A,2.6,L115A,89,/mnt/d/Proga/OpenFold_codex/OpenFold3_project/data/raw/fireprot_upload/pdbs/3MBP.pdb
P0AEX9,3MBP,A,133,P,A,7.8,P133A,107,/mnt/d/Proga/OpenFold_codex/OpenFold3_project/data/raw/fireprot_upload/pdbs/3MBP.pdb
P0AEX9,3MBP,A,133,P,S,-1.2,P133S,107,/mnt/d/Proga/OpenFold_codex/OpenFold3_project/data/raw/fireprot_upload/pdbs/3MBP.pdb
P0AEX9,3MBP,A,134,I,A,2.4,I134A,108,/mnt/d/Proga/OpenFold_codex/OpenFold3_project/data/raw/fireprot_upload/pdbs/3MBP.pdb
P0AEX9,3MBP,A,141,L,A,3.1,L141A,115,/mnt/d/Proga/OpenFold_codex/OpenFold3_project/data/raw/fireprot_upload/pdbs/3MBP.pdb
P0AEX9,3MBP,A,147,L,A,2.6,L147A,121,/mnt/d/Proga/OpenFold_codex/OpenFold3_project/data/raw/fireprot_upload/pdbs/3MBP.pdb
P0AEX9,3MBP,A,159,P,A,0.25,P159A,133,/mnt/d/Proga/OpenFold_codex/OpenFold3_project/data/raw/fireprot_upload/pdbs/3MBP.pdb
P0AEX9,3MBP,A,159,P,S,-1.3,P159S,133,/mnt/d/Proga/OpenFold_codex/OpenFold3_project/data/raw/fireprot_upload/pdbs/3MBP.pdb
P0AEX9,3MBP,A,173,L,A,3.0,L173A,147,/mnt/d/Proga/OpenFold_codex/OpenFold3_project/data/raw/fireprot_upload/pdbs/3MBP.pdb
P0AEX9,3MBP,A,185,P,A,1.8,P185A,159,/mnt/d/Proga/OpenFold_codex/OpenFold3_project/data/raw/fireprot_upload/pdbs/3MBP.pdb
P0AEX9,3MBP,A,185,P,S,2.1,P185S,159,/mnt/d/Proga/OpenFold_codex/OpenFold3_project/data/raw/fireprot_upload/pdbs/3MBP.pdb
P0AEX9,3MBP,A,187,I,A,3.075,I187A,161,/mnt/d/Proga/OpenFold_codex/OpenFold3_project/data/raw/fireprot_upload/pdbs/3MBP.pdb
P0AEX9,3MBP,A,218,L,A,3.1,L218A,192,/mnt/d/Proga/OpenFold_codex/OpenFold3_project/data/raw/fireprot_upload/pdbs/3MBP.pdb
P0AEX9,3MBP,A,221,L,A,4.2,L221A,195,/mnt/d/Proga/OpenFold_codex/OpenFold3_project/data/raw/fireprot_upload/pdbs/3MBP.pdb
P0AEX9,3MBP,A,252,I,A,3.78,I252A,226,/mnt/d/Proga/OpenFold_codex/OpenFold3_project/data/raw/fireprot_upload/pdbs/3MBP.pdb
P0AEX9,3MBP,A,302,A,G,1.5475,A302G,276,/mnt/d/Proga/OpenFold_codex/OpenFold3_project/data/raw/fireprot_upload/pdbs/3MBP.pdb
P0AEX9,3MBP,A,309,Y,D,2.75,Y309D,283,/mnt/d/Proga/OpenFold_codex/OpenFold3_project/data/raw/fireprot_upload/pdbs/3MBP.pdb
P0AEX9,3MBP,A,371,T,I,-0.4499999999999999,T371I,345,/mnt/d/Proga/OpenFold_codex/OpenFold3_project/data/raw/fireprot_upload/pdbs/3MBP.pdb
P0AEX9,3MBP,A,373,V,A,2.0,V373A,347,/mnt/d/Proga/OpenFold_codex/OpenFold3_project/data/raw/fireprot_upload/pdbs/3MBP.pdb
P0AEX9,3MBP,A,387,L,A,2.0,L387A,361,/mnt/d/Proga/OpenFold_codex/OpenFold3_project/data/raw/fireprot_upload/pdbs/3MBP.pdb
P10762,1AEP,A,33,L,K,1.28,L33K,14,/mnt/d/Proga/OpenFold_codex/OpenFold3_project/data/raw/fireprot_upload/pdbs/1AEP.pdb
P10762,1AEP,A,47,T,A,-0.55,T47A,28,/mnt/d/Proga/OpenFold_codex/OpenFold3_project/data/raw/fireprot_upload/pdbs/1AEP.pdb
P10762,1AEP,A,155,A,K,1.545,A155K,137,/mnt/d/Proga/OpenFold_codex/OpenFold3_project/data/raw/fireprot_upload/pdbs/1AEP.pdb
P10762,1AEP,A,159,T,A,1.16,T159A,141,/mnt/d/Proga/OpenFold_codex/OpenFold3_project/data/raw/fireprot_upload/pdbs/1AEP.pdb
P11053,1FRD,A,43,H,R,-4.0,H43R,42,/mnt/d/Proga/OpenFold_codex/OpenFold3_project/data/raw/fireprot_upload/pdbs/1FRD.pdb
P11540,1BTA,A,6,I,V,-1.0,I6V,5,/mnt/d/Proga/OpenFold_codex/OpenFold3_project/data/raw/fireprot_upload/pdbs/1BTA.pdb
P11540,1BTA,A,17,L,V,-1.1,L17V,16,/mnt/d/Proga/OpenFold_codex/OpenFold3_project/data/raw/fireprot_upload/pdbs/1BTA.pdb
P11540,1BTA,A,22,K,A,1.0666666666666669,K22A,21,/mnt/d/Proga/OpenFold_codex/OpenFold3_project/data/raw/fireprot_upload/pdbs/1BTA.pdb
P11540,1BTA,A,22,K,Q,0.95,K22Q,21,/mnt/d/Proga/OpenFold_codex/OpenFold3_project/data/raw/fireprot_upload/pdbs/1BTA.pdb
P11540,1BTA,A,23,K,Q,0.8,K23Q,22,/mnt/d/Proga/OpenFold_codex/OpenFold3_project/data/raw/fireprot_upload/pdbs/1BTA.pdb
P11540,1BTA,A,35,L,V,-1.1,L35V,34,/mnt/d/Proga/OpenFold_codex/OpenFold3_project/data/raw/fireprot_upload/pdbs/1BTA.pdb
P11540,1BTA,A,41,C,A,-0.1,C41A,40,/mnt/d/Proga/OpenFold_codex/OpenFold3_project/data/raw/fireprot_upload/pdbs/1BTA.pdb
P11540,1BTA,A,52,L,V,-0.6,L52V,51,/mnt/d/Proga/OpenFold_codex/OpenFold3_project/data/raw/fireprot_upload/pdbs/1BTA.pdb
P11540,1BTA,A,58,E,K,0.6666666666666666,E58K,57,/mnt/d/Proga/OpenFold_codex/OpenFold3_project/data/raw/fireprot_upload/pdbs/1BTA.pdb
P11540,1BTA,A,61,K,E,1.12,K61E,60,/mnt/d/Proga/OpenFold_codex/OpenFold3_project/data/raw/fireprot_upload/pdbs/1BTA.pdb
P11540,1BTA,A,61,K,L,-0.6666666666666666,K61L,60,/mnt/d/Proga/OpenFold_codex/OpenFold3_project/data/raw/fireprot_upload/pdbs/1BTA.pdb
P11540,1BTA,A,76,R,L,-0.75,R76L,75,/mnt/d/Proga/OpenFold_codex/OpenFold3_project/data/raw/fireprot_upload/pdbs/1BTA.pdb
P11540,1BTA,A,76,R,Q,0.35,R76Q,75,/mnt/d/Proga/OpenFold_codex/OpenFold3_project/data/raw/fireprot_upload/pdbs/1BTA.pdb
P11540,1BTA,A,79,K,A,0.025,K79A,78,/mnt/d/Proga/OpenFold_codex/OpenFold3_project/data/raw/fireprot_upload/pdbs/1BTA.pdb
P11540,1BTA,A,79,K,Q,-0.35,K79Q,78,/mnt/d/Proga/OpenFold_codex/OpenFold3_project/data/raw/fireprot_upload/pdbs/1BTA.pdb
P11540,1BTA,A,83,C,A,0.1,C83A,82,/mnt/d/Proga/OpenFold_codex/OpenFold3_project/data/raw/fireprot_upload/pdbs/1BTA.pdb
P11961,1W3D,A,129,V,A,0.7,V129A,129,/mnt/d/Proga/OpenFold_codex/OpenFold3_project/data/raw/fireprot_upload/pdbs/1W3D.pdb
P11961,1W3D,A,129,V,G,1.0,V129G,129,/mnt/d/Proga/OpenFold_codex/OpenFold3_project/data/raw/fireprot_upload/pdbs/1W3D.pdb
P11961,1W3D,A,130,I,A,0.7,I130A,130,/mnt/d/Proga/OpenFold_codex/OpenFold3_project/data/raw/fireprot_upload/pdbs/1W3D.pdb
P11961,1W3D,A,130,I,G,1.4,I130G,130,/mnt/d/Proga/OpenFold_codex/OpenFold3_project/data/raw/fireprot_upload/pdbs/1W3D.pdb
P11961,1W3D,A,130,I,V,0.2,I130V,130,/mnt/d/Proga/OpenFold_codex/OpenFold3_project/data/raw/fireprot_upload/pdbs/1W3D.pdb
P11961,1W3D,A,131,A,G,1.7,A131G,131,/mnt/d/Proga/OpenFold_codex/OpenFold3_project/data/raw/fireprot_upload/pdbs/1W3D.pdb
P11961,1W3D,A,135,V,A,1.5,V135A,135,/mnt/d/Proga/OpenFold_codex/OpenFold3_project/data/raw/fireprot_upload/pdbs/1W3D.pdb
P11961,1W3D,A,138,Y,F,2.0,Y138F,138,/mnt/d/Proga/OpenFold_codex/OpenFold3_project/data/raw/fireprot_upload/pdbs/1W3D.pdb
P11961,1W3D,A,139,A,G,2.3,A139G,139,/mnt/d/Proga/OpenFold_codex/OpenFold3_project/data/raw/fireprot_upload/pdbs/1W3D.pdb
P11961,1W3D,A,141,E,A,0.7,E141A,141,/mnt/d/Proga/OpenFold_codex/OpenFold3_project/data/raw/fireprot_upload/pdbs/1W3D.pdb
P11961,1W3D,A,141,E,Q,0.4,E141Q,141,/mnt/d/Proga/OpenFold_codex/OpenFold3_project/data/raw/fireprot_upload/pdbs/1W3D.pdb
P11961,1W3D,A,144,V,A,2.0,V144A,144,/mnt/d/Proga/OpenFold_codex/OpenFold3_project/data/raw/fireprot_upload/pdbs/1W3D.pdb
P11961,1W3D,A,145,D,A,2.1,D145A,145,/mnt/d/Proga/OpenFold_codex/OpenFold3_project/data/raw/fireprot_upload/pdbs/1W3D.pdb
P11961,1W3D,A,145,D,N,0.9,D145N,145,/mnt/d/Proga/OpenFold_codex/OpenFold3_project/data/raw/fireprot_upload/pdbs/1W3D.pdb
P11961,1W3D,A,146,I,A,2.7,I146A,146,/mnt/d/Proga/OpenFold_codex/OpenFold3_project/data/raw/fireprot_upload/pdbs/1W3D.pdb
P11961,1W3D,A,146,I,V,1.2,I146V,146,/mnt/d/Proga/OpenFold_codex/OpenFold3_project/data/raw/fireprot_upload/pdbs/1W3D.pdb
P11961,1W3D,A,149,V,A,2.8,V149A,149,/mnt/d/Proga/OpenFold_codex/OpenFold3_project/data/raw/fireprot_upload/pdbs/1W3D.pdb
P11961,1W3D,A,149,V,G,4.1,V149G,149,/mnt/d/Proga/OpenFold_codex/OpenFold3_project/data/raw/fireprot_upload/pdbs/1W3D.pdb
P12931,1FMK,A,88,T,A,0.6,T88A,85,/mnt/d/Proga/OpenFold_codex/OpenFold3_project/data/raw/fireprot_upload/pdbs/1FMK.pdb
P12931,1FMK,A,89,F,A,0.8,F89A,86,/mnt/d/Proga/OpenFold_codex/OpenFold3_project/data/raw/fireprot_upload/pdbs/1FMK.pdb
P12931,1FMK,A,90,V,A,1.6,V90A,87,/mnt/d/Proga/OpenFold_codex/OpenFold3_project/data/raw/fireprot_upload/pdbs/1FMK.pdb
P12931,1FMK,A,91,A,G,1.0,A91G,88,/mnt/d/Proga/OpenFold_codex/OpenFold3_project/data/raw/fireprot_upload/pdbs/1FMK.pdb
P12931,1FMK,A,92,L,A,1.5,L92A,89,/mnt/d/Proga/OpenFold_codex/OpenFold3_project/data/raw/fireprot_upload/pdbs/1FMK.pdb
P12931,1FMK,A,93,Y,A,0.3,Y93A,90,/mnt/d/Proga/OpenFold_codex/OpenFold3_project/data/raw/fireprot_upload/pdbs/1FMK.pdb
P12931,1FMK,A,94,D,A,0.4,D94A,91,/mnt/d/Proga/OpenFold_codex/OpenFold3_project/data/raw/fireprot_upload/pdbs/1FMK.pdb
P12931,1FMK,A,95,Y,A,2.3,Y95A,92,/mnt/d/Proga/OpenFold_codex/OpenFold3_project/data/raw/fireprot_upload/pdbs/1FMK.pdb
P12931,1FMK,A,95,Y,F,0.2,Y95F,92,/mnt/d/Proga/OpenFold_codex/OpenFold3_project/data/raw/fireprot_upload/pdbs/1FMK.pdb
P12931,1FMK,A,97,S,A,-0.5,S97A,94,/mnt/d/Proga/OpenFold_codex/OpenFold3_project/data/raw/fireprot_upload/pdbs/1FMK.pdb
P12931,1FMK,A,98,R,A,0.1,R98A,95,/mnt/d/Proga/OpenFold_codex/OpenFold3_project/data/raw/fireprot_upload/pdbs/1FMK.pdb
P12931,1FMK,A,99,T,A,-0.1,T99A,96,/mnt/d/Proga/OpenFold_codex/OpenFold3_project/data/raw/fireprot_upload/pdbs/1FMK.pdb
P12931,1FMK,A,102,D,A,0.6,D102A,99,/mnt/d/Proga/OpenFold_codex/OpenFold3_project/data/raw/fireprot_upload/pdbs/1FMK.pdb
P12931,1FMK,A,103,L,A,1.8,L103A,100,/mnt/d/Proga/OpenFold_codex/OpenFold3_project/data/raw/fireprot_upload/pdbs/1FMK.pdb
P12931,1FMK,A,104,S,A,0.8,S104A,101,/mnt/d/Proga/OpenFold_codex/OpenFold3_project/data/raw/fireprot_upload/pdbs/1FMK.pdb
P12931,1FMK,A,105,F,A,2.0,F105A,102,/mnt/d/Proga/OpenFold_codex/OpenFold3_project/data/raw/fireprot_upload/pdbs/1FMK.pdb
P12931,1FMK,A,106,K,A,0.4,K106A,103,/mnt/d/Proga/OpenFold_codex/OpenFold3_project/data/raw/fireprot_upload/pdbs/1FMK.pdb
P12931,1FMK,A,107,K,A,0.1,K107A,104,/mnt/d/Proga/OpenFold_codex/OpenFold3_project/data/raw/fireprot_upload/pdbs/1FMK.pdb
P12931,1FMK,A,109,E,A,1.9,E109A,106,/mnt/d/Proga/OpenFold_codex/OpenFold3_project/data/raw/fireprot_upload/pdbs/1FMK.pdb
P12931,1FMK,A,110,R,A,0.3,R110A,107,/mnt/d/Proga/OpenFold_codex/OpenFold3_project/data/raw/fireprot_upload/pdbs/1FMK.pdb
P12931,1FMK,A,111,L,A,2.3,L111A,108,/mnt/d/Proga/OpenFold_codex/OpenFold3_project/data/raw/fireprot_upload/pdbs/1FMK.pdb
P12931,1FMK,A,112,Q,A,0.2,Q112A,109,/mnt/d/Proga/OpenFold_codex/OpenFold3_project/data/raw/fireprot_upload/pdbs/1FMK.pdb
P12931,1FMK,A,113,I,A,0.3,I113A,110,/mnt/d/Proga/OpenFold_codex/OpenFold3_project/data/raw/fireprot_upload/pdbs/1FMK.pdb
P12931,1FMK,A,113,I,V,0.1,I113V,110,/mnt/d/Proga/OpenFold_codex/OpenFold3_project/data/raw/fireprot_upload/pdbs/1FMK.pdb
P12931,1FMK,A,114,V,A,0.8,V114A,111,/mnt/d/Proga/OpenFold_codex/OpenFold3_project/data/raw/fireprot_upload/pdbs/1FMK.pdb
P12931,1FMK,A,116,N,A,-0.1,N116A,113,/mnt/d/Proga/OpenFold_codex/OpenFold3_project/data/raw/fireprot_upload/pdbs/1FMK.pdb
P12931,1FMK,A,121,W,A,1.3,W121A,118,/mnt/d/Proga/OpenFold_codex/OpenFold3_project/data/raw/fireprot_upload/pdbs/1FMK.pdb
P12931,1FMK,A,122,W,A,1.2,W122A,119,/mnt/d/Proga/OpenFold_codex/OpenFold3_project/data/raw/fireprot_upload/pdbs/1FMK.pdb
P12931,1FMK,A,123,L,A,1.6,L123A,120,/mnt/d/Proga/OpenFold_codex/OpenFold3_project/data/raw/fireprot_upload/pdbs/1FMK.pdb
P12931,1FMK,A,124,A,G,0.9,A124G,121,/mnt/d/Proga/OpenFold_codex/OpenFold3_project/data/raw/fireprot_upload/pdbs/1FMK.pdb
P12931,1FMK,A,125,H,A,0.6,H125A,122,/mnt/d/Proga/OpenFold_codex/OpenFold3_project/data/raw/fireprot_upload/pdbs/1FMK.pdb
P12931,1FMK,A,126,S,A,1.5,S126A,123,/mnt/d/Proga/OpenFold_codex/OpenFold3_project/data/raw/fireprot_upload/pdbs/1FMK.pdb
P12931,1FMK,A,127,L,A,0.6,L127A,124,/mnt/d/Proga/OpenFold_codex/OpenFold3_project/data/raw/fireprot_upload/pdbs/1FMK.pdb
P12931,1FMK,A,128,S,A,-0.2,S128A,125,/mnt/d/Proga/OpenFold_codex/OpenFold3_project/data/raw/fireprot_upload/pdbs/1FMK.pdb
P12931,1FMK,A,129,T,A,1.4500000000000002,T129A,126,/mnt/d/Proga/OpenFold_codex/OpenFold3_project/data/raw/fireprot_upload/pdbs/1FMK.pdb
P12931,1FMK,A,131,Q,G,0.3,Q131G,128,/mnt/d/Proga/OpenFold_codex/OpenFold3_project/data/raw/fireprot_upload/pdbs/1FMK.pdb
P12931,1FMK,A,134,Y,A,1.5,Y134A,131,/mnt/d/Proga/OpenFold_codex/OpenFold3_project/data/raw/fireprot_upload/pdbs/1FMK.pdb
P12931,1FMK,A,135,I,A,1.8,I135A,132,/mnt/d/Proga/OpenFold_codex/OpenFold3_project/data/raw/fireprot_upload/pdbs/1FMK.pdb
P12931,1FMK,A,136,P,A,1.4,P136A,133,/mnt/d/Proga/OpenFold_codex/OpenFold3_project/data/raw/fireprot_upload/pdbs/1FMK.pdb
P12931,1FMK,A,137,S,A,-0.2,S137A,134,/mnt/d/Proga/OpenFold_codex/OpenFold3_project/data/raw/fireprot_upload/pdbs/1FMK.pdb
P12931,1FMK,A,138,N,A,0.1,N138A,135,/mnt/d/Proga/OpenFold_codex/OpenFold3_project/data/raw/fireprot_upload/pdbs/1FMK.pdb
P12931,1FMK,A,139,Y,A,0.65,Y139A,136,/mnt/d/Proga/OpenFold_codex/OpenFold3_project/data/raw/fireprot_upload/pdbs/1FMK.pdb
P12931,1FMK,A,140,V,A,1.2,V140A,137,/mnt/d/Proga/OpenFold_codex/OpenFold3_project/data/raw/fireprot_upload/pdbs/1FMK.pdb
P12931,1FMK,A,141,A,G,0.5,A141G,138,/mnt/d/Proga/OpenFold_codex/OpenFold3_project/data/raw/fireprot_upload/pdbs/1FMK.pdb
P12931,1FMK,A,142,P,A,0.1,P142A,139,/mnt/d/Proga/OpenFold_codex/OpenFold3_project/data/raw/fireprot_upload/pdbs/1FMK.pdb
P12931,1FMK,A,143,S,A,-0.4,S143A,140,/mnt/d/Proga/OpenFold_codex/OpenFold3_project/data/raw/fireprot_upload/pdbs/1FMK.pdb
P12931,1FMK,A,182,T,A,0.0,T182A,179,/mnt/d/Proga/OpenFold_codex/OpenFold3_project/data/raw/fireprot_upload/pdbs/1FMK.pdb
P12931,1FMK,A,196,N,A,0.2,N196A,193,/mnt/d/Proga/OpenFold_codex/OpenFold3_project/data/raw/fireprot_upload/pdbs/1FMK.pdb
P13479,1IMQ,A,19,V,L,1.82,V19L,19,/mnt/d/Proga/OpenFold_codex/OpenFold3_project/data/raw/fireprot_upload/pdbs/1IMQ.pdb
P13479,1IMQ,A,25,A,G,0.14,A25G,25,/mnt/d/Proga/OpenFold_codex/OpenFold3_project/data/raw/fireprot_upload/pdbs/1IMQ.pdb
P13479,1IMQ,A,27,T,G,1.4,T27G,27,/mnt/d/Proga/OpenFold_codex/OpenFold3_project/data/raw/fireprot_upload/pdbs/1IMQ.pdb
P13479,1IMQ,A,31,E,L,0.67,E31L,31,/mnt/d/Proga/OpenFold_codex/OpenFold3_project/data/raw/fireprot_upload/pdbs/1IMQ.pdb
P13479,1IMQ,A,34,V,L,-0.33,V34L,34,/mnt/d/Proga/OpenFold_codex/OpenFold3_project/data/raw/fireprot_upload/pdbs/1IMQ.pdb
P13479,1IMQ,A,37,V,L,0.26,V37L,37,/mnt/d/Proga/OpenFold_codex/OpenFold3_project/data/raw/fireprot_upload/pdbs/1IMQ.pdb
P13479,1IMQ,A,41,E,V,-0.88,E41V,41,/mnt/d/Proga/OpenFold_codex/OpenFold3_project/data/raw/fireprot_upload/pdbs/1IMQ.pdb
P13479,1IMQ,A,68,V,I,0.81,V68I,68,/mnt/d/Proga/OpenFold_codex/OpenFold3_project/data/raw/fireprot_upload/pdbs/1IMQ.pdb
P13479,1IMQ,A,71,V,I,-0.07,V71I,71,/mnt/d/Proga/OpenFold_codex/OpenFold3_project/data/raw/fireprot_upload/pdbs/1IMQ.pdb
P19614,1MSI,A,23,R,A,0.6999999999999998,R23A,23,/mnt/d/Proga/OpenFold_codex/OpenFold3_project/data/raw/fireprot_upload/pdbs/1MSI.pdb
P19614,1MSI,A,25,E,A,0.0199999999999999,E25A,25,/mnt/d/Proga/OpenFold_codex/OpenFold3_project/data/raw/fireprot_upload/pdbs/1MSI.pdb
P19614,1MSI,A,36,D,A,-0.7033333333333333,D36A,36,/mnt/d/Proga/OpenFold_codex/OpenFold3_project/data/raw/fireprot_upload/pdbs/1MSI.pdb
P19614,1MSI,A,39,R,A,0.6933333333333334,R39A,39,/mnt/d/Proga/OpenFold_codex/OpenFold3_project/data/raw/fireprot_upload/pdbs/1MSI.pdb
P19614,1MSI,A,47,R,A,0.635,R47A,47,/mnt/d/Proga/OpenFold_codex/OpenFold3_project/data/raw/fireprot_upload/pdbs/1MSI.pdb
P19614,1MSI,A,58,D,N,0.16,D58N,58,/mnt/d/Proga/OpenFold_codex/OpenFold3_project/data/raw/fireprot_upload/pdbs/1MSI.pdb
P22069,1ONC,A,23,M,L,2.22,M23L,23,/mnt/d/Proga/OpenFold_codex/OpenFold3_project/data/raw/fireprot_upload/pdbs/1ONC.pdb
P22069,1ONC,A,28,F,A,5.0,F28A,28,/mnt/d/Proga/OpenFold_codex/OpenFold3_project/data/raw/fireprot_upload/pdbs/1ONC.pdb
P22069,1ONC,A,28,F,T,5.105,F28T,28,/mnt/d/Proga/OpenFold_codex/OpenFold3_project/data/raw/fireprot_upload/pdbs/1ONC.pdb
P22069,1ONC,A,36,F,Y,4.18,F36Y,36,/mnt/d/Proga/OpenFold_codex/OpenFold3_project/data/raw/fireprot_upload/pdbs/1ONC.pdb
P22307,1QND,A,495,C,S,1.4,C495S,71,/mnt/d/Proga/OpenFold_codex/OpenFold3_project/data/raw/fireprot_upload/pdbs/1QND.pdb
P24297,1BRF,A,2,A,K,0.6,A2K,1,/mnt/d/Proga/OpenFold_codex/OpenFold3_project/data/raw/fireprot_upload/pdbs/1BRF.pdb
P24821,1TEN,A,803,L,A,2.1,L803A,803,/mnt/d/Proga/OpenFold_codex/OpenFold3_project/data/raw/fireprot_upload/pdbs/1TEN.pdb
P24821,1TEN,A,806,P,A,2.72,P806A,806,/mnt/d/Proga/OpenFold_codex/OpenFold3_project/data/raw/fireprot_upload/pdbs/1TEN.pdb
P24821,1TEN,A,809,I,A,2.8200000000000003,I809A,809,/mnt/d/Proga/OpenFold_codex/OpenFold3_project/data/raw/fireprot_upload/pdbs/1TEN.pdb
P24821,1TEN,A,809,I,V,0.1266666666666666,I809V,809,/mnt/d/Proga/OpenFold_codex/OpenFold3_project/data/raw/fireprot_upload/pdbs/1TEN.pdb
P24821,1TEN,A,811,V,A,1.38,V811A,811,/mnt/d/Proga/OpenFold_codex/OpenFold3_project/data/raw/fireprot_upload/pdbs/1TEN.pdb
P24821,1TEN,A,819,A,G,2.75,A819G,819,/mnt/d/Proga/OpenFold_codex/OpenFold3_project/data/raw/fireprot_upload/pdbs/1TEN.pdb
P24821,1TEN,A,821,I,A,3.6566666666666663,I821A,821,/mnt/d/Proga/OpenFold_codex/OpenFold3_project/data/raw/fireprot_upload/pdbs/1TEN.pdb
P24821,1TEN,A,821,I,V,0.2433333333333333,I821V,821,/mnt/d/Proga/OpenFold_codex/OpenFold3_project/data/raw/fireprot_upload/pdbs/1TEN.pdb
P24821,1TEN,A,889,F,A,5.415,F889A,824,/mnt/d/Proga/OpenFold_codex/OpenFold3_project/data/raw/fireprot_upload/pdbs/1TEN.pdb
P26514,1E0W,A,126,W,A,-1.1,W126A,85,/mnt/d/Proga/OpenFold_codex/OpenFold3_project/data/raw/fireprot_upload/pdbs/1E0W.pdb
P26514,1E0W,A,126,W,F,2.2,W126F,85,/mnt/d/Proga/OpenFold_codex/OpenFold3_project/data/raw/fireprot_upload/pdbs/1E0W.pdb
P26514,1E0W,A,126,W,H,0.5,W126H,85,/mnt/d/Proga/OpenFold_codex/OpenFold3_project/data/raw/fireprot_upload/pdbs/1E0W.pdb
P26514,1E0W,A,213,Y,A,2.8,Y213A,172,/mnt/d/Proga/OpenFold_codex/OpenFold3_project/data/raw/fireprot_upload/pdbs/1E0W.pdb
P26514,1E0W,A,213,Y,F,0.5,Y213F,172,/mnt/d/Proga/OpenFold_codex/OpenFold3_project/data/raw/fireprot_upload/pdbs/1E0W.pdb
P26514,1E0W,A,213,Y,S,-0.9,Y213S,172,/mnt/d/Proga/OpenFold_codex/OpenFold3_project/data/raw/fireprot_upload/pdbs/1E0W.pdb
P26514,1E0W,A,307,W,A,2.6,W307A,266,/mnt/d/Proga/OpenFold_codex/OpenFold3_project/data/raw/fireprot_upload/pdbs/1E0W.pdb
P26514,1E0W,A,307,W,F,1.8,W307F,266,/mnt/d/Proga/OpenFold_codex/OpenFold3_project/data/raw/fireprot_upload/pdbs/1E0W.pdb
P26514,1E0W,A,307,W,H,4.0,W307H,266,/mnt/d/Proga/OpenFold_codex/OpenFold3_project/data/raw/fireprot_upload/pdbs/1E0W.pdb
P26514,1E0W,A,315,W,A,-2.3,W315A,274,/mnt/d/Proga/OpenFold_codex/OpenFold3_project/data/raw/fireprot_upload/pdbs/1E0W.pdb
P26514,1E0W,A,315,W,F,-0.4,W315F,274,/mnt/d/Proga/OpenFold_codex/OpenFold3_project/data/raw/fireprot_upload/pdbs/1E0W.pdb
P26514,1E0W,A,315,W,H,-0.1,W315H,274,/mnt/d/Proga/OpenFold_codex/OpenFold3_project/data/raw/fireprot_upload/pdbs/1E0W.pdb
P29768,2SIL,A,53,A,L,-0.8366666666666666,A53L,53,/mnt/d/Proga/OpenFold_codex/OpenFold3_project/data/raw/fireprot_upload/pdbs/2SIL.pdb
P29768,2SIL,A,69,A,V,-0.5733333333333334,A69V,69,/mnt/d/Proga/OpenFold_codex/OpenFold3_project/data/raw/fireprot_upload/pdbs/2SIL.pdb
P29957,1AQH,A,82,Q,C,-1.9,Q82C,58,/mnt/d/Proga/OpenFold_codex/OpenFold3_project/data/raw/fireprot_upload/pdbs/1AQH.pdb
P30289,1MGR,A,53,Y,F,0.6,Y53F,11,/mnt/d/Proga/OpenFold_codex/OpenFold3_project/data/raw/fireprot_upload/pdbs/1MGR.pdb
P30289,1MGR,A,75,Y,F,-0.5,Y75F,33,/mnt/d/Proga/OpenFold_codex/OpenFold3_project/data/raw/fireprot_upload/pdbs/1MGR.pdb
P30289,1MGR,A,96,Y,F,2.6,Y96F,54,/mnt/d/Proga/OpenFold_codex/OpenFold3_project/data/raw/fireprot_upload/pdbs/1MGR.pdb
P30289,1MGR,A,97,Y,F,2.1,Y97F,55,/mnt/d/Proga/OpenFold_codex/OpenFold3_project/data/raw/fireprot_upload/pdbs/1MGR.pdb
P30289,1MGR,A,100,Y,F,0.7,Y100F,58,/mnt/d/Proga/OpenFold_codex/OpenFold3_project/data/raw/fireprot_upload/pdbs/1MGR.pdb
P30289,1MGR,A,125,Y,F,1.5,Y125F,83,/mnt/d/Proga/OpenFold_codex/OpenFold3_project/data/raw/fireprot_upload/pdbs/1MGR.pdb
P30289,1MGR,A,126,Y,F,1.0,Y126F,84,/mnt/d/Proga/OpenFold_codex/OpenFold3_project/data/raw/fireprot_upload/pdbs/1MGR.pdb
P30289,1MGR,A,131,Y,F,0.0,Y131F,89,/mnt/d/Proga/OpenFold_codex/OpenFold3_project/data/raw/fireprot_upload/pdbs/1MGR.pdb
P32081,1CSP,A,1,M,R,-1.77,M1R,1,/mnt/d/Proga/OpenFold_codex/OpenFold3_project/data/raw/fireprot_upload/pdbs/1CSP.pdb
P32081,1CSP,A,2,L,R,0.4,L2R,2,/mnt/d/Proga/OpenFold_codex/OpenFold3_project/data/raw/fireprot_upload/pdbs/1CSP.pdb
P32081,1CSP,A,3,E,K,-2.775,E3K,3,/mnt/d/Proga/OpenFold_codex/OpenFold3_project/data/raw/fireprot_upload/pdbs/1CSP.pdb
P32081,1CSP,A,3,E,L,-1.0033333333333334,E3L,3,/mnt/d/Proga/OpenFold_codex/OpenFold3_project/data/raw/fireprot_upload/pdbs/1CSP.pdb
P32081,1CSP,A,3,E,Q,-1.0933333333333335,E3Q,3,/mnt/d/Proga/OpenFold_codex/OpenFold3_project/data/raw/fireprot_upload/pdbs/1CSP.pdb
P32081,1CSP,A,3,E,R,-1.72375,E3R,3,/mnt/d/Proga/OpenFold_codex/OpenFold3_project/data/raw/fireprot_upload/pdbs/1CSP.pdb
P32081,1CSP,A,3,E,V,-1.8,E3V,3,/mnt/d/Proga/OpenFold_codex/OpenFold3_project/data/raw/fireprot_upload/pdbs/1CSP.pdb
P32081,1CSP,A,5,K,E,2.28,K5E,5,/mnt/d/Proga/OpenFold_codex/OpenFold3_project/data/raw/fireprot_upload/pdbs/1CSP.pdb
P32081,1CSP,A,5,K,Q,1.411818181818182,K5Q,5,/mnt/d/Proga/OpenFold_codex/OpenFold3_project/data/raw/fireprot_upload/pdbs/1CSP.pdb
P32081,1CSP,A,7,K,E,3.6,K7E,7,/mnt/d/Proga/OpenFold_codex/OpenFold3_project/data/raw/fireprot_upload/pdbs/1CSP.pdb
P32081,1CSP,A,7,K,Q,3.6,K7Q,7,/mnt/d/Proga/OpenFold_codex/OpenFold3_project/data/raw/fireprot_upload/pdbs/1CSP.pdb
P32081,1CSP,A,10,N,D,-0.4571428571428572,N10D,10,/mnt/d/Proga/OpenFold_codex/OpenFold3_project/data/raw/fireprot_upload/pdbs/1CSP.pdb
P32081,1CSP,A,10,N,K,1.4475,N10K,10,/mnt/d/Proga/OpenFold_codex/OpenFold3_project/data/raw/fireprot_upload/pdbs/1CSP.pdb
P32081,1CSP,A,12,E,K,0.4783333333333333,E12K,12,/mnt/d/Proga/OpenFold_codex/OpenFold3_project/data/raw/fireprot_upload/pdbs/1CSP.pdb
P32081,1CSP,A,13,K,E,0.354,K13E,13,/mnt/d/Proga/OpenFold_codex/OpenFold3_project/data/raw/fireprot_upload/pdbs/1CSP.pdb
P32081,1CSP,A,13,K,Q,0.168,K13Q,13,/mnt/d/Proga/OpenFold_codex/OpenFold3_project/data/raw/fireprot_upload/pdbs/1CSP.pdb
P32081,1CSP,A,15,F,A,0.6216666666666667,F15A,15,/mnt/d/Proga/OpenFold_codex/OpenFold3_project/data/raw/fireprot_upload/pdbs/1CSP.pdb
P32081,1CSP,A,17,F,A,0.55,F17A,17,/mnt/d/Proga/OpenFold_codex/OpenFold3_project/data/raw/fireprot_upload/pdbs/1CSP.pdb
P32081,1CSP,A,19,E,K,0.6119999999999999,E19K,19,/mnt/d/Proga/OpenFold_codex/OpenFold3_project/data/raw/fireprot_upload/pdbs/1CSP.pdb
P32081,1CSP,A,19,E,Q,0.22,E19Q,19,/mnt/d/Proga/OpenFold_codex/OpenFold3_project/data/raw/fireprot_upload/pdbs/1CSP.pdb
P32081,1CSP,A,20,V,E,3.6,V20E,20,/mnt/d/Proga/OpenFold_codex/OpenFold3_project/data/raw/fireprot_upload/pdbs/1CSP.pdb
P32081,1CSP,A,20,V,K,2.03,V20K,20,/mnt/d/Proga/OpenFold_codex/OpenFold3_project/data/raw/fireprot_upload/pdbs/1CSP.pdb
P32081,1CSP,A,20,V,Q,1.8785714285714283,V20Q,20,/mnt/d/Proga/OpenFold_codex/OpenFold3_project/data/raw/fireprot_upload/pdbs/1CSP.pdb
P32081,1CSP,A,21,E,K,0.154,E21K,21,/mnt/d/Proga/OpenFold_codex/OpenFold3_project/data/raw/fireprot_upload/pdbs/1CSP.pdb
P32081,1CSP,A,21,E,Q,0.33,E21Q,21,/mnt/d/Proga/OpenFold_codex/OpenFold3_project/data/raw/fireprot_upload/pdbs/1CSP.pdb
P32081,1CSP,A,24,D,K,0.4600000000000001,D24K,24,/mnt/d/Proga/OpenFold_codex/OpenFold3_project/data/raw/fireprot_upload/pdbs/1CSP.pdb
P32081,1CSP,A,24,D,N,0.6416666666666667,D24N,24,/mnt/d/Proga/OpenFold_codex/OpenFold3_project/data/raw/fireprot_upload/pdbs/1CSP.pdb
P32081,1CSP,A,25,D,K,1.2983333333333331,D25K,25,/mnt/d/Proga/OpenFold_codex/OpenFold3_project/data/raw/fireprot_upload/pdbs/1CSP.pdb
P32081,1CSP,A,25,D,Q,0.76,D25Q,25,/mnt/d/Proga/OpenFold_codex/OpenFold3_project/data/raw/fireprot_upload/pdbs/1CSP.pdb
P32081,1CSP,A,27,F,A,0.6679999999999999,F27A,27,/mnt/d/Proga/OpenFold_codex/OpenFold3_project/data/raw/fireprot_upload/pdbs/1CSP.pdb
P32081,1CSP,A,38,F,A,-0.2199999999999999,F38A,38,/mnt/d/Proga/OpenFold_codex/OpenFold3_project/data/raw/fireprot_upload/pdbs/1CSP.pdb
P32081,1CSP,A,39,K,E,0.178,K39E,39,/mnt/d/Proga/OpenFold_codex/OpenFold3_project/data/raw/fireprot_upload/pdbs/1CSP.pdb
P32081,1CSP,A,39,K,Q,0.0825,K39Q,39,/mnt/d/Proga/OpenFold_codex/OpenFold3_project/data/raw/fireprot_upload/pdbs/1CSP.pdb
P32081,1CSP,A,42,E,K,-0.1099999999999999,E42K,42,/mnt/d/Proga/OpenFold_codex/OpenFold3_project/data/raw/fireprot_upload/pdbs/1CSP.pdb
P32081,1CSP,A,42,E,Q,0.155,E42Q,42,/mnt/d/Proga/OpenFold_codex/OpenFold3_project/data/raw/fireprot_upload/pdbs/1CSP.pdb
P32081,1CSP,A,43,E,G,-2.8,E43G,43,/mnt/d/Proga/OpenFold_codex/OpenFold3_project/data/raw/fireprot_upload/pdbs/1CSP.pdb
P32081,1CSP,A,43,E,K,-0.24,E43K,43,/mnt/d/Proga/OpenFold_codex/OpenFold3_project/data/raw/fireprot_upload/pdbs/1CSP.pdb
P32081,1CSP,A,43,E,Q,-0.0775,E43Q,43,/mnt/d/Proga/OpenFold_codex/OpenFold3_project/data/raw/fireprot_upload/pdbs/1CSP.pdb
P32081,1CSP,A,43,E,S,-0.29,E43S,43,/mnt/d/Proga/OpenFold_codex/OpenFold3_project/data/raw/fireprot_upload/pdbs/1CSP.pdb
P32081,1CSP,A,46,A,E,0.0933333333333333,A46E,46,/mnt/d/Proga/OpenFold_codex/OpenFold3_project/data/raw/fireprot_upload/pdbs/1CSP.pdb
P32081,1CSP,A,46,A,K,-1.41,A46K,46,/mnt/d/Proga/OpenFold_codex/OpenFold3_project/data/raw/fireprot_upload/pdbs/1CSP.pdb
P32081,1CSP,A,46,A,L,-0.8,A46L,46,/mnt/d/Proga/OpenFold_codex/OpenFold3_project/data/raw/fireprot_upload/pdbs/1CSP.pdb
P32081,1CSP,A,48,S,E,-0.06,S48E,48,/mnt/d/Proga/OpenFold_codex/OpenFold3_project/data/raw/fireprot_upload/pdbs/1CSP.pdb
P32081,1CSP,A,48,S,K,-0.6733333333333333,S48K,48,/mnt/d/Proga/OpenFold_codex/OpenFold3_project/data/raw/fireprot_upload/pdbs/1CSP.pdb
P32081,1CSP,A,48,S,R,-1.58,S48R,48,/mnt/d/Proga/OpenFold_codex/OpenFold3_project/data/raw/fireprot_upload/pdbs/1CSP.pdb
P32081,1CSP,A,50,E,K,0.384,E50K,50,/mnt/d/Proga/OpenFold_codex/OpenFold3_project/data/raw/fireprot_upload/pdbs/1CSP.pdb
P32081,1CSP,A,50,E,Q,1.126,E50Q,50,/mnt/d/Proga/OpenFold_codex/OpenFold3_project/data/raw/fireprot_upload/pdbs/1CSP.pdb
P32081,1CSP,A,53,E,K,0.182,E53K,53,/mnt/d/Proga/OpenFold_codex/OpenFold3_project/data/raw/fireprot_upload/pdbs/1CSP.pdb
P32081,1CSP,A,53,E,Q,-0.2033333333333333,E53Q,53,/mnt/d/Proga/OpenFold_codex/OpenFold3_project/data/raw/fireprot_upload/pdbs/1CSP.pdb
P32081,1CSP,A,55,N,D,-0.4616666666666667,N55D,55,/mnt/d/Proga/OpenFold_codex/OpenFold3_project/data/raw/fireprot_upload/pdbs/1CSP.pdb
P32081,1CSP,A,55,N,K,0.05,N55K,55,/mnt/d/Proga/OpenFold_codex/OpenFold3_project/data/raw/fireprot_upload/pdbs/1CSP.pdb
P32081,1CSP,A,55,N,S,0.2,N55S,55,/mnt/d/Proga/OpenFold_codex/OpenFold3_project/data/raw/fireprot_upload/pdbs/1CSP.pdb
P32081,1CSP,A,56,R,Q,-0.2633333333333333,R56Q,56,/mnt/d/Proga/OpenFold_codex/OpenFold3_project/data/raw/fireprot_upload/pdbs/1CSP.pdb
P32081,1CSP,A,64,T,R,-1.1,T64R,64,/mnt/d/Proga/OpenFold_codex/OpenFold3_project/data/raw/fireprot_upload/pdbs/1CSP.pdb
P32081,1CSP,A,65,K,E,1.3927272727272728,K65E,65,/mnt/d/Proga/OpenFold_codex/OpenFold3_project/data/raw/fireprot_upload/pdbs/1CSP.pdb
P32081,1CSP,A,65,K,I,-1.53,K65I,65,/mnt/d/Proga/OpenFold_codex/OpenFold3_project/data/raw/fireprot_upload/pdbs/1CSP.pdb
P32081,1CSP,A,65,K,Q,0.5372727272727272,K65Q,65,/mnt/d/Proga/OpenFold_codex/OpenFold3_project/data/raw/fireprot_upload/pdbs/1CSP.pdb
P32081,1CSP,A,66,E,K,-2.17,E66K,66,/mnt/d/Proga/OpenFold_codex/OpenFold3_project/data/raw/fireprot_upload/pdbs/1CSP.pdb
P32081,1CSP,A,66,E,L,-1.634,E66L,66,/mnt/d/Proga/OpenFold_codex/OpenFold3_project/data/raw/fireprot_upload/pdbs/1CSP.pdb
P32081,1CSP,A,66,E,V,-1.7,E66V,66,/mnt/d/Proga/OpenFold_codex/OpenFold3_project/data/raw/fireprot_upload/pdbs/1CSP.pdb
P33665,1CHK,A,68,W,F,3.2375,W68F,28,/mnt/d/Proga/OpenFold_codex/OpenFold3_project/data/raw/fireprot_upload/pdbs/1CHK.pdb
P33665,1CHK,A,141,W,F,3.0666666666666664,W141F,101,/mnt/d/Proga/OpenFold_codex/OpenFold3_project/data/raw/fireprot_upload/pdbs/1CHK.pdb
P33665,1CHK,A,267,W,F,2.2725,W267F,227,/mnt/d/Proga/OpenFold_codex/OpenFold3_project/data/raw/fireprot_upload/pdbs/1CHK.pdb
P37001,1THQ,A,42,W,A,0.98,W42A,17,/mnt/d/Proga/OpenFold_codex/OpenFold3_project/data/raw/fireprot_upload/pdbs/1THQ.pdb
P37001,1THQ,A,48,Y,A,0.91,Y48A,23,/mnt/d/Proga/OpenFold_codex/OpenFold3_project/data/raw/fireprot_upload/pdbs/1THQ.pdb
P37001,1THQ,A,49,D,N,0.6,D49N,24,/mnt/d/Proga/OpenFold_codex/OpenFold3_project/data/raw/fireprot_upload/pdbs/1THQ.pdb
P37957,1ISP,A,46,A,S,-0.18,A46S,15,/mnt/d/Proga/OpenFold_codex/OpenFold3_project/data/raw/fireprot_upload/pdbs/1ISP.pdb
P37957,1ISP,A,48,F,T,-0.52,F48T,17,/mnt/d/Proga/OpenFold_codex/OpenFold3_project/data/raw/fireprot_upload/pdbs/1ISP.pdb
P37957,1ISP,A,64,R,P,-0.04,R64P,33,/mnt/d/Proga/OpenFold_codex/OpenFold3_project/data/raw/fireprot_upload/pdbs/1ISP.pdb
P37957,1ISP,A,78,T,S,-0.96,T78S,47,/mnt/d/Proga/OpenFold_codex/OpenFold3_project/data/raw/fireprot_upload/pdbs/1ISP.pdb
P37957,1ISP,A,111,G,S,-0.11,G111S,80,/mnt/d/Proga/OpenFold_codex/OpenFold3_project/data/raw/fireprot_upload/pdbs/1ISP.pdb
P37957,1ISP,A,140,T,V,-0.34,T140V,109,/mnt/d/Proga/OpenFold_codex/OpenFold3_project/data/raw/fireprot_upload/pdbs/1ISP.pdb
P37957,1ISP,A,145,L,P,-0.23,L145P,114,/mnt/d/Proga/OpenFold_codex/OpenFold3_project/data/raw/fireprot_upload/pdbs/1ISP.pdb
P37957,1ISP,A,163,A,D,0.41,A163D,132,/mnt/d/Proga/OpenFold_codex/OpenFold3_project/data/raw/fireprot_upload/pdbs/1ISP.pdb
P37957,1ISP,A,165,M,D,-0.16,M165D,134,/mnt/d/Proga/OpenFold_codex/OpenFold3_project/data/raw/fireprot_upload/pdbs/1ISP.pdb
P37957,1ISP,A,165,M,E,-1.4333333333333331,M165E,134,/mnt/d/Proga/OpenFold_codex/OpenFold3_project/data/raw/fireprot_upload/pdbs/1ISP.pdb
P37957,1ISP,A,165,M,R,-0.25,M165R,134,/mnt/d/Proga/OpenFold_codex/OpenFold3_project/data/raw/fireprot_upload/pdbs/1ISP.pdb
P37957,1ISP,A,168,M,P,-1.8133333333333328,M168P,137,/mnt/d/Proga/OpenFold_codex/OpenFold3_project/data/raw/fireprot_upload/pdbs/1ISP.pdb
P37957,1ISP,A,186,G,S,-1.05,G186S,155,/mnt/d/Proga/OpenFold_codex/OpenFold3_project/data/raw/fireprot_upload/pdbs/1ISP.pdb
P37957,1ISP,A,188,I,M,-0.55,I188M,157,/mnt/d/Proga/OpenFold_codex/OpenFold3_project/data/raw/fireprot_upload/pdbs/1ISP.pdb
P37957,1ISP,A,192,Y,N,0.09,Y192N,161,/mnt/d/Proga/OpenFold_codex/OpenFold3_project/data/raw/fireprot_upload/pdbs/1ISP.pdb
P37957,1ISP,A,194,S,P,1.175,S194P,163,/mnt/d/Proga/OpenFold_codex/OpenFold3_project/data/raw/fireprot_upload/pdbs/1ISP.pdb
P37957,1ISP,A,205,N,T,-0.36,N205T,174,/mnt/d/Proga/OpenFold_codex/OpenFold3_project/data/raw/fireprot_upload/pdbs/1ISP.pdb
P39060,1BNL,A,1647,D,A,3.89,D1647A,76,/mnt/d/Proga/OpenFold_codex/OpenFold3_project/data/raw/fireprot_upload/pdbs/1BNL.pdb
P42771,1A5E,A,15,W,D,-0.17,W15D,15,/mnt/d/Proga/OpenFold_codex/OpenFold3_project/data/raw/fireprot_upload/pdbs/1A5E.pdb
P42771,1A5E,A,37,L,S,-0.755,L37S,37,/mnt/d/Proga/OpenFold_codex/OpenFold3_project/data/raw/fireprot_upload/pdbs/1A5E.pdb
P42771,1A5E,A,121,L,R,-0.63,L121R,121,/mnt/d/Proga/OpenFold_codex/OpenFold3_project/data/raw/fireprot_upload/pdbs/1A5E.pdb
P61626,1LZ1,A,19,K,A,1.45,K19A,1,/mnt/d/Proga/OpenFold_codex/OpenFold3_project/data/raw/fireprot_upload/pdbs/1LZ1.pdb
P61626,1LZ1,A,19,K,M,0.76,K19M,1,/mnt/d/Proga/OpenFold_codex/OpenFold3_project/data/raw/fireprot_upload/pdbs/1LZ1.pdb
P61626,1LZ1,A,20,V,A,1.37,V20A,2,/mnt/d/Proga/OpenFold_codex/OpenFold3_project/data/raw/fireprot_upload/pdbs/1LZ1.pdb
P61626,1LZ1,A,20,V,D,1.115,V20D,2,/mnt/d/Proga/OpenFold_codex/OpenFold3_project/data/raw/fireprot_upload/pdbs/1LZ1.pdb
P61626,1LZ1,A,20,V,F,0.8300000000000001,V20F,2,/mnt/d/Proga/OpenFold_codex/OpenFold3_project/data/raw/fireprot_upload/pdbs/1LZ1.pdb
P61626,1LZ1,A,20,V,G,1.795,V20G,2,/mnt/d/Proga/OpenFold_codex/OpenFold3_project/data/raw/fireprot_upload/pdbs/1LZ1.pdb
P61626,1LZ1,A,20,V,I,-0.75,V20I,2,/mnt/d/Proga/OpenFold_codex/OpenFold3_project/data/raw/fireprot_upload/pdbs/1LZ1.pdb
P61626,1LZ1,A,20,V,L,0.15,V20L,2,/mnt/d/Proga/OpenFold_codex/OpenFold3_project/data/raw/fireprot_upload/pdbs/1LZ1.pdb
P61626,1LZ1,A,20,V,M,0.255,V20M,2,/mnt/d/Proga/OpenFold_codex/OpenFold3_project/data/raw/fireprot_upload/pdbs/1LZ1.pdb
P61626,1LZ1,A,20,V,N,1.07,V20N,2,/mnt/d/Proga/OpenFold_codex/OpenFold3_project/data/raw/fireprot_upload/pdbs/1LZ1.pdb
P61626,1LZ1,A,20,V,R,0.49,V20R,2,/mnt/d/Proga/OpenFold_codex/OpenFold3_project/data/raw/fireprot_upload/pdbs/1LZ1.pdb
P61626,1LZ1,A,20,V,S,1.105,V20S,2,/mnt/d/Proga/OpenFold_codex/OpenFold3_project/data/raw/fireprot_upload/pdbs/1LZ1.pdb
P61626,1LZ1,A,20,V,Y,0.98,V20Y,2,/mnt/d/Proga/OpenFold_codex/OpenFold3_project/data/raw/fireprot_upload/pdbs/1LZ1.pdb
P61626,1LZ1,A,25,E,Q,1.29,E25Q,7,/mnt/d/Proga/OpenFold_codex/OpenFold3_project/data/raw/fireprot_upload/pdbs/1LZ1.pdb
P61626,1LZ1,A,26,L,T,2.965,L26T,8,/mnt/d/Proga/OpenFold_codex/OpenFold3_project/data/raw/fireprot_upload/pdbs/1LZ1.pdb
P61626,1LZ1,A,27,A,S,0.11,A27S,9,/mnt/d/Proga/OpenFold_codex/OpenFold3_project/data/raw/fireprot_upload/pdbs/1LZ1.pdb
P61626,1LZ1,A,29,T,A,0.0,T29A,11,/mnt/d/Proga/OpenFold_codex/OpenFold3_project/data/raw/fireprot_upload/pdbs/1LZ1.pdb
P61626,1LZ1,A,29,T,V,-0.1,T29V,11,/mnt/d/Proga/OpenFold_codex/OpenFold3_project/data/raw/fireprot_upload/pdbs/1LZ1.pdb
P61626,1LZ1,A,34,G,A,1.545,G34A,16,/mnt/d/Proga/OpenFold_codex/OpenFold3_project/data/raw/fireprot_upload/pdbs/1LZ1.pdb
P61626,1LZ1,A,36,D,N,1.7,D36N,18,/mnt/d/Proga/OpenFold_codex/OpenFold3_project/data/raw/fireprot_upload/pdbs/1LZ1.pdb
P61626,1LZ1,A,37,G,A,1.1566666666666665,G37A,19,/mnt/d/Proga/OpenFold_codex/OpenFold3_project/data/raw/fireprot_upload/pdbs/1LZ1.pdb
P61626,1LZ1,A,37,G,Q,0.4,G37Q,19,/mnt/d/Proga/OpenFold_codex/OpenFold3_project/data/raw/fireprot_upload/pdbs/1LZ1.pdb
P61626,1LZ1,A,38,Y,A,2.8,Y38A,20,/mnt/d/Proga/OpenFold_codex/OpenFold3_project/data/raw/fireprot_upload/pdbs/1LZ1.pdb
P61626,1LZ1,A,38,Y,F,0.5,Y38F,20,/mnt/d/Proga/OpenFold_codex/OpenFold3_project/data/raw/fireprot_upload/pdbs/1LZ1.pdb
P61626,1LZ1,A,38,Y,G,2.5,Y38G,20,/mnt/d/Proga/OpenFold_codex/OpenFold3_project/data/raw/fireprot_upload/pdbs/1LZ1.pdb
P61626,1LZ1,A,39,R,A,-1.405,R39A,21,/mnt/d/Proga/OpenFold_codex/OpenFold3_project/data/raw/fireprot_upload/pdbs/1LZ1.pdb
P61626,1LZ1,A,39,R,G,-0.925,R39G,21,/mnt/d/Proga/OpenFold_codex/OpenFold3_project/data/raw/fireprot_upload/pdbs/1LZ1.pdb
P61626,1LZ1,A,40,G,A,2.645,G40A,22,/mnt/d/Proga/OpenFold_codex/OpenFold3_project/data/raw/fireprot_upload/pdbs/1LZ1.pdb
P61626,1LZ1,A,41,I,A,1.62,I41A,23,/mnt/d/Proga/OpenFold_codex/OpenFold3_project/data/raw/fireprot_upload/pdbs/1LZ1.pdb
P61626,1LZ1,A,41,I,V,0.3899999999999999,I41V,23,/mnt/d/Proga/OpenFold_codex/OpenFold3_project/data/raw/fireprot_upload/pdbs/1LZ1.pdb
P61626,1LZ1,A,42,S,A,0.5,S42A,24,/mnt/d/Proga/OpenFold_codex/OpenFold3_project/data/raw/fireprot_upload/pdbs/1LZ1.pdb
P61626,1LZ1,A,50,A,L,0.6000000000000001,A50L,32,/mnt/d/Proga/OpenFold_codex/OpenFold3_project/data/raw/fireprot_upload/pdbs/1LZ1.pdb
P61626,1LZ1,A,50,A,S,0.515,A50S,32,/mnt/d/Proga/OpenFold_codex/OpenFold3_project/data/raw/fireprot_upload/pdbs/1LZ1.pdb
P61626,1LZ1,A,53,E,L,0.615,E53L,35,/mnt/d/Proga/OpenFold_codex/OpenFold3_project/data/raw/fireprot_upload/pdbs/1LZ1.pdb
P61626,1LZ1,A,54,S,A,0.5,S54A,36,/mnt/d/Proga/OpenFold_codex/OpenFold3_project/data/raw/fireprot_upload/pdbs/1LZ1.pdb
P61626,1LZ1,A,55,G,A,0.29,G55A,37,/mnt/d/Proga/OpenFold_codex/OpenFold3_project/data/raw/fireprot_upload/pdbs/1LZ1.pdb
P61626,1LZ1,A,55,G,Q,0.86,G55Q,37,/mnt/d/Proga/OpenFold_codex/OpenFold3_project/data/raw/fireprot_upload/pdbs/1LZ1.pdb
P61626,1LZ1,A,56,Y,A,2.49,Y56A,38,/mnt/d/Proga/OpenFold_codex/OpenFold3_project/data/raw/fireprot_upload/pdbs/1LZ1.pdb
P61626,1LZ1,A,56,Y,F,0.19,Y56F,38,/mnt/d/Proga/OpenFold_codex/OpenFold3_project/data/raw/fireprot_upload/pdbs/1LZ1.pdb
P61626,1LZ1,A,56,Y,G,2.32,Y56G,38,/mnt/d/Proga/OpenFold_codex/OpenFold3_project/data/raw/fireprot_upload/pdbs/1LZ1.pdb
P61626,1LZ1,A,58,T,A,1.2,T58A,40,/mnt/d/Proga/OpenFold_codex/OpenFold3_project/data/raw/fireprot_upload/pdbs/1LZ1.pdb
P61626,1LZ1,A,58,T,V,1.0,T58V,40,/mnt/d/Proga/OpenFold_codex/OpenFold3_project/data/raw/fireprot_upload/pdbs/1LZ1.pdb
P61626,1LZ1,A,61,T,A,-0.2,T61A,43,/mnt/d/Proga/OpenFold_codex/OpenFold3_project/data/raw/fireprot_upload/pdbs/1LZ1.pdb
P61626,1LZ1,A,61,T,V,0.3,T61V,43,/mnt/d/Proga/OpenFold_codex/OpenFold3_project/data/raw/fireprot_upload/pdbs/1LZ1.pdb
P61626,1LZ1,A,63,Y,F,-0.4566666666666667,Y63F,45,/mnt/d/Proga/OpenFold_codex/OpenFold3_project/data/raw/fireprot_upload/pdbs/1LZ1.pdb
P61626,1LZ1,A,65,A,P,-1.1,A65P,47,/mnt/d/Proga/OpenFold_codex/OpenFold3_project/data/raw/fireprot_upload/pdbs/1LZ1.pdb
P61626,1LZ1,A,66,G,A,-0.975,G66A,48,/mnt/d/Proga/OpenFold_codex/OpenFold3_project/data/raw/fireprot_upload/pdbs/1LZ1.pdb
P61626,1LZ1,A,67,D,H,3.7,D67H,49,/mnt/d/Proga/OpenFold_codex/OpenFold3_project/data/raw/fireprot_upload/pdbs/1LZ1.pdb
P61626,1LZ1,A,67,D,N,1.0,D67N,49,/mnt/d/Proga/OpenFold_codex/OpenFold3_project/data/raw/fireprot_upload/pdbs/1LZ1.pdb
P61626,1LZ1,A,68,R,A,-0.515,R68A,50,/mnt/d/Proga/OpenFold_codex/OpenFold3_project/data/raw/fireprot_upload/pdbs/1LZ1.pdb
P61626,1LZ1,A,68,R,G,-0.53,R68G,50,/mnt/d/Proga/OpenFold_codex/OpenFold3_project/data/raw/fireprot_upload/pdbs/1LZ1.pdb
P61626,1LZ1,A,69,S,A,0.0,S69A,51,/mnt/d/Proga/OpenFold_codex/OpenFold3_project/data/raw/fireprot_upload/pdbs/1LZ1.pdb
P61626,1LZ1,A,70,T,A,0.0999999999999999,T70A,52,/mnt/d/Proga/OpenFold_codex/OpenFold3_project/data/raw/fireprot_upload/pdbs/1LZ1.pdb
P61626,1LZ1,A,70,T,V,0.5,T70V,52,/mnt/d/Proga/OpenFold_codex/OpenFold3_project/data/raw/fireprot_upload/pdbs/1LZ1.pdb
P61626,1LZ1,A,72,Y,F,0.96,Y72F,54,/mnt/d/Proga/OpenFold_codex/OpenFold3_project/data/raw/fireprot_upload/pdbs/1LZ1.pdb
P61626,1LZ1,A,74,I,A,3.236666666666667,I74A,56,/mnt/d/Proga/OpenFold_codex/OpenFold3_project/data/raw/fireprot_upload/pdbs/1LZ1.pdb
P61626,1LZ1,A,74,I,F,3.795,I74F,56,/mnt/d/Proga/OpenFold_codex/OpenFold3_project/data/raw/fireprot_upload/pdbs/1LZ1.pdb
P61626,1LZ1,A,74,I,L,0.25,I74L,56,/mnt/d/Proga/OpenFold_codex/OpenFold3_project/data/raw/fireprot_upload/pdbs/1LZ1.pdb
P61626,1LZ1,A,74,I,M,1.635,I74M,56,/mnt/d/Proga/OpenFold_codex/OpenFold3_project/data/raw/fireprot_upload/pdbs/1LZ1.pdb
P61626,1LZ1,A,74,I,T,6.67,I74T,56,/mnt/d/Proga/OpenFold_codex/OpenFold3_project/data/raw/fireprot_upload/pdbs/1LZ1.pdb
P61626,1LZ1,A,74,I,V,0.9325,I74V,56,/mnt/d/Proga/OpenFold_codex/OpenFold3_project/data/raw/fireprot_upload/pdbs/1LZ1.pdb
P61626,1LZ1,A,76,Q,A,-1.055,Q76A,58,/mnt/d/Proga/OpenFold_codex/OpenFold3_project/data/raw/fireprot_upload/pdbs/1LZ1.pdb
P61626,1LZ1,A,76,Q,G,-2.06,Q76G,58,/mnt/d/Proga/OpenFold_codex/OpenFold3_project/data/raw/fireprot_upload/pdbs/1LZ1.pdb
P61626,1LZ1,A,77,I,A,1.2260000000000002,I77A,59,/mnt/d/Proga/OpenFold_codex/OpenFold3_project/data/raw/fireprot_upload/pdbs/1LZ1.pdb
P61626,1LZ1,A,77,I,F,0.755,I77F,59,/mnt/d/Proga/OpenFold_codex/OpenFold3_project/data/raw/fireprot_upload/pdbs/1LZ1.pdb
P61626,1LZ1,A,77,I,G,3.2833333333333337,I77G,59,/mnt/d/Proga/OpenFold_codex/OpenFold3_project/data/raw/fireprot_upload/pdbs/1LZ1.pdb
P61626,1LZ1,A,77,I,L,-0.35,I77L,59,/mnt/d/Proga/OpenFold_codex/OpenFold3_project/data/raw/fireprot_upload/pdbs/1LZ1.pdb
P61626,1LZ1,A,77,I,M,1.045,I77M,59,/mnt/d/Proga/OpenFold_codex/OpenFold3_project/data/raw/fireprot_upload/pdbs/1LZ1.pdb
P61626,1LZ1,A,77,I,S,2.795,I77S,59,/mnt/d/Proga/OpenFold_codex/OpenFold3_project/data/raw/fireprot_upload/pdbs/1LZ1.pdb
P61626,1LZ1,A,77,I,T,1.61,I77T,59,/mnt/d/Proga/OpenFold_codex/OpenFold3_project/data/raw/fireprot_upload/pdbs/1LZ1.pdb
P61626,1LZ1,A,77,I,V,1.0575,I77V,59,/mnt/d/Proga/OpenFold_codex/OpenFold3_project/data/raw/fireprot_upload/pdbs/1LZ1.pdb
P61626,1LZ1,A,77,I,Y,3.49,I77Y,59,/mnt/d/Proga/OpenFold_codex/OpenFold3_project/data/raw/fireprot_upload/pdbs/1LZ1.pdb
P61626,1LZ1,A,79,S,A,0.5,S79A,61,/mnt/d/Proga/OpenFold_codex/OpenFold3_project/data/raw/fireprot_upload/pdbs/1LZ1.pdb
P61626,1LZ1,A,81,Y,F,0.24,Y81F,63,/mnt/d/Proga/OpenFold_codex/OpenFold3_project/data/raw/fireprot_upload/pdbs/1LZ1.pdb
P61626,1LZ1,A,85,D,H,4.54,D85H,67,/mnt/d/Proga/OpenFold_codex/OpenFold3_project/data/raw/fireprot_upload/pdbs/1LZ1.pdb
P61626,1LZ1,A,85,D,N,1.7,D85N,67,/mnt/d/Proga/OpenFold_codex/OpenFold3_project/data/raw/fireprot_upload/pdbs/1LZ1.pdb
P61626,1LZ1,A,86,G,A,0.56,G86A,68,/mnt/d/Proga/OpenFold_codex/OpenFold3_project/data/raw/fireprot_upload/pdbs/1LZ1.pdb
P61626,1LZ1,A,89,P,G,1.2,P89G,71,/mnt/d/Proga/OpenFold_codex/OpenFold3_project/data/raw/fireprot_upload/pdbs/1LZ1.pdb
P61626,1LZ1,A,90,G,A,0.3299999999999999,G90A,72,/mnt/d/Proga/OpenFold_codex/OpenFold3_project/data/raw/fireprot_upload/pdbs/1LZ1.pdb
P61626,1LZ1,A,92,V,A,0.3975,V92A,74,/mnt/d/Proga/OpenFold_codex/OpenFold3_project/data/raw/fireprot_upload/pdbs/1LZ1.pdb
P61626,1LZ1,A,92,V,D,0.715,V92D,74,/mnt/d/Proga/OpenFold_codex/OpenFold3_project/data/raw/fireprot_upload/pdbs/1LZ1.pdb
P61626,1LZ1,A,92,V,F,0.145,V92F,74,/mnt/d/Proga/OpenFold_codex/OpenFold3_project/data/raw/fireprot_upload/pdbs/1LZ1.pdb
P61626,1LZ1,A,92,V,G,0.22,V92G,74,/mnt/d/Proga/OpenFold_codex/OpenFold3_project/data/raw/fireprot_upload/pdbs/1LZ1.pdb
P61626,1LZ1,A,92,V,I,-1.175,V92I,74,/mnt/d/Proga/OpenFold_codex/OpenFold3_project/data/raw/fireprot_upload/pdbs/1LZ1.pdb
P61626,1LZ1,A,92,V,L,-0.295,V92L,74,/mnt/d/Proga/OpenFold_codex/OpenFold3_project/data/raw/fireprot_upload/pdbs/1LZ1.pdb
P61626,1LZ1,A,92,V,M,-0.55,V92M,74,/mnt/d/Proga/OpenFold_codex/OpenFold3_project/data/raw/fireprot_upload/pdbs/1LZ1.pdb
P61626,1LZ1,A,92,V,N,0.765,V92N,74,/mnt/d/Proga/OpenFold_codex/OpenFold3_project/data/raw/fireprot_upload/pdbs/1LZ1.pdb
P61626,1LZ1,A,92,V,R,0.735,V92R,74,/mnt/d/Proga/OpenFold_codex/OpenFold3_project/data/raw/fireprot_upload/pdbs/1LZ1.pdb
P61626,1LZ1,A,92,V,S,0.19,V92S,74,/mnt/d/Proga/OpenFold_codex/OpenFold3_project/data/raw/fireprot_upload/pdbs/1LZ1.pdb
P61626,1LZ1,A,92,V,Y,0.67,V92Y,74,/mnt/d/Proga/OpenFold_codex/OpenFold3_project/data/raw/fireprot_upload/pdbs/1LZ1.pdb
P61626,1LZ1,A,95,C,A,4.6,C95A,77,/mnt/d/Proga/OpenFold_codex/OpenFold3_project/data/raw/fireprot_upload/pdbs/1LZ1.pdb
P61626,1LZ1,A,96,H,A,0.6699999999999999,H96A,78,/mnt/d/Proga/OpenFold_codex/OpenFold3_project/data/raw/fireprot_upload/pdbs/1LZ1.pdb
P61626,1LZ1,A,96,H,G,0.53,H96G,78,/mnt/d/Proga/OpenFold_codex/OpenFold3_project/data/raw/fireprot_upload/pdbs/1LZ1.pdb
P61626,1LZ1,A,98,S,A,-0.8,S98A,80,/mnt/d/Proga/OpenFold_codex/OpenFold3_project/data/raw/fireprot_upload/pdbs/1LZ1.pdb
P61626,1LZ1,A,100,S,A,-1.0,S100A,82,/mnt/d/Proga/OpenFold_codex/OpenFold3_project/data/raw/fireprot_upload/pdbs/1LZ1.pdb
P61626,1LZ1,A,107,I,A,2.2,I107A,89,/mnt/d/Proga/OpenFold_codex/OpenFold3_project/data/raw/fireprot_upload/pdbs/1LZ1.pdb
P61626,1LZ1,A,107,I,V,0.4824999999999999,I107V,89,/mnt/d/Proga/OpenFold_codex/OpenFold3_project/data/raw/fireprot_upload/pdbs/1LZ1.pdb
P61626,1LZ1,A,109,D,P,0.8,D109P,91,/mnt/d/Proga/OpenFold_codex/OpenFold3_project/data/raw/fireprot_upload/pdbs/1LZ1.pdb
P61626,1LZ1,A,110,A,S,-1.505,A110S,92,/mnt/d/Proga/OpenFold_codex/OpenFold3_project/data/raw/fireprot_upload/pdbs/1LZ1.pdb
P61626,1LZ1,A,111,V,A,0.788,V111A,93,/mnt/d/Proga/OpenFold_codex/OpenFold3_project/data/raw/fireprot_upload/pdbs/1LZ1.pdb
P61626,1LZ1,A,111,V,T,0.7350000000000001,V111T,93,/mnt/d/Proga/OpenFold_codex/OpenFold3_project/data/raw/fireprot_upload/pdbs/1LZ1.pdb
P61626,1LZ1,A,114,A,M,-0.56,A114M,96,/mnt/d/Proga/OpenFold_codex/OpenFold3_project/data/raw/fireprot_upload/pdbs/1LZ1.pdb
P61626,1LZ1,A,114,A,S,1.0,A114S,96,/mnt/d/Proga/OpenFold_codex/OpenFold3_project/data/raw/fireprot_upload/pdbs/1LZ1.pdb
P61626,1LZ1,A,117,V,A,0.9425,V117A,99,/mnt/d/Proga/OpenFold_codex/OpenFold3_project/data/raw/fireprot_upload/pdbs/1LZ1.pdb
P61626,1LZ1,A,117,V,T,0.7,V117T,99,/mnt/d/Proga/OpenFold_codex/OpenFold3_project/data/raw/fireprot_upload/pdbs/1LZ1.pdb
P61626,1LZ1,A,118,V,A,0.6260000000000001,V118A,100,/mnt/d/Proga/OpenFold_codex/OpenFold3_project/data/raw/fireprot_upload/pdbs/1LZ1.pdb
P61626,1LZ1,A,118,V,F,2.025,V118F,100,/mnt/d/Proga/OpenFold_codex/OpenFold3_project/data/raw/fireprot_upload/pdbs/1LZ1.pdb
P61626,1LZ1,A,118,V,T,0.545,V118T,100,/mnt/d/Proga/OpenFold_codex/OpenFold3_project/data/raw/fireprot_upload/pdbs/1LZ1.pdb
P61626,1LZ1,A,120,D,N,-0.07,D120N,102,/mnt/d/Proga/OpenFold_codex/OpenFold3_project/data/raw/fireprot_upload/pdbs/1LZ1.pdb
P61626,1LZ1,A,121,P,G,0.0,P121G,103,/mnt/d/Proga/OpenFold_codex/OpenFold3_project/data/raw/fireprot_upload/pdbs/1LZ1.pdb
P61626,1LZ1,A,123,G,A,0.8600000000000001,G123A,105,/mnt/d/Proga/OpenFold_codex/OpenFold3_project/data/raw/fireprot_upload/pdbs/1LZ1.pdb
P61626,1LZ1,A,124,I,A,0.865,I124A,106,/mnt/d/Proga/OpenFold_codex/OpenFold3_project/data/raw/fireprot_upload/pdbs/1LZ1.pdb
P61626,1LZ1,A,124,I,V,0.95,I124V,106,/mnt/d/Proga/OpenFold_codex/OpenFold3_project/data/raw/fireprot_upload/pdbs/1LZ1.pdb
P61626,1LZ1,A,128,V,A,-0.4399999999999999,V128A,110,/mnt/d/Proga/OpenFold_codex/OpenFold3_project/data/raw/fireprot_upload/pdbs/1LZ1.pdb
P61626,1LZ1,A,128,V,D,-1.385,V128D,110,/mnt/d/Proga/OpenFold_codex/OpenFold3_project/data/raw/fireprot_upload/pdbs/1LZ1.pdb
P61626,1LZ1,A,128,V,F,0.6833333333333332,V128F,110,/mnt/d/Proga/OpenFold_codex/OpenFold3_project/data/raw/fireprot_upload/pdbs/1LZ1.pdb
P61626,1LZ1,A,128,V,G,-1.34,V128G,110,/mnt/d/Proga/OpenFold_codex/OpenFold3_project/data/raw/fireprot_upload/pdbs/1LZ1.pdb
P61626,1LZ1,A,128,V,I,-0.8300000000000001,V128I,110,/mnt/d/Proga/OpenFold_codex/OpenFold3_project/data/raw/fireprot_upload/pdbs/1LZ1.pdb
P61626,1LZ1,A,128,V,L,-0.07,V128L,110,/mnt/d/Proga/OpenFold_codex/OpenFold3_project/data/raw/fireprot_upload/pdbs/1LZ1.pdb
P61626,1LZ1,A,128,V,M,-0.415,V128M,110,/mnt/d/Proga/OpenFold_codex/OpenFold3_project/data/raw/fireprot_upload/pdbs/1LZ1.pdb
P61626,1LZ1,A,128,V,N,-0.285,V128N,110,/mnt/d/Proga/OpenFold_codex/OpenFold3_project/data/raw/fireprot_upload/pdbs/1LZ1.pdb
P61626,1LZ1,A,128,V,P,-2.4,V128P,110,/mnt/d/Proga/OpenFold_codex/OpenFold3_project/data/raw/fireprot_upload/pdbs/1LZ1.pdb
P61626,1LZ1,A,128,V,R,-1.24,V128R,110,/mnt/d/Proga/OpenFold_codex/OpenFold3_project/data/raw/fireprot_upload/pdbs/1LZ1.pdb
P61626,1LZ1,A,128,V,Y,0.47,V128Y,110,/mnt/d/Proga/OpenFold_codex/OpenFold3_project/data/raw/fireprot_upload/pdbs/1LZ1.pdb
P61626,1LZ1,A,136,N,A,-0.245,N136A,118,/mnt/d/Proga/OpenFold_codex/OpenFold3_project/data/raw/fireprot_upload/pdbs/1LZ1.pdb
P61626,1LZ1,A,136,N,G,-0.6166666666666667,N136G,118,/mnt/d/Proga/OpenFold_codex/OpenFold3_project/data/raw/fireprot_upload/pdbs/1LZ1.pdb
P61626,1LZ1,A,138,D,N,-0.05,D138N,120,/mnt/d/Proga/OpenFold_codex/OpenFold3_project/data/raw/fireprot_upload/pdbs/1LZ1.pdb
P61626,1LZ1,A,139,V,A,1.5379999999999998,V139A,121,/mnt/d/Proga/OpenFold_codex/OpenFold3_project/data/raw/fireprot_upload/pdbs/1LZ1.pdb
P61626,1LZ1,A,142,Y,F,0.2299999999999999,Y142F,124,/mnt/d/Proga/OpenFold_codex/OpenFold3_project/data/raw/fireprot_upload/pdbs/1LZ1.pdb
P61626,1LZ1,A,143,V,A,1.104,V143A,125,/mnt/d/Proga/OpenFold_codex/OpenFold3_project/data/raw/fireprot_upload/pdbs/1LZ1.pdb
P61626,1LZ1,A,145,G,A,0.575,G145A,127,/mnt/d/Proga/OpenFold_codex/OpenFold3_project/data/raw/fireprot_upload/pdbs/1LZ1.pdb
P61626,1LZ1,A,147,G,A,-0.52,G147A,129,/mnt/d/Proga/OpenFold_codex/OpenFold3_project/data/raw/fireprot_upload/pdbs/1LZ1.pdb
P61626,1LZ1,A,148,V,A,0.8719999999999999,V148A,130,/mnt/d/Proga/OpenFold_codex/OpenFold3_project/data/raw/fireprot_upload/pdbs/1LZ1.pdb
P61823,1KF2,A,30,A,S,0.4466666666666666,A30S,4,/mnt/d/Proga/OpenFold_codex/OpenFold3_project/data/raw/fireprot_upload/pdbs/1KF2.pdb
P61823,1KF2,A,31,A,S,0.0466666666666666,A31S,5,/mnt/d/Proga/OpenFold_codex/OpenFold3_project/data/raw/fireprot_upload/pdbs/1KF2.pdb
P61823,1KF2,A,72,F,A,6.36,F72A,46,/mnt/d/Proga/OpenFold_codex/OpenFold3_project/data/raw/fireprot_upload/pdbs/1KF2.pdb
P61823,1KF2,A,72,F,L,3.2,F72L,46,/mnt/d/Proga/OpenFold_codex/OpenFold3_project/data/raw/fireprot_upload/pdbs/1KF2.pdb
P61823,1KF2,A,72,F,V,4.52,F72V,46,/mnt/d/Proga/OpenFold_codex/OpenFold3_project/data/raw/fireprot_upload/pdbs/1KF2.pdb
P61823,1KF2,A,73,V,A,3.75,V73A,47,/mnt/d/Proga/OpenFold_codex/OpenFold3_project/data/raw/fireprot_upload/pdbs/1KF2.pdb
P61823,1KF2,A,73,V,G,7.34,V73G,47,/mnt/d/Proga/OpenFold_codex/OpenFold3_project/data/raw/fireprot_upload/pdbs/1KF2.pdb
P61823,1KF2,A,80,V,A,2.59,V80A,54,/mnt/d/Proga/OpenFold_codex/OpenFold3_project/data/raw/fireprot_upload/pdbs/1KF2.pdb
P61823,1KF2,A,80,V,G,4.885,V80G,54,/mnt/d/Proga/OpenFold_codex/OpenFold3_project/data/raw/fireprot_upload/pdbs/1KF2.pdb
P61823,1KF2,A,80,V,I,1.925,V80I,54,/mnt/d/Proga/OpenFold_codex/OpenFold3_project/data/raw/fireprot_upload/pdbs/1KF2.pdb
P61823,1KF2,A,80,V,L,1.0950000000000002,V80L,54,/mnt/d/Proga/OpenFold_codex/OpenFold3_project/data/raw/fireprot_upload/pdbs/1KF2.pdb
P61823,1KF2,A,83,V,A,2.875,V83A,57,/mnt/d/Proga/OpenFold_codex/OpenFold3_project/data/raw/fireprot_upload/pdbs/1KF2.pdb
P61823,1KF2,A,83,V,G,5.51,V83G,57,/mnt/d/Proga/OpenFold_codex/OpenFold3_project/data/raw/fireprot_upload/pdbs/1KF2.pdb
P61823,1KF2,A,83,V,I,1.3,V83I,57,/mnt/d/Proga/OpenFold_codex/OpenFold3_project/data/raw/fireprot_upload/pdbs/1KF2.pdb
P61823,1KF2,A,83,V,L,2.385,V83L,57,/mnt/d/Proga/OpenFold_codex/OpenFold3_project/data/raw/fireprot_upload/pdbs/1KF2.pdb
P61823,1KF2,A,89,V,A,2.01,V89A,63,/mnt/d/Proga/OpenFold_codex/OpenFold3_project/data/raw/fireprot_upload/pdbs/1KF2.pdb
P61823,1KF2,A,89,V,G,3.5,V89G,63,/mnt/d/Proga/OpenFold_codex/OpenFold3_project/data/raw/fireprot_upload/pdbs/1KF2.pdb
P61823,1KF2,A,90,A,G,0.415,A90G,64,/mnt/d/Proga/OpenFold_codex/OpenFold3_project/data/raw/fireprot_upload/pdbs/1KF2.pdb
P61823,1KF2,A,93,N,D,-0.6,N93D,67,/mnt/d/Proga/OpenFold_codex/OpenFold3_project/data/raw/fireprot_upload/pdbs/1KF2.pdb
P61823,1KF2,A,101,S,A,2.5,S101A,75,/mnt/d/Proga/OpenFold_codex/OpenFold3_project/data/raw/fireprot_upload/pdbs/1KF2.pdb
P61823,1KF2,A,101,S,T,2.8,S101T,75,/mnt/d/Proga/OpenFold_codex/OpenFold3_project/data/raw/fireprot_upload/pdbs/1KF2.pdb
P61823,1KF2,A,107,I,A,2.9225000000000003,I107A,81,/mnt/d/Proga/OpenFold_codex/OpenFold3_project/data/raw/fireprot_upload/pdbs/1KF2.pdb
P61823,1KF2,A,107,I,G,4.8,I107G,81,/mnt/d/Proga/OpenFold_codex/OpenFold3_project/data/raw/fireprot_upload/pdbs/1KF2.pdb
P61823,1KF2,A,107,I,L,2.2,I107L,81,/mnt/d/Proga/OpenFold_codex/OpenFold3_project/data/raw/fireprot_upload/pdbs/1KF2.pdb
P61823,1KF2,A,107,I,V,0.31,I107V,81,/mnt/d/Proga/OpenFold_codex/OpenFold3_project/data/raw/fireprot_upload/pdbs/1KF2.pdb
P61823,1KF2,A,119,P,A,2.7,P119A,93,/mnt/d/Proga/OpenFold_codex/OpenFold3_project/data/raw/fireprot_upload/pdbs/1KF2.pdb
P61823,1KF2,A,119,P,G,2.4000000000000004,P119G,93,/mnt/d/Proga/OpenFold_codex/OpenFold3_project/data/raw/fireprot_upload/pdbs/1KF2.pdb
P61823,1KF2,A,119,P,S,2.1,P119S,93,/mnt/d/Proga/OpenFold_codex/OpenFold3_project/data/raw/fireprot_upload/pdbs/1KF2.pdb
P61823,1KF2,A,123,Y,F,3.52,Y123F,97,/mnt/d/Proga/OpenFold_codex/OpenFold3_project/data/raw/fireprot_upload/pdbs/1KF2.pdb
P61823,1KF2,A,132,I,A,4.385,I132A,106,/mnt/d/Proga/OpenFold_codex/OpenFold3_project/data/raw/fireprot_upload/pdbs/1KF2.pdb
P61823,1KF2,A,132,I,L,1.795,I132L,106,/mnt/d/Proga/OpenFold_codex/OpenFold3_project/data/raw/fireprot_upload/pdbs/1KF2.pdb
P61823,1KF2,A,132,I,V,0.8,I132V,106,/mnt/d/Proga/OpenFold_codex/OpenFold3_project/data/raw/fireprot_upload/pdbs/1KF2.pdb
P61823,1KF2,A,133,I,A,2.84,I133A,107,/mnt/d/Proga/OpenFold_codex/OpenFold3_project/data/raw/fireprot_upload/pdbs/1KF2.pdb
P61823,1KF2,A,133,I,L,2.19,I133L,107,/mnt/d/Proga/OpenFold_codex/OpenFold3_project/data/raw/fireprot_upload/pdbs/1KF2.pdb
P61823,1KF2,A,133,I,V,0.08,I133V,107,/mnt/d/Proga/OpenFold_codex/OpenFold3_project/data/raw/fireprot_upload/pdbs/1KF2.pdb
P61823,1KF2,A,134,V,A,4.2,V134A,108,/mnt/d/Proga/OpenFold_codex/OpenFold3_project/data/raw/fireprot_upload/pdbs/1KF2.pdb
P61823,1KF2,A,134,V,G,7.28,V134G,108,/mnt/d/Proga/OpenFold_codex/OpenFold3_project/data/raw/fireprot_upload/pdbs/1KF2.pdb
P61823,1KF2,A,134,V,I,0.415,V134I,108,/mnt/d/Proga/OpenFold_codex/OpenFold3_project/data/raw/fireprot_upload/pdbs/1KF2.pdb
P61823,1KF2,A,134,V,L,0.7,V134L,108,/mnt/d/Proga/OpenFold_codex/OpenFold3_project/data/raw/fireprot_upload/pdbs/1KF2.pdb
P61823,1KF2,A,135,A,G,0.415,A135G,109,/mnt/d/Proga/OpenFold_codex/OpenFold3_project/data/raw/fireprot_upload/pdbs/1KF2.pdb
P61823,1KF2,A,140,P,A,3.2,P140A,114,/mnt/d/Proga/OpenFold_codex/OpenFold3_project/data/raw/fireprot_upload/pdbs/1KF2.pdb
P61823,1KF2,A,140,P,G,3.45,P140G,114,/mnt/d/Proga/OpenFold_codex/OpenFold3_project/data/raw/fireprot_upload/pdbs/1KF2.pdb
P61823,1KF2,A,142,V,A,0.6799999999999999,V142A,116,/mnt/d/Proga/OpenFold_codex/OpenFold3_project/data/raw/fireprot_upload/pdbs/1KF2.pdb
P61823,1KF2,A,142,V,G,1.19,V142G,116,/mnt/d/Proga/OpenFold_codex/OpenFold3_project/data/raw/fireprot_upload/pdbs/1KF2.pdb
P61823,1KF2,A,144,V,A,1.91,V144A,118,/mnt/d/Proga/OpenFold_codex/OpenFold3_project/data/raw/fireprot_upload/pdbs/1KF2.pdb
P61823,1KF2,A,144,V,G,2.785,V144G,118,/mnt/d/Proga/OpenFold_codex/OpenFold3_project/data/raw/fireprot_upload/pdbs/1KF2.pdb
P61823,1KF2,A,145,H,A,-0.2,H145A,119,/mnt/d/Proga/OpenFold_codex/OpenFold3_project/data/raw/fireprot_upload/pdbs/1KF2.pdb
P61823,1KF2,A,147,D,A,2.2,D147A,121,/mnt/d/Proga/OpenFold_codex/OpenFold3_project/data/raw/fireprot_upload/pdbs/1KF2.pdb
P61823,1KF2,A,147,D,N,1.9,D147N,121,/mnt/d/Proga/OpenFold_codex/OpenFold3_project/data/raw/fireprot_upload/pdbs/1KF2.pdb
P61823,1KF2,A,149,S,A,-0.7699999999999999,S149A,123,/mnt/d/Proga/OpenFold_codex/OpenFold3_project/data/raw/fireprot_upload/pdbs/1KF2.pdb
P61991,1SSO,A,30,I,V,0.4,I30V,29,/mnt/d/Proga/OpenFold_codex/OpenFold3_project/data/raw/fireprot_upload/pdbs/1SSO.pdb
P62593,1ZG4,A,75,C,S,2.2533333333333334,C75S,77,/mnt/d/Proga/OpenFold_codex/OpenFold3_project/data/raw/fireprot_upload/pdbs/1ZG4.pdb
P62593,1ZG4,A,102,E,K,-0.6,E102K,104,/mnt/d/Proga/OpenFold_codex/OpenFold3_project/data/raw/fireprot_upload/pdbs/1ZG4.pdb
P62593,1ZG4,A,162,R,H,0.2,R162H,164,/mnt/d/Proga/OpenFold_codex/OpenFold3_project/data/raw/fireprot_upload/pdbs/1ZG4.pdb
P62593,1ZG4,A,162,R,S,0.6,R162S,164,/mnt/d/Proga/OpenFold_codex/OpenFold3_project/data/raw/fireprot_upload/pdbs/1ZG4.pdb
P62593,1ZG4,A,233,S,A,-0.6,S233A,235,/mnt/d/Proga/OpenFold_codex/OpenFold3_project/data/raw/fireprot_upload/pdbs/1ZG4.pdb
P62593,1ZG4,A,236,G,S,1.2,G236S,238,/mnt/d/Proga/OpenFold_codex/OpenFold3_project/data/raw/fireprot_upload/pdbs/1ZG4.pdb
P63159,1HME,A,121,S,H,1.6833333333333331,S121H,33,/mnt/d/Proga/OpenFold_codex/OpenFold3_project/data/raw/fireprot_upload/pdbs/1HME.pdb
P63159,1HME,A,122,I,H,0.91,I122H,34,/mnt/d/Proga/OpenFold_codex/OpenFold3_project/data/raw/fireprot_upload/pdbs/1HME.pdb
P63159,1HME,A,123,G,H,-0.0099999999999999,G123H,35,/mnt/d/Proga/OpenFold_codex/OpenFold3_project/data/raw/fireprot_upload/pdbs/1HME.pdb
P63159,1HME,A,135,N,H,-0.3,N135H,47,/mnt/d/Proga/OpenFold_codex/OpenFold3_project/data/raw/fireprot_upload/pdbs/1HME.pdb
P69441,1ANK,A,84,D,H,1.4,D84H,84,/mnt/d/Proga/OpenFold_codex/OpenFold3_project/data/raw/fireprot_upload/pdbs/1ANK.pdb
P69441,1ANK,A,85,G,V,2.4,G85V,85,/mnt/d/Proga/OpenFold_codex/OpenFold3_project/data/raw/fireprot_upload/pdbs/1ANK.pdb
P69441,1ANK,A,86,F,L,0.8,F86L,86,/mnt/d/Proga/OpenFold_codex/OpenFold3_project/data/raw/fireprot_upload/pdbs/1ANK.pdb
P69441,1ANK,A,88,R,G,0.15,R88G,88,/mnt/d/Proga/OpenFold_codex/OpenFold3_project/data/raw/fireprot_upload/pdbs/1ANK.pdb
Q08012,2A36,A,22,T,A,-0.4,T22A,22,/mnt/d/Proga/OpenFold_codex/OpenFold3_project/data/raw/fireprot_upload/pdbs/2A36.pdb
Q08012,2A36,A,22,T,D,-1.5,T22D,22,/mnt/d/Proga/OpenFold_codex/OpenFold3_project/data/raw/fireprot_upload/pdbs/2A36.pdb
Q08012,2A36,A,22,T,F,-1.3,T22F,22,/mnt/d/Proga/OpenFold_codex/OpenFold3_project/data/raw/fireprot_upload/pdbs/2A36.pdb
Q08012,2A36,A,22,T,G,-3.6,T22G,22,/mnt/d/Proga/OpenFold_codex/OpenFold3_project/data/raw/fireprot_upload/pdbs/2A36.pdb
Q08012,2A36,A,22,T,K,0.0,T22K,22,/mnt/d/Proga/OpenFold_codex/OpenFold3_project/data/raw/fireprot_upload/pdbs/2A36.pdb
Q08012,2A36,A,22,T,L,-0.5,T22L,22,/mnt/d/Proga/OpenFold_codex/OpenFold3_project/data/raw/fireprot_upload/pdbs/2A36.pdb
Q08012,2A36,A,22,T,N,-1.3,T22N,22,/mnt/d/Proga/OpenFold_codex/OpenFold3_project/data/raw/fireprot_upload/pdbs/2A36.pdb
Q08012,2A36,A,22,T,S,-0.6,T22S,22,/mnt/d/Proga/OpenFold_codex/OpenFold3_project/data/raw/fireprot_upload/pdbs/2A36.pdb
Q51912,1HZ6,A,113,V,A,1.3,V113A,4,/mnt/d/Proga/OpenFold_codex/OpenFold3_project/data/raw/fireprot_upload/pdbs/1HZ6.pdb
Q51912,1HZ6,A,114,T,A,1.8,T114A,5,/mnt/d/Proga/OpenFold_codex/OpenFold3_project/data/raw/fireprot_upload/pdbs/1HZ6.pdb
Q51912,1HZ6,A,115,I,A,4.5,I115A,6,/mnt/d/Proga/OpenFold_codex/OpenFold3_project/data/raw/fireprot_upload/pdbs/1HZ6.pdb
Q51912,1HZ6,A,115,I,V,0.6,I115V,6,/mnt/d/Proga/OpenFold_codex/OpenFold3_project/data/raw/fireprot_upload/pdbs/1HZ6.pdb
Q51912,1HZ6,A,116,K,A,0.9,K116A,7,/mnt/d/Proga/OpenFold_codex/OpenFold3_project/data/raw/fireprot_upload/pdbs/1HZ6.pdb
Q51912,1HZ6,A,117,A,G,2.4,A117G,8,/mnt/d/Proga/OpenFold_codex/OpenFold3_project/data/raw/fireprot_upload/pdbs/1HZ6.pdb
Q51912,1HZ6,A,118,N,A,1.8,N118A,9,/mnt/d/Proga/OpenFold_codex/OpenFold3_project/data/raw/fireprot_upload/pdbs/1HZ6.pdb
Q51912,1HZ6,A,119,L,A,2.7,L119A,10,/mnt/d/Proga/OpenFold_codex/OpenFold3_project/data/raw/fireprot_upload/pdbs/1HZ6.pdb
Q51912,1HZ6,A,120,I,A,1.3,I120A,11,/mnt/d/Proga/OpenFold_codex/OpenFold3_project/data/raw/fireprot_upload/pdbs/1HZ6.pdb
Q51912,1HZ6,A,120,I,V,0.4,I120V,11,/mnt/d/Proga/OpenFold_codex/OpenFold3_project/data/raw/fireprot_upload/pdbs/1HZ6.pdb
Q51912,1HZ6,A,121,F,A,2.9,F121A,12,/mnt/d/Proga/OpenFold_codex/OpenFold3_project/data/raw/fireprot_upload/pdbs/1HZ6.pdb
Q51912,1HZ6,A,121,F,L,0.6,F121L,12,/mnt/d/Proga/OpenFold_codex/OpenFold3_project/data/raw/fireprot_upload/pdbs/1HZ6.pdb
Q51912,1HZ6,A,122,A,P,0.1,A122P,13,/mnt/d/Proga/OpenFold_codex/OpenFold3_project/data/raw/fireprot_upload/pdbs/1HZ6.pdb
Q51912,1HZ6,A,122,A,V,1.1,A122V,13,/mnt/d/Proga/OpenFold_codex/OpenFold3_project/data/raw/fireprot_upload/pdbs/1HZ6.pdb
Q51912,1HZ6,A,123,N,A,1.7,N123A,14,/mnt/d/Proga/OpenFold_codex/OpenFold3_project/data/raw/fireprot_upload/pdbs/1HZ6.pdb
Q51912,1HZ6,A,124,G,A,1.6,G124A,15,/mnt/d/Proga/OpenFold_codex/OpenFold3_project/data/raw/fireprot_upload/pdbs/1HZ6.pdb
Q51912,1HZ6,A,124,G,V,2.7,G124V,15,/mnt/d/Proga/OpenFold_codex/OpenFold3_project/data/raw/fireprot_upload/pdbs/1HZ6.pdb
Q51912,1HZ6,A,125,S,A,0.2,S125A,16,/mnt/d/Proga/OpenFold_codex/OpenFold3_project/data/raw/fireprot_upload/pdbs/1HZ6.pdb
Q51912,1HZ6,A,126,T,A,1.2,T126A,17,/mnt/d/Proga/OpenFold_codex/OpenFold3_project/data/raw/fireprot_upload/pdbs/1HZ6.pdb
Q51912,1HZ6,A,128,T,A,1.0,T128A,19,/mnt/d/Proga/OpenFold_codex/OpenFold3_project/data/raw/fireprot_upload/pdbs/1HZ6.pdb
Q51912,1HZ6,A,129,A,G,2.1,A129G,20,/mnt/d/Proga/OpenFold_codex/OpenFold3_project/data/raw/fireprot_upload/pdbs/1HZ6.pdb
Q51912,1HZ6,A,129,A,V,-1.1,A129V,20,/mnt/d/Proga/OpenFold_codex/OpenFold3_project/data/raw/fireprot_upload/pdbs/1HZ6.pdb
Q51912,1HZ6,A,130,E,A,0.7,E130A,21,/mnt/d/Proga/OpenFold_codex/OpenFold3_project/data/raw/fireprot_upload/pdbs/1HZ6.pdb
Q51912,1HZ6,A,131,F,A,5.2,F131A,22,/mnt/d/Proga/OpenFold_codex/OpenFold3_project/data/raw/fireprot_upload/pdbs/1HZ6.pdb
Q51912,1HZ6,A,131,F,L,3.3,F131L,22,/mnt/d/Proga/OpenFold_codex/OpenFold3_project/data/raw/fireprot_upload/pdbs/1HZ6.pdb
Q51912,1HZ6,A,132,K,A,0.9,K132A,23,/mnt/d/Proga/OpenFold_codex/OpenFold3_project/data/raw/fireprot_upload/pdbs/1HZ6.pdb
Q51912,1HZ6,A,133,G,A,1.9,G133A,24,/mnt/d/Proga/OpenFold_codex/OpenFold3_project/data/raw/fireprot_upload/pdbs/1HZ6.pdb
Q51912,1HZ6,A,134,T,A,1.1,T134A,25,/mnt/d/Proga/OpenFold_codex/OpenFold3_project/data/raw/fireprot_upload/pdbs/1HZ6.pdb
Q51912,1HZ6,A,135,F,G,3.1,F135G,26,/mnt/d/Proga/OpenFold_codex/OpenFold3_project/data/raw/fireprot_upload/pdbs/1HZ6.pdb
Q51912,1HZ6,A,135,F,L,0.4,F135L,26,/mnt/d/Proga/OpenFold_codex/OpenFold3_project/data/raw/fireprot_upload/pdbs/1HZ6.pdb
Q51912,1HZ6,A,137,K,G,0.0,K137G,28,/mnt/d/Proga/OpenFold_codex/OpenFold3_project/data/raw/fireprot_upload/pdbs/1HZ6.pdb
Q51912,1HZ6,A,138,A,G,2.5,A138G,29,/mnt/d/Proga/OpenFold_codex/OpenFold3_project/data/raw/fireprot_upload/pdbs/1HZ6.pdb
Q51912,1HZ6,A,139,T,A,1.2,T139A,30,/mnt/d/Proga/OpenFold_codex/OpenFold3_project/data/raw/fireprot_upload/pdbs/1HZ6.pdb
Q51912,1HZ6,A,140,S,A,-0.3,S140A,31,/mnt/d/Proga/OpenFold_codex/OpenFold3_project/data/raw/fireprot_upload/pdbs/1HZ6.pdb
Q51912,1HZ6,A,140,S,G,0.8,S140G,31,/mnt/d/Proga/OpenFold_codex/OpenFold3_project/data/raw/fireprot_upload/pdbs/1HZ6.pdb
Q51912,1HZ6,A,155,E,A,0.2,E155A,32,/mnt/d/Proga/OpenFold_codex/OpenFold3_project/data/raw/fireprot_upload/pdbs/1HZ6.pdb
Q51912,1HZ6,A,161,A,G,0.6,A161G,33,/mnt/d/Proga/OpenFold_codex/OpenFold3_project/data/raw/fireprot_upload/pdbs/1HZ6.pdb
Q51912,1HZ6,A,165,Y,A,1.5,Y165A,34,/mnt/d/Proga/OpenFold_codex/OpenFold3_project/data/raw/fireprot_upload/pdbs/1HZ6.pdb
Q51912,1HZ6,A,165,Y,L,-0.4,Y165L,34,/mnt/d/Proga/OpenFold_codex/OpenFold3_project/data/raw/fireprot_upload/pdbs/1HZ6.pdb
Q9H782,1UZC,A,390,W,F,0.25,W390F,11,/mnt/d/Proga/OpenFold_codex/OpenFold3_project/data/raw/fireprot_upload/pdbs/1UZC.pdb
Q9H782,1UZC,A,392,T,A,1.0,T392A,13,/mnt/d/Proga/OpenFold_codex/OpenFold3_project/data/raw/fireprot_upload/pdbs/1UZC.pdb
Q9H782,1UZC,A,392,T,S,-0.1,T392S,13,/mnt/d/Proga/OpenFold_codex/OpenFold3_project/data/raw/fireprot_upload/pdbs/1UZC.pdb
Q9H782,1UZC,A,394,E,A,0.35,E394A,15,/mnt/d/Proga/OpenFold_codex/OpenFold3_project/data/raw/fireprot_upload/pdbs/1UZC.pdb
Q9H782,1UZC,A,394,E,G,1.0,E394G,15,/mnt/d/Proga/OpenFold_codex/OpenFold3_project/data/raw/fireprot_upload/pdbs/1UZC.pdb
Q9H782,1UZC,A,396,A,G,0.6499999999999999,A396G,17,/mnt/d/Proga/OpenFold_codex/OpenFold3_project/data/raw/fireprot_upload/pdbs/1UZC.pdb
Q9H782,1UZC,A,398,Q,A,0.15,Q398A,19,/mnt/d/Proga/OpenFold_codex/OpenFold3_project/data/raw/fireprot_upload/pdbs/1UZC.pdb
Q9H782,1UZC,A,398,Q,G,1.25,Q398G,19,/mnt/d/Proga/OpenFold_codex/OpenFold3_project/data/raw/fireprot_upload/pdbs/1UZC.pdb
Q9H782,1UZC,A,399,A,G,2.35,A399G,20,/mnt/d/Proga/OpenFold_codex/OpenFold3_project/data/raw/fireprot_upload/pdbs/1UZC.pdb
Q9H782,1UZC,A,403,L,A,1.0,L403A,24,/mnt/d/Proga/OpenFold_codex/OpenFold3_project/data/raw/fireprot_upload/pdbs/1UZC.pdb
Q9H782,1UZC,A,405,K,A,-0.1,K405A,26,/mnt/d/Proga/OpenFold_codex/OpenFold3_project/data/raw/fireprot_upload/pdbs/1UZC.pdb
Q9H782,1UZC,A,405,K,G,0.75,K405G,26,/mnt/d/Proga/OpenFold_codex/OpenFold3_project/data/raw/fireprot_upload/pdbs/1UZC.pdb
Q9H782,1UZC,A,406,E,A,0.6,E406A,27,/mnt/d/Proga/OpenFold_codex/OpenFold3_project/data/raw/fireprot_upload/pdbs/1UZC.pdb
Q9H782,1UZC,A,406,E,G,1.6,E406G,27,/mnt/d/Proga/OpenFold_codex/OpenFold3_project/data/raw/fireprot_upload/pdbs/1UZC.pdb
Q9H782,1UZC,A,409,V,A,3.3,V409A,30,/mnt/d/Proga/OpenFold_codex/OpenFold3_project/data/raw/fireprot_upload/pdbs/1UZC.pdb
Q9H782,1UZC,A,410,P,G,1.1,P410G,31,/mnt/d/Proga/OpenFold_codex/OpenFold3_project/data/raw/fireprot_upload/pdbs/1UZC.pdb
Q9H782,1UZC,A,411,S,A,0.0,S411A,32,/mnt/d/Proga/OpenFold_codex/OpenFold3_project/data/raw/fireprot_upload/pdbs/1UZC.pdb
Q9H782,1UZC,A,412,N,G,0.4,N412G,33,/mnt/d/Proga/OpenFold_codex/OpenFold3_project/data/raw/fireprot_upload/pdbs/1UZC.pdb
Q9H782,1UZC,A,414,S,A,1.0,S414A,35,/mnt/d/Proga/OpenFold_codex/OpenFold3_project/data/raw/fireprot_upload/pdbs/1UZC.pdb
Q9H782,1UZC,A,415,W,F,-0.4499999999999999,W415F,36,/mnt/d/Proga/OpenFold_codex/OpenFold3_project/data/raw/fireprot_upload/pdbs/1UZC.pdb
Q9H782,1UZC,A,417,Q,A,0.35,Q417A,38,/mnt/d/Proga/OpenFold_codex/OpenFold3_project/data/raw/fireprot_upload/pdbs/1UZC.pdb
Q9H782,1UZC,A,417,Q,G,1.6,Q417G,38,/mnt/d/Proga/OpenFold_codex/OpenFold3_project/data/raw/fireprot_upload/pdbs/1UZC.pdb
Q9H782,1UZC,A,418,A,G,1.9,A418G,39,/mnt/d/Proga/OpenFold_codex/OpenFold3_project/data/raw/fireprot_upload/pdbs/1UZC.pdb
Q9H782,1UZC,A,421,M,A,1.5,M421A,42,/mnt/d/Proga/OpenFold_codex/OpenFold3_project/data/raw/fireprot_upload/pdbs/1UZC.pdb
Q9H782,1UZC,A,422,I,V,1.25,I422V,43,/mnt/d/Proga/OpenFold_codex/OpenFold3_project/data/raw/fireprot_upload/pdbs/1UZC.pdb
Q9H782,1UZC,A,423,I,A,0.15,I423A,44,/mnt/d/Proga/OpenFold_codex/OpenFold3_project/data/raw/fireprot_upload/pdbs/1UZC.pdb
Q9H782,1UZC,A,423,I,G,0.35,I423G,44,/mnt/d/Proga/OpenFold_codex/OpenFold3_project/data/raw/fireprot_upload/pdbs/1UZC.pdb
Q9H782,1UZC,A,423,I,V,0.3,I423V,44,/mnt/d/Proga/OpenFold_codex/OpenFold3_project/data/raw/fireprot_upload/pdbs/1UZC.pdb
Q9H782,1UZC,A,425,D,N,2.4,D425N,46,/mnt/d/Proga/OpenFold_codex/OpenFold3_project/data/raw/fireprot_upload/pdbs/1UZC.pdb
Q9H782,1UZC,A,426,P,G,0.9,P426G,47,/mnt/d/Proga/OpenFold_codex/OpenFold3_project/data/raw/fireprot_upload/pdbs/1UZC.pdb
Q9H782,1UZC,A,428,Y,A,2.55,Y428A,49,/mnt/d/Proga/OpenFold_codex/OpenFold3_project/data/raw/fireprot_upload/pdbs/1UZC.pdb
Q9H782,1UZC,A,428,Y,F,0.3,Y428F,49,/mnt/d/Proga/OpenFold_codex/OpenFold3_project/data/raw/fireprot_upload/pdbs/1UZC.pdb
Q9H782,1UZC,A,429,S,A,0.1,S429A,50,/mnt/d/Proga/OpenFold_codex/OpenFold3_project/data/raw/fireprot_upload/pdbs/1UZC.pdb
Q9H782,1UZC,A,429,S,G,0.05,S429G,50,/mnt/d/Proga/OpenFold_codex/OpenFold3_project/data/raw/fireprot_upload/pdbs/1UZC.pdb
Q9H782,1UZC,A,432,A,G,0.3,A432G,51,/mnt/d/Proga/OpenFold_codex/OpenFold3_project/data/raw/fireprot_upload/pdbs/1UZC.pdb
Q9REI6,1KFW,A,130,G,P,-0.5,G130P,92,/mnt/d/Proga/OpenFold_codex/OpenFold3_project/data/raw/fireprot_upload/pdbs/1KFW.pdb
Q9REI6,1KFW,A,235,N,K,-0.81,N235K,197,/mnt/d/Proga/OpenFold_codex/OpenFold3_project/data/raw/fireprot_upload/pdbs/1KFW.pdb
Q9REI6,1KFW,A,291,G,P,0.675,G291P,253,/mnt/d/Proga/OpenFold_codex/OpenFold3_project/data/raw/fireprot_upload/pdbs/1KFW.pdb
Q9REI6,1KFW,A,443,G,Q,-0.62,G443Q,405,/mnt/d/Proga/OpenFold_codex/OpenFold3_project/data/raw/fireprot_upload/pdbs/1KFW.pdb
